2.58,0.00041604412,1.55,0.999584,0.0,04,04
1.82,0.9928141,2.06,0.007185844,1.0,04,04
1.79,0.9914008,2.1,0.008599207,1.0,04,04
2.59,0.00020643881,1.55,0.9997936,0.0,04,04
1.58,0.99601513,2.52,0.003984879,1.0,04,04
2.68,1.1003429e-05,1.51,0.99998903,0.0,04,04
1.84,0.006852226,2.03,0.9931478,0.0,04,04
1.53,0.0007214909,2.61,0.9992785,0.0,04,04
2.24,7.511937e-05,1.7,0.9999249,0.0,04,04
2.25,0.0010026151,1.71,0.9989974,0.0,04,04
2.08,6.501378e-05,1.82,0.99993503,0.0,04,05
1.83,0.0009003099,2.06,0.99909973,0.0,04,05
2.1,0.49496695,1.79,0.50503296,0.0,04,05
1.89,0.97822034,1.97,0.021779735,1.0,04,05
1.96,0.38835457,1.9,0.6116454,1.0,04,05
1.91,0.5520295,1.95,0.44797045,0.0,04,05
2.41,0.0008433424,1.62,0.9991567,0.0,04,05
1.77,0.51130456,2.12,0.48869547,1.0,04,05
2.1,0.000108199674,1.79,0.99989176,0.0,04,05
1.97,0.00092289475,1.87,0.9990771,0.0,04,05
2.03,2.3127806e-05,1.84,0.9999769,0.0,04,05
2.14,0.4710312,1.77,0.5289688,1.0,04,06
2.2,0.3822605,1.72,0.6177395,1.0,04,06
2.11,0.38009605,1.78,0.619904,0.0,04,06
1.66,0.37112513,2.32,0.62887496,0.0,04,06
1.72,0.5144311,2.2,0.48556888,1.0,04,06
1.76,0.9950293,2.16,0.0049707615,1.0,04,06
1.85,0.993269,2.02,0.006730954,1.0,04,06
1.79,0.56860274,2.1,0.43139726,1.0,04,06
1.92,0.97671616,1.94,0.02328382,1.0,04,06
2.71,0.00015260397,1.51,0.9998474,0.0,04,06
2.28,2.0977974e-05,1.68,0.999979,0.0,04,06
1.77,0.39455304,2.13,0.60544693,1.0,04,06
1.78,0.9957846,2.11,0.004215418,1.0,04,07
1.85,0.307864,2.02,0.692136,0.0,04,07
1.9,0.74407274,1.96,0.25592732,1.0,04,07
1.71,0.000996006,2.22,0.99900407,0.0,04,07
1.82,0.43158773,2.06,0.5684123,1.0,04,07
1.73,0.9936046,2.19,0.006395435,1.0,04,07
2.43,0.01047208,1.58,0.9895279,0.0,04,07
1.71,0.46939513,2.23,0.5306049,1.0,04,07
1.84,0.5714859,2.04,0.42851412,1.0,04,08
1.36,0.94986796,3.34,0.050132032,1.0,04,08
2.22,0.311687,1.72,0.68831307,0.0,04,08
1.67,0.042344347,2.32,0.95765567,0.0,04,08
2.14,0.8732181,1.77,0.12678197,1.0,04,08
1.61,0.43553147,2.43,0.56446856,0.0,04,08
2.27,0.8262717,1.69,0.17372826,0.0,04,08
2.4,0.4012976,1.62,0.5987024,0.0,04,08
2.07,0.6899796,1.81,0.31002042,1.0,04,08
1.62,0.9500443,2.4,0.049955755,1.0,04,08
2.12,0.33781457,1.78,0.66218543,1.0,04,08
1.76,0.40225133,2.15,0.5977487,0.0,04,08
1.65,0.3324518,2.35,0.6675482,0.0,04,08
1.91,0.52119774,1.96,0.4788022,1.0,04,08
1.8,0.37933475,2.08,0.62066525,0.0,04,09
2.15,0.87987846,1.76,0.12012158,1.0,04,09
1.89,0.4524195,1.97,0.5475805,0.0,04,09
1.59,0.48859307,2.49,0.51140696,1.0,04,09
2.19,0.41659993,1.7,0.58340013,0.0,04,09
2.25,0.33734965,1.7,0.6626503,0.0,04,09
2.33,0.539809,1.65,0.46019098,0.0,04,09
1.61,0.7850346,2.43,0.21496546,0.0,04,09
1.77,0.9692947,2.12,0.030705262,1.0,04,09
1.94,0.29203334,1.91,0.7079666,0.0,04,09
1.79,0.025915276,2.1,0.9740847,0.0,04,09
1.81,0.30494857,2.07,0.6950514,0.0,04,09
1.78,0.22028069,2.12,0.77971923,0.0,04,09
1.67,0.4648757,2.3,0.53512424,1.0,04,10
2.02,0.85789675,1.85,0.14210327,1.0,04,10
1.39,0.6815861,3.18,0.31841388,0.0,04,10
2.46,0.22212802,1.6,0.77787197,0.0,04,10
1.98,0.8978548,1.88,0.102145195,1.0,04,10
1.65,0.35115415,2.35,0.6488459,1.0,04,10
2.48,0.56611574,1.58,0.4338843,1.0,04,10
1.57,0.9836707,2.52,0.01632924,1.0,04,10
1.81,0.43118754,2.08,0.56881243,1.0,04,10
1.71,0.487542,2.22,0.512458,1.0,04,10
2.84,0.058822975,1.45,0.941177,0.0,04,10
1.74,0.3055237,2.18,0.6944763,1.0,04,10
1.63,0.15296805,2.39,0.84703195,0.0,04,10
1.61,0.5542078,2.42,0.4457922,0.0,04,11
1.52,0.61550635,2.68,0.38449368,0.0,04,11
1.81,0.39855066,2.07,0.6014493,0.0,04,11
2.01,0.43574598,1.86,0.56425405,0.0,04,11
1.58,0.6022204,2.52,0.3977795,1.0,04,11
1.62,0.37439278,2.39,0.6256072,0.0,04,11
1.42,0.4317421,3.03,0.5682579,1.0,04,11
1.52,0.6478369,2.67,0.35216305,1.0,04,11
1.73,0.8410306,2.21,0.15896946,1.0,04,11
1.69,0.09783122,2.23,0.90216875,0.0,04,11
1.55,0.312013,2.52,0.687987,0.0,04,11
1.85,0.58809924,2.02,0.41190076,1.0,04,12
1.71,0.34567967,2.21,0.65432036,0.0,04,12
1.96,0.4755349,1.9,0.5244651,1.0,04,12
1.54,0.47589913,2.6,0.5241009,1.0,04,12
1.85,0.45675436,2.02,0.5432456,0.0,04,12
1.63,0.5367729,2.4,0.46322703,0.0,04,12
1.77,0.25554594,2.13,0.744454,0.0,04,12
2.06,0.668363,1.82,0.33163705,1.0,04,12
1.76,0.7095337,2.15,0.29046634,0.0,04,12
1.89,0.4030658,1.97,0.5969342,0.0,04,12
1.88,0.04483271,1.99,0.9551673,0.0,04,12
1.77,0.22895092,2.12,0.77104914,0.0,04,12
1.84,0.4179976,2.03,0.5820024,1.0,04,13
1.94,0.02169496,1.92,0.9783051,0.0,04,13
1.69,0.35386968,2.27,0.6461303,1.0,04,13
1.82,0.57683045,2.06,0.42316955,1.0,04,13
1.85,0.5713891,2.02,0.4286109,1.0,04,13
1.77,0.46520278,2.13,0.53479725,0.0,04,13
1.68,0.53877795,2.29,0.461222,1.0,04,13
1.75,0.53354126,2.14,0.46645877,1.0,04,13
1.97,0.49223197,1.89,0.5077681,0.0,04,13
1.51,0.6999869,2.69,0.30001307,1.0,04,13
1.91,0.60426164,1.95,0.3957383,0.0,04,13
1.96,0.41303447,1.9,0.5869655,0.0,04,13
1.71,0.52747303,2.23,0.472527,0.0,04,13
1.93,0.44494778,1.92,0.55505216,1.0,04,13
1.61,0.45056862,2.43,0.5494313,1.0,04,13
1.69,0.43149596,2.27,0.56850404,0.0,04,14
1.89,0.60877854,1.98,0.3912214,1.0,04,14
1.82,0.4025961,2.06,0.5974039,0.0,04,14
1.71,0.44638526,2.23,0.5536148,0.0,04,14
1.53,0.63194764,2.63,0.36805233,1.0,04,14
1.89,0.48624554,1.96,0.5137545,1.0,04,14
1.46,0.5962412,2.91,0.4037588,1.0,04,14
1.67,0.5830603,2.31,0.41693965,1.0,04,14
1.62,0.7026272,2.42,0.2973729,1.0,04,14
1.78,0.6416662,2.11,0.3583338,1.0,04,14
1.79,0.55556303,2.1,0.44443697,0.0,04,14
1.76,0.5001198,2.13,0.4998802,1.0,04,14
1.4,0.4483818,3.11,0.5516182,0.0,04,15
1.72,0.4015093,2.2,0.59849066,0.0,04,15
2.26,0.47330445,1.68,0.5266956,0.0,04,15
1.71,0.5105143,2.23,0.48948574,0.0,04,15
1.83,0.47195932,2.04,0.52804065,1.0,04,15
1.85,0.3975902,2.02,0.6024098,0.0,04,15
2.0,0.36035216,1.87,0.63964784,0.0,04,15
1.97,0.55598265,1.89,0.44401732,0.0,04,15
1.5,0.4583953,2.72,0.5416047,1.0,04,15
2.33,0.3927586,1.66,0.60724133,1.0,04,15
1.51,0.746957,2.67,0.25304297,1.0,04,15
1.84,0.28660077,2.04,0.7133993,0.0,04,15
1.6,0.54283404,2.47,0.45716593,1.0,04,15
2.28,0.14135759,1.68,0.8586424,0.0,04,15
2.06,0.33285758,1.82,0.66714245,0.0,04,16
1.81,0.43407148,2.07,0.56592846,1.0,04,16
1.72,0.62989354,2.21,0.37010643,0.0,04,16
1.32,0.53198576,3.59,0.46801418,1.0,04,16
1.74,0.5033758,2.18,0.4966242,1.0,04,16
1.69,0.39660722,2.29,0.6033928,1.0,04,16
2.1,0.42839092,1.79,0.5716091,1.0,04,16
1.68,0.4264308,2.32,0.57356924,1.0,04,16
2.71,0.4377624,1.5,0.5622376,0.0,04,16
1.7,0.5751217,2.25,0.42487824,1.0,04,16
1.76,0.39055803,2.15,0.609442,0.0,04,16
1.89,0.5979631,1.97,0.40203696,1.0,04,16
1.95,0.29695535,1.9,0.70304465,1.0,04,16
1.92,0.4580452,1.94,0.5419549,0.0,04,16
1.75,0.42545637,2.16,0.5745436,1.0,04,17
1.64,0.42704025,2.38,0.5729598,0.0,04,17
1.93,0.43421686,1.94,0.5657832,1.0,04,17
2.22,0.4626898,1.71,0.5373102,0.0,04,17
2.27,0.46695253,1.68,0.53304744,1.0,04,17
1.78,0.5950637,2.13,0.4049363,1.0,04,17
1.79,0.43899792,2.11,0.561002,1.0,04,17
1.94,0.4745176,1.92,0.5254824,1.0,04,17
1.56,0.6730071,2.55,0.3269929,1.0,04,17
1.41,0.4568257,3.09,0.5431743,0.0,04,17
1.96,0.43162003,1.91,0.56838,1.0,04,17
1.9,0.22871211,1.97,0.77128786,0.0,04,17
1.68,0.5211263,2.28,0.47887376,1.0,04,17
1.9,0.448313,1.95,0.551687,0.0,04,18
2.57,0.41051456,1.55,0.5894854,0.0,04,18
1.76,0.5213948,2.15,0.47860515,0.0,04,18
2.01,0.3757621,1.86,0.62423795,0.0,04,18
1.81,0.404771,2.08,0.595229,0.0,04,18
1.71,0.6187683,2.23,0.38123173,1.0,04,18
1.67,0.5040405,2.28,0.49595952,0.0,04,18
1.56,0.54734546,2.57,0.4526545,0.0,04,19
1.64,0.44413403,2.36,0.5558659,1.0,04,19
2.15,0.45777223,1.74,0.5422278,0.0,04,19
1.6,0.42241627,2.45,0.57758373,0.0,04,19
1.99,0.40714002,1.86,0.59286,0.0,04,19
2.81,0.40844867,1.45,0.5915513,1.0,04,19
1.99,0.48335633,1.87,0.5166437,0.0,04,19
1.86,0.54421973,2.0,0.45578036,1.0,04,19
1.61,0.49030954,2.38,0.5096905,1.0,04,19
1.93,0.55943304,1.9,0.44056693,1.0,04,19
1.86,0.43984634,2.0,0.5601537,1.0,04,19
1.85,0.37701136,2.02,0.62298864,0.0,04,19
2.36,0.46479887,1.64,0.5352011,1.0,04,19
1.82,0.46029818,2.05,0.5397018,0.0,04,19
1.77,0.5909898,2.13,0.4090101,1.0,04,20
1.88,0.40359718,1.98,0.5964029,1.0,04,20
1.67,0.4737258,2.31,0.52627414,1.0,04,20
1.75,0.38314146,2.15,0.6168585,0.0,04,20
1.76,0.42670032,2.14,0.57329965,0.0,04,20
1.84,0.49501926,2.04,0.5049807,1.0,04,20
1.68,0.39001015,2.28,0.6099898,0.0,04,20
2.42,0.43489057,1.62,0.56510943,1.0,04,20
2.31,0.39171317,1.66,0.6082868,0.0,04,20
1.94,0.55209035,1.92,0.44790962,1.0,04,20
1.77,0.5882803,2.12,0.41171965,1.0,04,20
1.75,0.7013548,2.16,0.2986452,1.0,04,20
1.94,0.50939584,1.93,0.49060422,1.0,04,20
1.71,0.4565371,2.23,0.5434629,0.0,04,20
3.41,0.3527415,1.34,0.6472585,0.0,04,21
1.99,0.34811804,1.87,0.65188193,0.0,04,21
1.63,0.5345881,2.4,0.46541184,0.0,04,21
1.91,0.6262835,1.95,0.37371644,0.0,04,21
1.93,0.41169757,1.93,0.58830243,0.0,04,21
1.56,0.4640221,2.52,0.5359779,0.0,04,21
2.06,0.5035043,1.82,0.49649566,1.0,04,21
1.78,0.35964274,2.12,0.64035726,0.0,04,21
2.76,0.45276505,1.48,0.547235,0.0,04,21
1.64,0.4728799,2.37,0.5271202,1.0,04,21
2.62,0.55936533,1.54,0.44063476,1.0,04,21
2.37,0.44395086,1.64,0.55604917,0.0,04,21
2.01,0.5299467,1.86,0.4700533,1.0,04,22
1.63,0.68466115,2.39,0.3153389,1.0,04,22
1.79,0.41336045,2.1,0.5866395,0.0,04,22
2.85,0.44470477,1.46,0.5552952,0.0,04,22
1.92,0.37885752,1.94,0.62114245,0.0,04,22
2.72,0.29554906,1.5,0.70445085,0.0,04,22
1.55,0.5176246,2.59,0.4823754,1.0,04,22
1.73,0.432863,2.2,0.56713694,0.0,04,22
1.79,0.52819884,2.1,0.47180116,0.0,04,22
1.77,0.63891643,2.13,0.36108357,1.0,04,22
2.14,0.47335288,1.76,0.5266471,1.0,04,22
1.77,0.47575828,2.13,0.5242417,0.0,04,22
1.92,0.3280622,1.95,0.6719378,0.0,04,22
1.59,0.5019832,2.46,0.4980167,1.0,04,22
2.17,0.4201264,1.75,0.5798736,1.0,04,22
1.62,0.5883902,2.42,0.41160983,1.0,04,23
1.8,0.69292784,2.08,0.3070721,1.0,04,23
1.58,0.45258105,2.49,0.547419,1.0,04,23
2.0,0.33705816,1.87,0.6629419,0.0,04,23
1.67,0.52656347,2.3,0.47343656,1.0,04,23
1.73,0.4405669,2.2,0.5594331,1.0,04,23
2.3,0.32128263,1.67,0.6787174,0.0,04,23
2.52,0.47390518,1.58,0.5260948,1.0,04,23
1.72,0.5288542,2.21,0.47114578,0.0,04,23
1.84,0.5898914,2.05,0.4101086,0.0,04,23
1.94,0.49945888,1.92,0.5005411,1.0,04,23
2.05,0.44557074,1.83,0.5544293,0.0,04,23
2.35,0.39364797,1.66,0.606352,0.0,04,23
1.91,0.3777436,1.95,0.6222564,1.0,04,23
2.07,0.49904293,1.81,0.5009571,1.0,04,23
1.86,0.5085204,2.0,0.4914796,0.0,04,24
1.53,0.46207792,2.65,0.5379221,1.0,04,24
2.5,0.4490997,1.58,0.55090034,0.0,04,24
2.46,0.29624054,1.6,0.7037595,0.0,04,24
2.5,0.25477773,1.58,0.7452223,0.0,04,24
1.58,0.75076437,2.48,0.24923564,1.0,04,24
1.8,0.5387814,2.08,0.4612186,1.0,04,24
1.96,0.5439549,1.9,0.45604506,1.0,04,24
1.71,0.6515221,2.23,0.34847793,1.0,04,24
1.79,0.37393034,2.1,0.6260697,0.0,04,24
1.98,0.48427573,1.89,0.5157242,0.0,04,24
1.97,0.4617608,1.89,0.53823924,0.0,04,24
2.13,0.44054466,1.77,0.5594553,0.0,04,24
2.33,0.35857314,1.66,0.6414268,0.0,04,24
1.92,0.42728445,1.94,0.5727155,0.0,04,24
1.52,0.46883115,2.58,0.5311689,0.0,04,25
2.11,0.29587674,1.76,0.70412326,0.0,04,25
1.76,0.3841321,2.15,0.61586785,1.0,04,25
1.46,0.5820592,2.82,0.41794083,1.0,04,25
1.78,0.60751355,2.12,0.39248642,1.0,04,25
2.06,0.4987948,1.82,0.5012052,0.0,04,25
2.27,0.44737247,1.66,0.5526275,1.0,04,25
1.73,0.5510536,2.14,0.44894645,0.0,04,25
1.82,0.4461442,2.0,0.5538559,1.0,04,25
1.85,0.5307993,2.01,0.46920064,1.0,04,25
1.79,0.44615728,2.01,0.5538427,0.0,04,25
1.69,0.5149563,2.2,0.4850437,1.0,04,25
1.54,0.6593154,2.62,0.34068456,1.0,04,25
1.49,0.60097915,2.76,0.3990208,0.0,04,26
2.07,0.44186035,1.82,0.5581397,0.0,04,26
2.97,0.2550064,1.43,0.74499357,0.0,04,26
2.16,0.29132006,1.75,0.70868,0.0,04,26
1.64,0.5926516,2.37,0.40734833,1.0,04,26
1.81,0.6433696,2.07,0.35663044,1.0,04,26
1.42,0.5839408,3.02,0.4160592,1.0,04,26
2.06,0.55197155,1.82,0.44802836,1.0,04,26
1.97,0.473534,1.9,0.526466,1.0,04,26
2.45,0.50084436,1.61,0.49915564,0.0,04,26
2.12,0.3866779,1.77,0.6133221,0.0,04,26
2.09,0.52705294,1.81,0.47294703,1.0,04,26
1.31,0.47482002,3.69,0.52518,0.0,04,26
2.31,0.48916456,1.67,0.5108354,1.0,04,26
1.47,0.6590681,2.83,0.34093192,1.0,04,26
1.5,0.65606236,2.72,0.34393767,1.0,04,27
1.46,0.58089,2.81,0.41911,0.0,04,27
1.79,0.44725996,2.1,0.5527401,0.0,04,27
1.49,0.46147975,2.77,0.5385202,1.0,04,27
1.96,0.3687642,1.9,0.6312358,1.0,04,27
1.47,0.62930423,2.83,0.37069574,1.0,04,27
1.86,0.5808344,2.01,0.41916555,0.0,04,27
1.83,0.5672911,2.04,0.43270892,1.0,04,27
1.94,0.43062386,1.92,0.5693762,0.0,04,27
1.84,0.51038444,2.02,0.48961553,0.0,04,27
1.82,0.3845849,2.03,0.61541516,0.0,04,27
1.8,0.55686545,2.08,0.4431345,1.0,04,27
1.59,0.42230323,2.45,0.5776967,0.0,04,27
1.76,0.4974507,2.14,0.50254923,0.0,04,27
1.8,0.37553775,2.09,0.62446225,1.0,04,28
1.25,0.6450548,4.08,0.35494518,1.0,04,28
1.71,0.55499697,2.23,0.44500303,0.0,04,28
1.66,0.51683486,2.29,0.48316514,1.0,04,28
1.49,0.4294401,2.74,0.57055986,0.0,04,28
2.08,0.4140327,1.79,0.5859673,1.0,04,28
1.82,0.4221636,2.04,0.5778364,0.0,04,28
1.35,0.52181023,3.41,0.4781897,1.0,04,29
1.85,0.50467354,2.0,0.4953265,1.0,04,29
2.69,0.40724024,1.5,0.5927597,1.0,04,29
1.64,0.66130084,2.34,0.3386991,1.0,04,29
2.07,0.4946099,1.78,0.50539005,1.0,04,29
1.67,0.47395152,2.31,0.5260485,1.0,04,29
1.82,0.45995644,2.06,0.5400436,0.0,04,29
2.23,0.51183736,1.68,0.48816267,1.0,04,29
1.85,0.43168017,2.01,0.56831986,0.0,04,29
1.81,0.45161626,2.07,0.5483838,0.0,04,29
2.29,0.44122824,1.67,0.5587718,0.0,04,29
1.72,0.3543875,2.21,0.64561254,0.0,04,29
2.06,0.45874345,1.82,0.54125655,1.0,04,29
1.55,0.62310886,2.56,0.37689114,0.0,04,29
1.68,0.55698705,2.23,0.443013,1.0,04,29
2.08,0.42027113,1.8,0.57972884,0.0,04,30
1.7,0.45067778,2.25,0.5493222,0.0,04,30
1.59,0.51478016,2.48,0.48521984,1.0,04,30
1.85,0.5094003,2.02,0.49059966,1.0,04,30
1.79,0.46669036,2.11,0.5333096,1.0,04,30
1.57,0.49877095,2.53,0.5012291,0.0,04,30
2.06,0.4448806,1.82,0.55511934,1.0,04,30
1.49,0.7385207,2.74,0.2614794,1.0,04,30
1.82,0.53622127,2.07,0.4637787,1.0,04,30
2.07,0.4059068,1.81,0.5940932,0.0,04,30
1.91,0.5460565,1.95,0.4539435,1.0,04,30
1.46,0.37975714,2.82,0.62024283,0.0,04,30
1.5,0.5962855,2.7,0.4037145,0.0,04,30
1.98,0.53653777,1.88,0.46346223,1.0,04,30
1.78,0.45090178,2.11,0.54909825,0.0,05,01
2.06,0.45129234,1.82,0.5487076,0.0,05,01
1.99,0.46672475,1.87,0.53327525,0.0,05,01
1.64,0.6196742,2.39,0.38032573,0.0,05,01
2.0,0.44386756,1.87,0.55613244,1.0,05,01
1.71,0.43620288,2.23,0.5637971,0.0,05,01
2.04,0.44400376,1.83,0.55599624,0.0,05,01
1.47,0.47640753,2.79,0.5235925,0.0,05,01
2.11,0.44470802,1.79,0.55529195,1.0,05,01
1.88,0.5113676,1.99,0.48863238,0.0,05,01
1.64,0.48850617,2.36,0.5114938,0.0,05,01
1.93,0.30712402,1.92,0.692876,0.0,05,01
1.33,0.66603243,3.53,0.3339676,1.0,05,01
1.83,0.53312194,2.05,0.46687803,0.0,05,01
1.59,0.55111593,2.5,0.44888413,1.0,05,01
1.71,0.41748336,2.22,0.5825167,0.0,05,02
1.61,0.53751534,2.44,0.46248466,0.0,05,02
2.44,0.5062582,1.6,0.49374178,0.0,05,02
1.49,0.4806257,2.75,0.51937425,1.0,05,02
1.92,0.516911,1.94,0.48308903,1.0,05,02
1.56,0.68444896,2.55,0.31555107,0.0,05,02
1.83,0.486298,2.06,0.51370203,0.0,05,02
1.58,0.5439932,2.5,0.45600674,1.0,05,02
1.93,0.32469225,1.94,0.67530775,0.0,05,02
2.04,0.37332013,1.84,0.6266798,1.0,05,02
1.77,0.42582312,2.12,0.57417685,1.0,05,03
1.84,0.6352669,2.03,0.36473313,1.0,05,03
2.59,0.34081587,1.55,0.65918416,0.0,05,03
1.54,0.57719636,2.62,0.42280367,1.0,05,03
2.17,0.51415646,1.74,0.48584354,0.0,05,03
1.43,0.46254554,2.98,0.5374545,0.0,05,03
1.67,0.441308,2.3,0.55869204,0.0,05,03
1.69,0.44237766,2.24,0.5576224,1.0,05,03
1.64,0.69344,2.35,0.30655995,1.0,05,03
2.12,0.52317405,1.78,0.47682595,1.0,05,03
1.82,0.5078693,2.05,0.49213073,1.0,05,03
1.58,0.48965493,2.52,0.51034504,0.0,05,03
1.84,0.33090279,2.04,0.66909724,0.0,05,03
1.84,0.39020002,2.03,0.60980004,1.0,05,03
1.91,0.55694014,1.95,0.4430598,1.0,05,04
2.14,0.36380464,1.76,0.6361954,0.0,05,04
1.52,0.47376117,2.67,0.52623874,1.0,05,04
2.25,0.49557185,1.7,0.5044281,0.0,05,04
2.32,0.4651132,1.66,0.53488684,0.0,05,04
2.03,0.28548798,1.84,0.71451205,0.0,05,04
2.06,0.3428802,1.82,0.65711987,0.0,05,04
1.53,0.46725947,2.65,0.53274053,1.0,05,04
1.78,0.5818641,2.11,0.41813594,0.0,05,04
1.49,0.5776807,2.73,0.42231926,1.0,05,04
1.62,0.4605243,2.42,0.5394757,1.0,05,04
1.84,0.41691566,2.03,0.58308434,0.0,05,04
1.63,0.6796307,2.4,0.3203693,1.0,05,04
1.63,0.5293088,2.39,0.4706912,1.0,05,04
1.54,0.53583866,2.63,0.46416137,1.0,05,05
1.78,0.45399442,2.12,0.54600555,1.0,05,05
1.9,0.6071168,1.96,0.39288318,1.0,05,05
1.51,0.5771652,2.7,0.42283475,1.0,05,05
1.92,0.63534755,1.94,0.36465245,1.0,05,05
1.69,0.4867836,2.26,0.5132164,1.0,05,05
1.91,0.41559005,1.95,0.5844099,0.0,05,05
1.75,0.45088726,2.17,0.54911274,0.0,05,05
2.71,0.37422583,1.5,0.6257742,1.0,05,05
1.74,0.46177697,2.19,0.5382231,0.0,05,05
1.96,0.48833513,1.9,0.51166487,1.0,05,06
1.96,0.44401467,1.9,0.55598533,1.0,05,06
1.76,0.45515335,2.15,0.54484665,1.0,05,06
1.77,0.66554093,2.14,0.33445904,1.0,05,06
1.73,0.6303258,2.21,0.36967424,1.0,05,06
1.87,0.48257107,2.0,0.51742893,0.0,05,06
2.48,0.20211573,1.59,0.7978843,0.0,05,06
1.77,0.6300461,2.13,0.36995387,1.0,05,06
2.05,0.47095305,1.83,0.5290469,1.0,05,06
1.78,0.52323973,2.12,0.47676027,0.0,05,06
2.17,0.51133585,1.75,0.4886641,0.0,05,06
1.53,0.50581074,2.65,0.49418926,1.0,05,06
2.36,0.3897706,1.64,0.6102294,1.0,05,06
2.08,0.5090927,1.81,0.4909074,0.0,05,07
2.4,0.4461225,1.61,0.5538775,1.0,05,07
2.31,0.4133438,1.67,0.5866562,0.0,05,07
2.0,0.44056454,1.87,0.5594355,0.0,05,07
1.74,0.5563818,2.18,0.44361815,1.0,05,07
1.68,0.4885954,2.29,0.5114046,1.0,05,07
1.55,0.506154,2.59,0.49384597,1.0,05,07
1.92,0.59432626,1.94,0.4056737,0.0,05,07
2.08,0.5505861,1.81,0.44941384,1.0,05,07
1.83,0.24805224,2.03,0.7519478,0.0,05,07
1.43,0.64552927,2.96,0.3544707,1.0,05,07
1.88,0.6115265,1.99,0.3884735,0.0,05,07
1.61,0.4663264,2.43,0.5336736,0.0,05,07
2.18,0.383965,1.74,0.61603504,0.0,05,07
2.1,0.50425786,1.79,0.49574214,0.0,05,07
1.65,0.44585162,2.36,0.55414844,0.0,05,08
2.05,0.601471,1.83,0.39852896,0.0,05,08
1.75,0.6184721,2.16,0.38152787,1.0,05,08
1.74,0.45218086,2.18,0.54781914,0.0,05,08
2.27,0.15573715,1.68,0.8442629,0.0,05,08
1.62,0.5676361,2.4,0.43236384,1.0,05,08
1.5,0.6442046,2.72,0.35579535,1.0,05,08
1.9,0.45758757,1.96,0.54241234,1.0,05,08
1.85,0.5037625,2.01,0.49623752,0.0,05,08
1.43,0.5281711,2.98,0.47182894,1.0,05,08
1.84,0.51174015,2.04,0.48825988,0.0,05,08
1.51,0.48586786,2.68,0.5141321,0.0,05,08
2.36,0.36547786,1.64,0.6345222,0.0,05,08
1.86,0.44303298,2.0,0.556967,0.0,05,08
1.48,0.4910718,2.75,0.5089282,1.0,05,09
1.74,0.64399225,2.17,0.35600778,1.0,05,09
1.75,0.5001647,2.16,0.49983534,1.0,05,09
2.09,0.60948706,1.79,0.39051294,1.0,05,09
1.84,0.48494592,2.02,0.5150541,0.0,05,09
2.03,0.49122417,1.83,0.5087759,1.0,05,09
1.6,0.4050775,2.44,0.5949225,0.0,05,09
1.93,0.40855166,1.93,0.59144837,0.0,05,09
1.77,0.487934,2.13,0.512066,1.0,05,09
2.2,0.4624954,1.72,0.5375046,0.0,05,09
1.54,0.6837121,2.6,0.31628782,1.0,05,10
1.52,0.46394807,2.63,0.536052,0.0,05,10
1.84,0.43813157,2.03,0.5618684,0.0,05,10
1.87,0.48126572,1.99,0.5187343,1.0,05,10
1.37,0.6546985,3.26,0.3453015,1.0,05,10
2.06,0.49683365,1.81,0.5031664,1.0,05,10
1.76,0.5069698,2.14,0.49303028,0.0,05,10
2.1,0.50919676,1.78,0.4908033,0.0,05,10
1.81,0.3434538,2.05,0.6565462,0.0,05,10
1.8,0.45817032,2.09,0.54182965,0.0,05,10
1.86,0.42061839,2.01,0.57938164,1.0,05,10
2.15,0.4549696,1.76,0.5450304,1.0,05,10
2.12,0.45618832,1.77,0.54381174,0.0,05,10
1.38,0.61652225,3.24,0.3834777,0.0,05,11
2.05,0.5266754,1.82,0.4733246,0.0,05,11
1.68,0.52188915,2.29,0.47811088,1.0,05,11
2.23,0.4968889,1.7,0.5031111,1.0,05,11
1.75,0.40003416,2.16,0.5999659,1.0,05,11
1.82,0.47526625,2.07,0.5247338,1.0,05,11
1.87,0.499483,2.0,0.500517,1.0,05,11
1.73,0.6232922,2.19,0.3767078,0.0,05,11
1.57,0.47328514,2.53,0.5267149,1.0,05,11
2.03,0.4382469,1.85,0.5617531,1.0,05,11
1.5,0.5249776,2.7,0.47502238,1.0,05,11
2.23,0.5597293,1.71,0.4402707,0.0,05,11
1.38,0.61615056,3.24,0.38384944,0.0,05,11
2.25,0.44733,1.69,0.55267,0.0,05,11
1.95,0.4312086,1.91,0.5687914,0.0,05,11
1.54,0.5411392,2.61,0.45886084,1.0,05,12
1.75,0.65527797,2.16,0.34472203,1.0,05,12
1.67,0.6229728,2.3,0.3770272,1.0,05,12
2.15,0.43384305,1.76,0.5661569,0.0,05,12
1.74,0.61526453,2.17,0.38473544,0.0,05,12
1.94,0.43619525,1.91,0.5638048,0.0,05,12
2.11,0.45112446,1.78,0.5488756,0.0,05,12
1.38,0.4606466,3.26,0.5393534,1.0,05,12
1.71,0.56953853,2.23,0.4304614,1.0,05,13
1.73,0.51256925,2.19,0.48743072,1.0,05,13
2.32,0.44831857,1.66,0.55168146,0.0,05,13
1.86,0.59470326,2.0,0.40529677,1.0,05,13
1.59,0.5398682,2.48,0.4601318,1.0,05,13
1.75,0.60937697,2.15,0.39062306,0.0,05,13
1.67,0.66184485,2.29,0.3381552,1.0,05,13
1.86,0.45414189,1.98,0.54585814,0.0,05,13
2.11,0.466753,1.78,0.53324693,0.0,05,13
1.53,0.6530114,2.63,0.34698862,1.0,05,13
1.58,0.49506608,2.49,0.5049339,1.0,05,13
2.0,0.43787926,1.86,0.5621207,1.0,05,13
2.5,0.42047912,1.58,0.5795209,0.0,05,13
2.01,0.44880056,1.86,0.55119944,1.0,05,13
1.66,0.42800108,2.32,0.57199895,0.0,05,13
1.79,0.62292963,2.1,0.37707034,1.0,05,14
2.31,0.46160102,1.67,0.538399,1.0,05,14
1.37,0.55623484,3.29,0.4437652,1.0,05,14
1.32,0.6351431,3.55,0.3648569,1.0,05,14
1.52,0.6492564,2.65,0.35074368,0.0,05,14
1.69,0.48099262,2.27,0.51900744,1.0,05,14
1.74,0.5135284,2.18,0.48647156,1.0,05,14
1.61,0.6070999,2.44,0.3929001,1.0,05,14
1.37,0.5220316,3.29,0.47796836,0.0,05,14
1.74,0.5715893,2.19,0.42841065,0.0,05,14
1.49,0.4851103,2.73,0.5148897,0.0,05,14
2.22,0.4603124,1.71,0.5396876,1.0,05,14
1.75,0.4291773,2.12,0.57082266,0.0,05,14
2.18,0.42965138,1.74,0.5703486,1.0,05,14
1.94,0.44221747,1.91,0.55778253,1.0,05,14
1.61,0.4178611,2.43,0.58213896,0.0,05,14
1.55,0.527701,2.58,0.47229895,1.0,05,15
1.78,0.6241439,2.11,0.37585613,0.0,05,15
1.71,0.45286325,2.23,0.5471368,0.0,05,15
1.57,0.5323321,2.53,0.46766782,0.0,05,15
2.03,0.5960421,1.84,0.40395796,1.0,05,15
1.86,0.5525858,2.0,0.4474142,0.0,05,15
2.07,0.49249122,1.81,0.5075088,0.0,05,15
1.82,0.6281598,2.06,0.3718402,1.0,05,15
1.45,0.49871555,2.88,0.5012845,1.0,05,15
1.67,0.58177644,2.29,0.4182235,0.0,05,15
2.52,0.45302045,1.57,0.5469795,1.0,05,15
1.84,0.42387044,2.02,0.57612956,0.0,05,15
2.08,0.43770063,1.8,0.56229943,1.0,05,15
1.69,0.42144015,2.25,0.5785599,0.0,05,15
1.71,0.4349279,2.24,0.56507206,0.0,05,15
1.56,0.6197168,2.56,0.38028318,1.0,05,16
2.11,0.45209908,1.79,0.547901,0.0,05,16
1.51,0.46170017,2.7,0.53829986,1.0,05,16
1.74,0.50811833,2.15,0.4918816,0.0,05,16
1.71,0.58432925,2.22,0.41567075,1.0,05,16
1.84,0.49360585,2.04,0.5063942,1.0,05,16
1.69,0.45105612,2.27,0.5489438,1.0,05,16
1.51,0.4971367,2.7,0.50286335,0.0,05,16
1.38,0.66372216,3.23,0.3362778,1.0,05,17
1.82,0.487881,2.05,0.51211905,0.0,05,17
1.99,0.48846126,1.88,0.51153874,1.0,05,17
1.56,0.48159745,2.55,0.5184026,1.0,05,17
1.66,0.51075906,2.33,0.48924097,0.0,05,17
1.81,0.5488233,2.07,0.45117667,1.0,05,17
1.96,0.4840906,1.9,0.5159094,1.0,05,17
2.15,0.5808569,1.75,0.41914302,0.0,05,17
2.74,0.41704932,1.49,0.5829507,1.0,05,17
2.2,0.48707235,1.73,0.51292765,1.0,05,17
1.53,0.43238145,2.62,0.56761855,0.0,05,17
1.83,0.51405895,2.03,0.4859411,1.0,05,17
2.07,0.4694548,1.82,0.53054523,1.0,05,17
1.3,0.54378855,3.71,0.45621145,1.0,05,17
2.62,0.40597725,1.54,0.5940227,0.0,05,17
2.05,0.49173447,1.82,0.50826555,1.0,05,18
1.63,0.5929356,2.37,0.40706432,1.0,05,18
1.98,0.48425752,1.87,0.51574254,1.0,05,18
1.65,0.506549,2.35,0.49345103,1.0,05,18
1.95,0.4634159,1.91,0.5365841,0.0,05,18
1.83,0.51071936,2.04,0.48928064,1.0,05,18
1.54,0.4526508,2.61,0.5473493,0.0,05,18
1.9,0.5116063,1.96,0.48839372,0.0,05,18
2.08,0.53645146,1.81,0.4635485,0.0,05,18
1.95,0.59516746,1.91,0.40483257,0.0,05,18
2.55,0.40575284,1.56,0.59424716,0.0,05,18
1.98,0.46597734,1.87,0.5340226,0.0,05,18
1.59,0.44456282,2.49,0.55543715,1.0,05,18
2.35,0.46705878,1.65,0.5329412,0.0,05,18
1.93,0.43680036,1.93,0.5631997,1.0,05,18
2.19,0.41978037,1.74,0.5802196,0.0,05,18
1.92,0.49132898,1.93,0.508671,0.0,05,19
2.74,0.42610165,1.49,0.5738984,1.0,05,19
1.55,0.4823459,2.58,0.5176541,1.0,05,19
2.0,0.5332932,1.86,0.46670678,0.0,05,19
2.06,0.46630943,1.81,0.5336906,0.0,05,19
1.74,0.4315007,2.18,0.56849927,1.0,05,19
1.58,0.644076,2.47,0.355924,1.0,05,19
2.17,0.40776882,1.74,0.5922311,0.0,05,19
2.32,0.41486013,1.66,0.58513993,0.0,05,19
1.83,0.4369524,2.04,0.56304765,1.0,05,19
1.89,0.47002342,1.98,0.52997667,0.0,05,19
1.59,0.47579288,2.48,0.52420706,0.0,05,20
1.47,0.4574251,2.83,0.5425749,1.0,05,20
1.99,0.5165208,1.88,0.48347923,0.0,05,20
2.19,0.4910503,1.74,0.5089497,0.0,05,20
1.99,0.4340012,1.87,0.56599885,0.0,05,20
1.41,0.6201784,3.06,0.3798216,1.0,05,20
1.61,0.6441864,2.44,0.35581362,0.0,05,20
1.62,0.5576499,2.41,0.4423501,0.0,05,20
2.12,0.4167665,1.77,0.58323354,0.0,05,20
1.62,0.42703125,2.39,0.5729687,0.0,05,20
1.75,0.4883898,2.17,0.5116102,0.0,05,20
1.81,0.5007018,2.08,0.49929824,0.0,05,20
2.65,0.42392808,1.52,0.5760719,0.0,05,20
2.28,0.3937471,1.68,0.60625285,1.0,05,20
2.2,0.5918051,1.73,0.40819487,0.0,05,21
2.62,0.41879985,1.54,0.58120024,1.0,05,21
1.71,0.4651927,2.24,0.53480726,0.0,05,21
1.67,0.54066515,2.3,0.45933488,1.0,05,21
2.31,0.45732084,1.67,0.54267913,0.0,05,21
1.81,0.39644283,2.06,0.60355717,0.0,05,21
1.63,0.44348896,2.39,0.55651104,1.0,05,21
2.43,0.4602363,1.61,0.5397637,0.0,05,21
2.07,0.4426689,1.81,0.55733114,1.0,05,21
1.48,0.6233003,2.78,0.3766997,1.0,05,21
1.54,0.59282976,2.6,0.40717027,0.0,05,21
2.54,0.44339213,1.57,0.5566079,1.0,05,21
2.23,0.47011098,1.71,0.529889,0.0,05,21
2.55,0.38405287,1.57,0.61594707,1.0,05,21
2.33,0.4577999,1.66,0.54220015,0.0,05,22
1.91,0.46694386,1.94,0.5330561,1.0,05,22
1.43,0.6331082,2.99,0.36689177,1.0,05,22
1.82,0.54618335,2.05,0.45381662,1.0,05,22
1.68,0.50438046,2.29,0.49561948,1.0,05,22
1.79,0.62099516,2.1,0.37900487,1.0,05,22
1.66,0.56848896,2.32,0.431511,0.0,05,22
2.54,0.40876886,1.56,0.59123117,0.0,05,22
1.77,0.41007423,2.11,0.5899257,0.0,05,22
2.05,0.48606145,1.82,0.5139385,1.0,05,22
2.24,0.49897477,1.7,0.5010252,0.0,05,22
2.5,0.36244592,1.58,0.63755405,0.0,05,22
1.72,0.4643466,2.21,0.5356534,1.0,05,22
1.75,0.4395739,2.16,0.5604261,1.0,05,23
1.89,0.53888416,1.97,0.4611158,1.0,05,23
1.88,0.4622646,1.98,0.5377354,1.0,05,23
1.94,0.46917218,1.91,0.5308278,0.0,05,23
2.08,0.5401312,1.8,0.4598688,0.0,05,23
1.61,0.4864353,2.43,0.5135647,0.0,05,23
1.94,0.39052504,1.92,0.609475,1.0,05,23
1.89,0.5068937,1.97,0.49310634,0.0,05,23
1.25,0.60203105,4.27,0.39796892,1.0,05,23
1.8,0.4435155,2.1,0.5564845,0.0,05,23
1.59,0.6354665,2.48,0.36453342,1.0,05,23
2.02,0.3802807,1.84,0.6197194,0.0,05,24
1.74,0.4732331,2.18,0.52676696,1.0,05,24
1.6,0.41988245,2.46,0.58011746,1.0,05,24
1.56,0.49913397,2.55,0.50086606,1.0,05,24
1.83,0.44825703,2.04,0.551743,0.0,05,24
1.34,0.5341801,3.43,0.4658199,1.0,05,24
1.53,0.52352923,2.65,0.4764708,1.0,05,24
1.88,0.5125874,1.98,0.4874126,1.0,05,24
1.55,0.5301155,2.58,0.46988446,0.0,05,24
2.04,0.56229305,1.83,0.43770698,1.0,05,24
2.02,0.5562049,1.85,0.4437951,0.0,05,24
1.42,0.63507205,3.03,0.36492798,1.0,05,24
1.57,0.54873526,2.54,0.4512647,1.0,05,24
1.59,0.4927451,2.48,0.50725496,1.0,05,24
1.98,0.45543072,1.88,0.54456925,0.0,05,25
1.87,0.47390953,2.0,0.52609044,0.0,05,25
1.76,0.5834982,2.14,0.41650182,1.0,05,25
2.68,0.3552983,1.51,0.64470166,0.0,05,25
1.9,0.5341157,1.96,0.4658844,1.0,05,25
1.86,0.49216512,2.0,0.50783485,0.0,05,25
1.78,0.6010269,2.13,0.39897314,1.0,05,25
1.96,0.44644383,1.9,0.5535562,0.0,05,25
1.86,0.3980592,2.0,0.6019408,1.0,05,25
2.07,0.4085405,1.81,0.59145945,0.0,05,25
1.52,0.5253373,2.66,0.47466272,1.0,05,25
1.43,0.47589725,2.96,0.5241028,0.0,05,25
1.69,0.5849788,2.26,0.41502115,1.0,05,25
1.53,0.5475525,2.65,0.45244738,1.0,05,25
1.51,0.48362708,2.69,0.5163729,1.0,05,25
1.5,0.42663747,2.68,0.5733625,1.0,05,26
1.8,0.447524,2.08,0.5524759,0.0,05,26
2.11,0.44699144,1.79,0.55300856,0.0,05,26
1.69,0.4887714,2.27,0.5112286,1.0,05,26
1.76,0.45739654,2.14,0.5426035,0.0,05,26
1.61,0.5061441,2.43,0.49385586,0.0,05,26
1.8,0.5642329,2.08,0.43576708,1.0,05,26
1.33,0.6283975,3.48,0.3716025,1.0,05,27
1.58,0.49160305,2.49,0.508397,0.0,05,27
1.68,0.46801758,2.28,0.5319824,1.0,05,27
1.84,0.57552373,2.04,0.42447624,0.0,05,27
1.88,0.52681226,1.97,0.47318774,1.0,05,27
2.04,0.50047106,1.83,0.4995289,0.0,05,27
2.08,0.39992642,1.8,0.6000736,1.0,05,27
1.72,0.59215635,2.21,0.40784368,0.0,05,27
1.74,0.5804758,2.18,0.41952422,1.0,05,27
1.69,0.5220697,2.26,0.4779303,1.0,05,27
1.72,0.45673338,2.22,0.5432666,1.0,05,27
1.58,0.44456157,2.5,0.5554384,0.0,05,27
2.01,0.51767963,1.86,0.4823204,1.0,05,27
2.13,0.422184,1.78,0.577816,0.0,05,27
1.45,0.54999125,2.89,0.45000878,0.0,05,27
1.74,0.47044954,2.18,0.5295505,1.0,05,28
1.91,0.5133449,1.95,0.4866551,1.0,05,28
1.37,0.61230284,3.28,0.3876972,1.0,05,28
1.86,0.44884598,2.0,0.551154,1.0,05,28
2.07,0.36353478,1.81,0.63646525,1.0,05,28
1.64,0.61001694,2.35,0.3899831,1.0,05,28
2.64,0.40783674,1.54,0.59216326,0.0,05,28
1.69,0.574479,2.25,0.42552096,0.0,05,28
1.9,0.52567214,1.96,0.47432786,1.0,05,28
1.68,0.50350773,2.29,0.49649224,0.0,05,28
1.75,0.5952237,2.16,0.4047763,1.0,05,28
1.92,0.46858078,1.93,0.53141916,0.0,05,28
2.17,0.4840981,1.75,0.51590186,0.0,05,28
1.51,0.4854091,2.69,0.5145909,1.0,05,28
1.63,0.5347453,2.38,0.46525472,0.0,05,28
2.28,0.44259876,1.67,0.55740124,0.0,05,29
2.23,0.537072,1.71,0.46292797,0.0,05,29
2.0,0.51181704,1.87,0.48818293,0.0,05,29
1.44,0.5173403,2.94,0.48265967,1.0,05,29
1.69,0.5966516,2.27,0.40334836,1.0,05,29
2.36,0.49936107,1.64,0.5006389,1.0,05,29
1.46,0.62411135,2.85,0.37588862,1.0,05,29
2.25,0.56002724,1.7,0.4399728,1.0,05,29
1.75,0.5017152,2.16,0.49828473,0.0,05,29
1.62,0.46178824,2.41,0.5382118,1.0,05,29
1.92,0.4290423,1.93,0.5709577,1.0,05,29
2.48,0.42137742,1.59,0.5786225,0.0,05,29
1.51,0.5338178,2.71,0.4661821,0.0,05,29
1.74,0.4228798,2.18,0.5771202,0.0,05,29
3.19,0.44487295,1.39,0.55512714,0.0,05,29
2.04,0.4865101,1.83,0.51348996,1.0,05,30
2.36,0.38549343,1.63,0.61450666,1.0,05,30
1.98,0.46407276,1.89,0.5359273,0.0,05,30
2.23,0.4680428,1.71,0.5319572,0.0,05,30
1.73,0.53085846,2.18,0.46914157,1.0,05,30
2.38,0.4739469,1.63,0.526053,0.0,05,30
1.72,0.554682,2.2,0.44531804,0.0,05,30
1.43,0.5106848,2.95,0.48931524,1.0,05,30
1.76,0.53123635,2.13,0.46876368,1.0,05,30
1.58,0.5679685,2.49,0.4320315,0.0,05,30
2.36,0.43963212,1.64,0.5603678,0.0,05,30
1.69,0.5593855,2.28,0.44061455,1.0,05,30
1.78,0.5527276,2.12,0.44727248,1.0,05,30
1.94,0.45204398,1.93,0.54795605,1.0,05,30
2.22,0.481979,1.7,0.518021,0.0,05,31
1.51,0.5139995,2.7,0.48600045,1.0,05,31
1.47,0.57192516,2.81,0.42807487,0.0,05,31
1.82,0.49299854,2.06,0.50700146,0.0,05,31
1.9,0.44635478,1.96,0.5536452,0.0,05,31
1.58,0.5372016,2.5,0.46279845,1.0,05,31
2.14,0.39529574,1.75,0.6047042,0.0,05,31
1.53,0.50462085,2.63,0.49537915,0.0,05,31
2.33,0.44465762,1.66,0.5553424,0.0,05,31
2.11,0.5197683,1.78,0.48023176,1.0,05,31
1.45,0.5498851,2.91,0.4501149,0.0,05,31
1.43,0.59982276,2.92,0.40017727,1.0,05,31
1.89,0.47616965,1.97,0.5238303,1.0,05,31
1.95,0.51858634,1.91,0.48141363,1.0,05,31
1.59,0.5004621,2.5,0.49953783,0.0,06,01
2.59,0.452983,1.55,0.54701704,1.0,06,01
1.57,0.53388625,2.53,0.46611378,1.0,06,01
2.02,0.5515708,1.85,0.4484293,1.0,06,01
1.86,0.45030332,2.0,0.5496967,0.0,06,01
1.95,0.50185573,1.9,0.4981442,1.0,06,01
3.05,0.42605233,1.4,0.57394767,0.0,06,01
1.98,0.51065737,1.88,0.48934266,1.0,06,01
2.19,0.4019088,1.73,0.5980912,1.0,06,01
1.46,0.55060375,2.84,0.44939625,1.0,06,01
1.51,0.46398193,2.68,0.5360181,1.0,06,01
1.81,0.54353017,2.07,0.45646977,1.0,06,01
1.49,0.592381,2.73,0.40761897,0.0,06,01
2.14,0.40187284,1.76,0.5981272,1.0,06,01
3.15,0.36085907,1.39,0.63914096,0.0,06,02
1.72,0.43939507,2.21,0.56060493,0.0,06,02
1.58,0.5563822,2.49,0.44361782,1.0,06,02
2.13,0.4864866,1.76,0.5135133,1.0,06,02
1.92,0.5423002,1.92,0.4576998,0.0,06,02
1.5,0.6328672,2.69,0.36713275,1.0,06,02
2.11,0.45721576,1.78,0.5427843,0.0,06,02
2.04,0.44947827,1.83,0.5505217,1.0,06,02
1.61,0.57860243,2.44,0.4213975,0.0,06,02
2.07,0.38390002,1.81,0.6161,0.0,06,02
1.37,0.5599337,3.23,0.44006622,1.0,06,03
1.75,0.5946293,2.16,0.40537077,1.0,06,03
1.78,0.5460618,2.12,0.45393816,1.0,06,03
1.63,0.45769173,2.38,0.5423083,0.0,06,03
1.56,0.49652445,2.56,0.5034756,0.0,06,03
2.45,0.4789425,1.6,0.5210575,1.0,06,03
1.54,0.6349678,2.62,0.36503223,1.0,06,03
1.67,0.44497505,2.3,0.555025,1.0,06,03
1.66,0.50007266,2.32,0.49992728,1.0,06,03
1.72,0.51304364,2.21,0.48695642,1.0,06,03
2.04,0.42636454,1.83,0.5736354,0.0,06,03
2.0,0.43477952,1.86,0.5652205,0.0,06,03
1.52,0.50567234,2.68,0.49432775,1.0,06,03
1.68,0.43580446,2.3,0.5641956,1.0,06,03
1.34,0.568079,3.47,0.43192104,1.0,06,04
2.02,0.52537715,1.84,0.47462282,0.0,06,04
1.71,0.50103134,2.22,0.49896875,1.0,06,04
1.97,0.45849472,1.88,0.5415053,1.0,06,04
2.71,0.4721651,1.51,0.5278349,1.0,06,04
2.29,0.4196692,1.68,0.58033085,1.0,06,04
1.58,0.5280052,2.5,0.4719949,1.0,06,04
1.94,0.42510825,1.92,0.57489175,0.0,06,04
1.73,0.55907667,2.19,0.44092333,0.0,06,04
1.83,0.618293,2.03,0.38170698,1.0,06,04
2.0,0.43761128,1.87,0.5623888,1.0,06,04
1.95,0.47917923,1.9,0.5208207,1.0,06,04
1.21,0.5559161,4.75,0.44408387,1.0,06,04
2.06,0.40773666,1.82,0.59226334,1.0,06,04
2.72,0.45271334,1.5,0.5472866,0.0,06,05
1.49,0.6496931,2.74,0.35030696,1.0,06,05
1.77,0.44807595,2.13,0.551924,1.0,06,05
1.73,0.5768979,2.2,0.4231021,1.0,06,05
1.9,0.46188587,1.96,0.5381142,0.0,06,05
1.58,0.5812804,2.51,0.41871956,1.0,06,05
1.68,0.45713225,2.28,0.5428678,0.0,06,05
1.57,0.51601326,2.53,0.48398674,1.0,06,05
2.05,0.43402228,1.83,0.5659777,0.0,06,05
1.29,0.57103395,3.74,0.428966,0.0,06,05
2.05,0.4812893,1.83,0.5187107,1.0,06,05
1.38,0.5099895,3.22,0.49001056,1.0,06,05
1.62,0.4522509,2.4,0.5477491,1.0,06,05
2.31,0.3915537,1.67,0.6084463,0.0,06,05
3.37,0.42158198,1.35,0.578418,0.0,06,06
1.85,0.6206009,2.02,0.37939912,1.0,06,06
1.61,0.5017708,2.43,0.49822927,1.0,06,06
1.71,0.4299543,2.22,0.5700457,1.0,06,06
2.16,0.5961371,1.75,0.4038629,1.0,06,06
1.82,0.43184733,2.05,0.56815267,0.0,06,06
1.75,0.44302693,2.16,0.55697316,0.0,06,06
1.73,0.45783922,2.19,0.5421608,1.0,06,06
1.74,0.41423544,2.18,0.58576447,0.0,06,06
1.76,0.45587692,2.14,0.54412305,1.0,06,07
1.72,0.63721067,2.2,0.36278936,1.0,06,07
1.64,0.51842016,2.36,0.48157993,1.0,06,07
2.73,0.44334543,1.49,0.5566546,1.0,06,07
2.39,0.46982363,1.63,0.5301764,1.0,06,07
2.27,0.40515748,1.68,0.5948425,1.0,06,07
1.76,0.45037243,2.14,0.5496276,1.0,06,07
1.99,0.59166306,1.87,0.40833703,1.0,06,07
2.31,0.44766685,1.66,0.5523332,0.0,06,07
1.73,0.50445575,2.2,0.49554422,1.0,06,07
2.02,0.4478927,1.82,0.55210733,1.0,06,07
1.53,0.48514262,2.62,0.51485735,1.0,06,07
1.51,0.4595248,2.68,0.54047525,1.0,06,07
1.65,0.49295107,2.34,0.50704896,1.0,06,07
1.78,0.4401134,2.11,0.5598866,1.0,06,07
2.16,0.45658702,1.75,0.5434129,0.0,06,07
2.61,0.4313045,1.54,0.5686954,0.0,06,08
1.73,0.41304243,2.18,0.58695763,0.0,06,08
1.86,0.43581125,1.99,0.5641888,0.0,06,08
1.63,0.4507501,2.38,0.5492499,0.0,06,08
1.64,0.66867375,2.33,0.33132622,1.0,06,08
1.5,0.49328715,2.7,0.5067128,1.0,06,08
2.11,0.44209883,1.77,0.5579012,0.0,06,08
2.72,0.4404109,1.48,0.5595891,0.0,06,08
1.59,0.5948372,2.49,0.40516275,0.0,06,08
2.53,0.43456003,1.57,0.56543994,0.0,06,08
1.71,0.5094777,2.21,0.49052233,1.0,06,08
1.94,0.4475748,1.92,0.55242515,1.0,06,08
1.54,0.47291058,2.63,0.52708936,0.0,06,08
1.92,0.4255759,1.94,0.574424,1.0,06,08
2.15,0.49954504,1.76,0.50045496,1.0,06,08
2.13,0.59733015,1.76,0.40266994,1.0,06,09
1.88,0.56674206,1.97,0.43325797,1.0,06,09
1.75,0.46880344,2.16,0.53119653,1.0,06,09
1.57,0.5262525,2.52,0.47374755,0.0,06,09
2.6,0.44992375,1.55,0.55007625,0.0,06,09
2.12,0.44789025,1.77,0.5521097,1.0,06,09
1.88,0.4446488,1.98,0.55535114,0.0,06,09
1.75,0.4584197,2.17,0.5415803,0.0,06,09
1.74,0.43488958,2.18,0.5651104,0.0,06,09
1.72,0.5302846,2.21,0.46971545,1.0,06,10
1.58,0.45830595,2.48,0.54169405,0.0,06,10
1.36,0.6008235,3.32,0.39917648,1.0,06,10
1.88,0.5458607,1.97,0.45413932,1.0,06,10
1.99,0.55690145,1.86,0.44309857,1.0,06,10
1.93,0.5524422,1.92,0.44755784,1.0,06,10
2.82,0.39615485,1.46,0.6038452,1.0,06,10
1.6,0.65938056,2.46,0.3406194,1.0,06,10
1.85,0.44460502,2.01,0.555395,0.0,06,10
2.27,0.4198536,1.68,0.58014643,0.0,06,10
1.47,0.61504215,2.78,0.38495788,0.0,06,10
1.65,0.4559482,2.35,0.5440518,0.0,06,10
2.26,0.43631276,1.7,0.56368726,0.0,06,10
1.66,0.5048337,2.32,0.4951662,1.0,06,10
2.42,0.45251894,1.61,0.54748106,0.0,06,10
1.66,0.57066745,2.31,0.42933252,1.0,06,11
1.71,0.544112,2.22,0.45588797,1.0,06,11
1.74,0.6428173,2.18,0.3571827,0.0,06,11
2.22,0.42035124,1.71,0.5796488,0.0,06,11
3.53,0.37725183,1.33,0.6227482,0.0,06,11
1.81,0.5819933,2.05,0.41800672,1.0,06,11
1.54,0.6381201,2.61,0.36187991,1.0,06,11
2.03,0.44255176,1.83,0.5574482,1.0,06,11
1.75,0.5316141,2.14,0.4683859,0.0,06,11
1.72,0.50485826,2.21,0.49514177,0.0,06,11
1.94,0.43737116,1.92,0.5626288,0.0,06,11
1.84,0.49494764,2.02,0.5050523,1.0,06,11
1.75,0.46394157,2.17,0.5360584,1.0,06,11
2.77,0.4205232,1.47,0.5794768,1.0,06,11
1.55,0.47569293,2.59,0.524307,0.0,06,11
1.62,0.5555304,2.42,0.44446957,1.0,06,12
2.08,0.5525445,1.8,0.4474555,0.0,06,12
2.18,0.5249943,1.74,0.47500572,1.0,06,12
3.26,0.38689056,1.37,0.6131094,0.0,06,12
1.77,0.48403776,2.12,0.5159622,0.0,06,12
1.79,0.62715214,2.1,0.37284786,0.0,06,12
2.08,0.4500522,1.8,0.5499478,1.0,06,12
2.64,0.4240516,1.53,0.57594836,1.0,06,12
2.29,0.42420152,1.67,0.57579845,0.0,06,12
1.4,0.5932042,3.13,0.4067958,1.0,06,12
1.92,0.45362753,1.93,0.54637253,1.0,06,12
1.63,0.6063708,2.4,0.3936292,1.0,06,12
1.85,0.468845,2.01,0.531155,0.0,06,12
1.98,0.4477533,1.88,0.55224675,0.0,06,12
1.92,0.5097649,1.93,0.49023503,1.0,06,12
1.76,0.45755017,2.13,0.5424499,1.0,06,13
1.53,0.548384,2.64,0.45161602,0.0,06,13
1.92,0.460216,1.93,0.53978395,0.0,06,13
1.91,0.52065307,1.95,0.47934687,1.0,06,13
2.21,0.53154993,1.72,0.4684501,1.0,06,13
1.67,0.45410234,2.26,0.5458976,1.0,06,13
1.84,0.55218595,2.03,0.44781402,0.0,06,13
1.67,0.51763237,2.3,0.48236766,1.0,06,13
1.99,0.45989218,1.88,0.54010785,0.0,06,13
1.64,0.59035444,2.38,0.40964553,1.0,06,13
1.32,0.56841123,3.56,0.43158883,1.0,06,14
2.14,0.4323846,1.75,0.56761533,0.0,06,14
1.73,0.4936128,2.2,0.50638723,0.0,06,14
1.5,0.5971615,2.71,0.4028385,0.0,06,14
1.75,0.6249975,2.16,0.37500247,0.0,06,14
1.83,0.45688573,2.05,0.5431143,1.0,06,14
2.1,0.4936355,1.78,0.50636446,0.0,06,14
2.08,0.54136837,1.79,0.4586316,1.0,06,14
1.65,0.5378821,2.33,0.46211794,0.0,06,14
1.89,0.5314609,1.97,0.46853915,1.0,06,14
2.32,0.41264486,1.65,0.58735514,0.0,06,14
1.73,0.5789906,2.21,0.4210094,1.0,06,14
1.81,0.47525886,2.07,0.5247412,0.0,06,14
1.72,0.48626876,2.21,0.5137312,0.0,06,14
1.35,0.6342231,3.35,0.3657769,1.0,06,14
1.95,0.53264993,1.91,0.46735004,1.0,06,15
3.13,0.3755173,1.39,0.6244827,0.0,06,15
1.8,0.46256977,2.08,0.53743017,1.0,06,15
1.43,0.6143133,2.95,0.38568664,1.0,06,15
1.65,0.4607883,2.32,0.53921163,1.0,06,15
1.67,0.6075503,2.29,0.39244962,1.0,06,15
2.51,0.40351126,1.58,0.5964887,0.0,06,15
1.81,0.4773494,2.06,0.5226506,1.0,06,15
1.59,0.63189995,2.49,0.36810002,1.0,06,15
1.73,0.46214843,2.17,0.5378516,1.0,06,15
1.72,0.5323633,2.19,0.4676367,0.0,06,15
1.52,0.54879624,2.67,0.45120382,1.0,06,15
2.3,0.5213647,1.67,0.47863534,1.0,06,15
1.79,0.56603956,2.11,0.4339604,1.0,06,15
1.65,0.5162252,2.34,0.4837748,0.0,06,15
1.87,0.4799662,1.99,0.5200338,1.0,06,16
2.0,0.44402876,1.85,0.5559712,0.0,06,16
1.89,0.5134001,1.95,0.48659992,0.0,06,16
2.19,0.4310475,1.72,0.56895256,0.0,06,16
1.76,0.5854867,2.15,0.4145133,0.0,06,16
1.78,0.6142369,2.12,0.3857631,1.0,06,16
2.15,0.46427795,1.76,0.53572196,0.0,06,16
1.93,0.53825456,1.93,0.46174544,0.0,06,16
1.63,0.5418714,2.36,0.45812848,0.0,06,16
2.67,0.40730655,1.52,0.5926935,0.0,06,16
1.36,0.7105831,3.34,0.28941697,1.0,06,17
2.22,0.4527162,1.7,0.54728377,0.0,06,17
2.27,0.423603,1.68,0.576397,0.0,06,17
1.76,0.50746465,2.14,0.49253538,0.0,06,17
2.02,0.48909175,1.85,0.5109082,1.0,06,17
1.44,0.5395763,2.94,0.46042368,0.0,06,17
1.83,0.43555927,2.03,0.5644407,0.0,06,17
1.35,0.60594106,3.39,0.3940589,0.0,06,17
2.54,0.4626995,1.57,0.5373005,0.0,06,17
1.98,0.52540183,1.87,0.4745981,1.0,06,17
1.82,0.48820737,2.03,0.5117926,0.0,06,17
2.28,0.4674192,1.69,0.5325808,1.0,06,17
1.59,0.57210463,2.5,0.42789534,1.0,06,17
2.58,0.41821265,1.55,0.58178735,0.0,06,17
2.38,0.4718598,1.63,0.5281402,0.0,06,18
2.32,0.4223338,1.66,0.5776662,0.0,06,18
1.86,0.4706295,2.0,0.5293705,1.0,06,18
1.54,0.54133826,2.63,0.4586617,1.0,06,18
1.8,0.47057408,2.1,0.52942586,0.0,06,18
1.43,0.632416,2.96,0.36758402,1.0,06,18
1.72,0.43218732,2.2,0.5678126,0.0,06,18
1.54,0.5157723,2.63,0.48422775,0.0,06,18
1.47,0.539488,2.81,0.460512,1.0,06,18
1.38,0.6903569,3.25,0.3096431,1.0,06,18
1.7,0.57886803,2.24,0.42113203,1.0,06,18
1.38,0.55681115,3.23,0.44318894,0.0,06,18
1.59,0.5814975,2.48,0.41850254,1.0,06,18
3.23,0.42378956,1.38,0.5762105,1.0,06,18
1.58,0.502352,2.52,0.49764803,1.0,06,19
1.53,0.52635497,2.63,0.47364497,0.0,06,19
1.71,0.4434483,2.22,0.5565517,0.0,06,19
1.99,0.4809009,1.88,0.519099,1.0,06,19
1.51,0.55071837,2.68,0.44928166,1.0,06,19
2.16,0.41235274,1.73,0.58764726,0.0,06,19
1.49,0.58620393,2.77,0.4137961,1.0,06,19
2.43,0.4771453,1.62,0.5228547,1.0,06,19
1.93,0.5389231,1.92,0.46107692,1.0,06,19
1.81,0.49367923,2.07,0.50632083,0.0,06,19
2.21,0.45860153,1.71,0.5413984,0.0,06,19
1.48,0.62492526,2.79,0.37507474,1.0,06,19
2.04,0.4464037,1.83,0.55359626,1.0,06,19
1.6,0.64198655,2.45,0.35801342,1.0,06,19
1.78,0.4541199,2.09,0.54588014,0.0,06,20
2.36,0.42133197,1.64,0.57866806,1.0,06,20
1.44,0.5223698,2.87,0.47763014,0.0,06,20
1.79,0.53299475,2.07,0.4670053,1.0,06,20
2.23,0.43249893,1.7,0.56750107,1.0,06,20
1.61,0.53020394,2.42,0.4697961,0.0,06,20
1.91,0.620383,1.94,0.37961707,1.0,06,20
1.68,0.4990226,2.27,0.5009774,1.0,06,20
1.33,0.509569,3.51,0.490431,1.0,06,20
1.55,0.6801929,2.58,0.3198071,0.0,06,21
1.59,0.47902405,2.48,0.5209759,0.0,06,21
2.65,0.42729127,1.51,0.5727087,0.0,06,21
1.49,0.49743,2.72,0.5025701,0.0,06,21
1.94,0.48198068,1.92,0.5180194,0.0,06,21
1.57,0.58124876,2.55,0.41875118,1.0,06,21
1.74,0.4809013,2.18,0.5190987,1.0,06,21
1.69,0.63767713,2.27,0.3623229,1.0,06,21
1.68,0.50244886,2.27,0.49755108,0.0,06,21
1.5,0.61326456,2.71,0.3867354,0.0,06,21
1.62,0.49549264,2.42,0.50450736,1.0,06,21
1.73,0.5034654,2.18,0.49653453,1.0,06,21
1.63,0.5443489,2.39,0.45565113,1.0,06,21
1.74,0.45547795,2.18,0.54452205,1.0,06,21
1.74,0.5086436,2.16,0.4913563,1.0,06,22
1.66,0.65812504,2.31,0.3418749,1.0,06,22
1.71,0.47477213,2.22,0.5252279,1.0,06,22
1.39,0.5450449,3.15,0.45495507,0.0,06,22
1.75,0.5148995,2.14,0.4851005,0.0,06,22
1.59,0.4905191,2.46,0.50948095,1.0,06,22
1.54,0.66950107,2.59,0.33049893,1.0,06,22
1.86,0.4489012,2.01,0.55109876,0.0,06,22
1.84,0.47991124,2.02,0.5200888,0.0,06,22
1.77,0.5463721,2.11,0.45362788,1.0,06,22
1.77,0.46127802,2.11,0.538722,1.0,06,22
1.43,0.6273535,2.97,0.3726465,1.0,06,22
1.59,0.52456903,2.47,0.47543094,1.0,06,22
1.72,0.44769135,2.21,0.5523086,1.0,06,22
1.69,0.4542072,2.25,0.54579276,0.0,06,23
1.68,0.45129117,2.25,0.54870886,1.0,06,23
1.67,0.4637713,2.3,0.5362287,0.0,06,23
1.38,0.5426807,3.2,0.45731932,1.0,06,23
2.38,0.42344174,1.63,0.5765583,1.0,06,23
2.0,0.6091987,1.85,0.3908013,0.0,06,23
2.47,0.41556102,1.58,0.58443904,0.0,06,23
1.68,0.506929,2.27,0.49307102,0.0,06,23
1.64,0.55875057,2.34,0.44124952,1.0,06,24
1.48,0.6379099,2.77,0.36209014,1.0,06,24
1.8,0.46587825,2.07,0.5341217,1.0,06,24
1.78,0.5992,2.11,0.40080008,0.0,06,24
2.0,0.44977173,1.87,0.5502283,0.0,06,24
2.88,0.38661647,1.45,0.6133836,0.0,06,24
2.68,0.45845553,1.51,0.54154444,0.0,06,24
2.45,0.45664033,1.6,0.5433597,1.0,06,24
2.61,0.4316365,1.54,0.5683634,1.0,06,24
2.13,0.5812552,1.76,0.41874483,0.0,06,24
1.75,0.47744578,2.15,0.5225542,0.0,06,24
1.64,0.5270742,2.35,0.47292575,0.0,06,24
2.02,0.39453772,1.85,0.60546225,1.0,06,24
1.53,0.63095385,2.64,0.36904624,1.0,06,24
1.59,0.54390794,2.48,0.4560921,1.0,06,25
1.49,0.6061521,2.75,0.3938479,1.0,06,25
2.02,0.4510788,1.83,0.5489212,0.0,06,25
2.34,0.5972537,1.65,0.40274632,0.0,06,25
1.77,0.4859818,2.1,0.5140182,1.0,06,25
2.22,0.44427943,1.72,0.55572057,0.0,06,25
2.26,0.4379782,1.68,0.5620218,1.0,06,25
1.59,0.54732054,2.48,0.45267949,1.0,06,25
2.27,0.40980577,1.68,0.59019417,0.0,06,25
2.14,0.5863679,1.76,0.4136321,0.0,06,25
2.32,0.45601553,1.65,0.5439845,1.0,06,25
2.07,0.49527308,1.81,0.5047269,1.0,06,25
1.7,0.50491047,2.24,0.49508956,0.0,06,25
1.35,0.6195283,3.39,0.3804717,0.0,06,25
1.75,0.4130465,2.14,0.5869535,1.0,06,25
1.52,0.6000906,2.64,0.3999094,0.0,06,26
1.73,0.6506185,2.2,0.34938145,1.0,06,26
1.69,0.49940005,2.24,0.5005999,0.0,06,26
2.09,0.40648836,1.8,0.59351164,1.0,06,26
1.77,0.5420426,2.14,0.45795745,1.0,06,26
1.84,0.47451952,2.02,0.52548045,1.0,06,26
2.23,0.43970874,1.7,0.5602913,0.0,06,26
1.95,0.60901076,1.9,0.3909892,1.0,06,26
1.8,0.491724,2.09,0.50827605,1.0,06,26
1.86,0.5116696,2.0,0.48833045,1.0,06,26
1.44,0.6249307,2.9,0.37506932,1.0,06,26
1.74,0.46603534,2.16,0.5339647,1.0,06,26
1.81,0.39920488,2.07,0.60079515,0.0,06,26
3.22,0.44161275,1.37,0.5583872,1.0,06,26
1.85,0.46082008,2.01,0.5391799,0.0,06,27
1.78,0.5240247,2.11,0.4759753,0.0,06,27
2.05,0.45347553,1.82,0.5465245,1.0,06,27
2.3,0.42187384,1.65,0.57812613,0.0,06,27
3.4,0.44758666,1.34,0.5524133,0.0,06,27
1.89,0.4345093,1.96,0.5654907,1.0,06,27
1.74,0.5030382,2.17,0.4969618,1.0,06,27
2.07,0.45334238,1.81,0.54665756,1.0,06,27
1.71,0.47105217,2.21,0.5289479,0.0,06,27
1.84,0.52294165,2.03,0.47705844,0.0,06,27
1.57,0.5715295,2.52,0.4284705,0.0,06,27
2.12,0.5024287,1.76,0.4975713,0.0,06,28
1.79,0.45763397,2.1,0.542366,1.0,06,28
2.82,0.41097948,1.46,0.5890205,0.0,06,28
3.1,0.45067102,1.4,0.549329,0.0,06,28
1.89,0.5034954,1.96,0.4965046,1.0,06,28
1.92,0.42687255,1.94,0.57312745,0.0,06,28
1.54,0.6065977,2.61,0.3934023,0.0,06,28
2.18,0.46966258,1.69,0.53033733,0.0,06,28
1.98,0.4970495,1.88,0.50295043,0.0,06,28
2.29,0.4384447,1.67,0.56155527,0.0,06,28
1.46,0.502255,2.83,0.497745,0.0,06,28
2.12,0.5164794,1.78,0.48352072,0.0,06,28
2.38,0.4618896,1.63,0.53811044,0.0,06,28
1.58,0.5439132,2.48,0.45608675,1.0,06,28
1.69,0.5666187,2.26,0.43338135,0.0,06,28
2.58,0.42860782,1.55,0.5713922,1.0,06,29
2.59,0.45488873,1.54,0.54511124,0.0,06,29
1.73,0.53452915,2.18,0.46547076,1.0,06,29
2.11,0.45894143,1.78,0.5410586,0.0,06,29
2.34,0.5068765,1.65,0.49312344,0.0,06,29
1.56,0.48735386,2.52,0.5126462,0.0,06,29
2.24,0.47047246,1.7,0.52952754,0.0,06,29
1.37,0.5080742,3.25,0.49192584,1.0,06,29
1.53,0.57717633,2.65,0.42282367,1.0,06,29
2.99,0.42214444,1.43,0.5778556,0.0,06,29
1.88,0.5864625,1.98,0.41353747,1.0,06,29
1.92,0.5149764,1.93,0.48502356,1.0,06,29
1.58,0.5412134,2.51,0.45878667,0.0,06,29
1.75,0.44000912,2.17,0.5599909,1.0,06,29
1.73,0.5127018,2.19,0.48729813,0.0,06,29
1.67,0.5312854,2.29,0.46871454,1.0,06,30
1.61,0.6056279,2.43,0.3943721,1.0,06,30
2.24,0.4782227,1.7,0.5217773,0.0,06,30
1.48,0.58468723,2.76,0.41531283,1.0,06,30
2.07,0.5097574,1.8,0.4902426,0.0,06,30
2.5,0.43368715,1.58,0.56631285,1.0,06,30
2.26,0.45571753,1.69,0.5442825,1.0,06,30
1.88,0.47452,1.98,0.52548003,0.0,06,30
1.74,0.53537476,2.18,0.46462527,0.0,06,30
2.33,0.4117928,1.65,0.5882072,0.0,06,30
1.92,0.50844526,1.96,0.49155465,1.0,06,30
1.72,0.51365745,2.2,0.48634252,0.0,07,01
1.56,0.5872124,2.56,0.4127876,1.0,07,01
2.09,0.59026444,1.78,0.40973553,1.0,07,01
1.5,0.5883749,2.72,0.41162512,1.0,07,01
1.9,0.4664801,1.95,0.5335199,1.0,07,01
1.93,0.4566701,1.92,0.5433299,0.0,07,01
1.79,0.44990787,2.1,0.55009216,0.0,07,01
1.54,0.5293223,2.62,0.47067773,1.0,07,01
2.07,0.4381487,1.8,0.5618513,0.0,07,01
1.51,0.56778145,2.7,0.43221855,1.0,07,01
2.29,0.38328597,1.66,0.6167141,0.0,07,01
1.63,0.5288244,2.39,0.4711756,0.0,07,01
1.54,0.50358117,2.59,0.4964188,1.0,07,01
1.99,0.5001872,1.88,0.49981275,1.0,07,01
2.27,0.5355448,1.69,0.4644552,1.0,07,01
1.59,0.5583745,2.48,0.4416255,1.0,07,02
1.86,0.46143246,2.0,0.53856754,1.0,07,02
1.52,0.55193394,2.67,0.4480661,1.0,07,02
3.23,0.39255977,1.38,0.6074402,1.0,07,02
1.98,0.47063282,1.88,0.52936715,0.0,07,02
2.2,0.45630735,1.71,0.54369265,0.0,07,02
2.35,0.571624,1.63,0.42837605,0.0,07,02
1.63,0.5619161,2.39,0.4380839,0.0,07,02
2.97,0.44674292,1.43,0.55325705,1.0,07,02
1.45,0.568792,2.88,0.43120804,0.0,07,02
1.62,0.5653649,2.41,0.4346351,0.0,07,02
1.95,0.42773545,1.88,0.57226455,1.0,07,02
1.57,0.52221733,2.54,0.4777827,1.0,07,02
1.71,0.5380841,2.21,0.46191588,1.0,07,02
1.66,0.5265131,2.31,0.47348693,1.0,07,02
2.02,0.51130164,1.84,0.48869842,1.0,07,03
1.96,0.45675328,1.9,0.5432467,1.0,07,03
1.55,0.50088614,2.56,0.49911386,0.0,07,03
1.92,0.5352751,1.93,0.4647249,1.0,07,03
1.9,0.60327786,1.96,0.3967221,1.0,07,03
1.32,0.6051004,3.63,0.3948997,1.0,07,03
1.8,0.4950912,2.08,0.50490886,0.0,07,03
2.49,0.43687862,1.58,0.5631214,1.0,07,03
1.53,0.5515653,2.64,0.44843468,1.0,07,03
1.7,0.55448914,2.25,0.44551086,0.0,07,03
1.75,0.41875118,2.13,0.58124876,0.0,07,03
1.59,0.5050245,2.48,0.49497557,1.0,07,03
1.64,0.5380911,2.35,0.46190888,1.0,07,03
2.12,0.49694553,1.77,0.50305444,0.0,07,03
2.37,0.41870892,1.64,0.5812911,0.0,07,03
1.38,0.6148595,3.19,0.38514048,0.0,07,04
1.86,0.51870316,1.98,0.4812968,1.0,07,04
1.46,0.57756233,2.87,0.42243764,1.0,07,04
2.06,0.5362587,1.82,0.46374133,1.0,07,04
1.67,0.5552077,2.29,0.44479227,1.0,07,04
1.84,0.4574879,2.03,0.54251206,0.0,07,04
1.54,0.56362444,2.62,0.43637556,0.0,07,04
1.43,0.6264807,2.95,0.37351924,1.0,07,04
1.8,0.50460917,2.08,0.49539077,1.0,07,04
1.55,0.5062013,2.6,0.49379873,1.0,07,04
1.56,0.5651947,2.55,0.43480524,1.0,07,04
1.55,0.5853265,2.59,0.41467345,1.0,07,04
1.49,0.65697134,2.73,0.34302863,1.0,07,04
1.67,0.5048615,2.29,0.4951385,0.0,07,04
1.56,0.5618406,2.54,0.43815947,1.0,07,04
1.32,0.5904607,3.58,0.40953925,0.0,07,05
1.93,0.4802993,1.92,0.5197007,1.0,07,05
1.58,0.6140898,2.49,0.38591024,0.0,07,05
1.62,0.6441147,2.4,0.3558853,1.0,07,05
1.47,0.55082154,2.84,0.4491784,0.0,07,05
1.51,0.59542906,2.69,0.4045709,1.0,07,05
1.65,0.55332226,2.33,0.44667777,0.0,07,05
1.53,0.5255767,2.63,0.47442332,0.0,07,05
1.72,0.5419357,2.21,0.45806438,0.0,07,05
2.04,0.5384137,1.82,0.4615863,0.0,07,05
1.69,0.5188162,2.27,0.4811838,1.0,07,05
2.09,0.47343525,1.79,0.5265648,1.0,07,05
1.7,0.5027114,2.24,0.49728855,1.0,07,05
1.72,0.5480695,2.22,0.45193055,0.0,07,05
1.46,0.5320465,2.86,0.46795356,0.0,07,05
1.81,0.50570935,2.06,0.49429056,0.0,07,06
1.54,0.48171115,2.64,0.51828885,1.0,07,06
1.92,0.4843671,1.93,0.51563287,1.0,07,06
1.41,0.5906503,3.05,0.40934974,1.0,07,06
1.52,0.5792651,2.66,0.42073488,0.0,07,06
1.94,0.5319976,1.91,0.46800232,0.0,07,06
1.43,0.6475632,2.96,0.35243678,1.0,07,06
1.53,0.56656146,2.62,0.43343845,1.0,07,06
1.55,0.6251459,2.57,0.37485406,1.0,07,06
1.64,0.5076882,2.38,0.49231172,0.0,07,06
2.56,0.56700456,1.56,0.4329954,1.0,07,06
1.67,0.5229343,2.3,0.47706565,1.0,07,06
1.6,0.53738445,2.48,0.46261552,0.0,07,06
1.84,0.4582521,2.02,0.5417479,0.0,07,06
1.47,0.5355743,2.79,0.4644257,1.0,07,06
1.93,0.48565874,1.91,0.5143413,0.0,07,07
1.71,0.5573899,2.22,0.44261006,1.0,07,07
1.77,0.4789332,2.11,0.5210668,1.0,07,07
1.64,0.5921922,2.33,0.40780786,0.0,07,07
1.99,0.5105803,1.86,0.48941964,1.0,07,07
1.36,0.57202274,3.34,0.42797732,0.0,07,07
1.81,0.58841735,2.04,0.4115827,0.0,07,07
1.81,0.51681507,2.06,0.48318496,0.0,07,07
1.69,0.55910426,2.23,0.44089574,1.0,07,07
1.58,0.5484349,2.5,0.4515651,1.0,07,07
1.68,0.6726445,2.29,0.32735553,0.0,07,07
1.89,0.5274087,1.94,0.4725912,0.0,07,08
2.83,0.4448311,1.45,0.5551689,1.0,07,08
1.47,0.5187787,2.8,0.48122132,1.0,07,08
1.87,0.5537982,1.98,0.4462019,1.0,07,08
1.61,0.63216144,2.43,0.3678386,1.0,07,08
1.91,0.48637086,1.94,0.51362914,0.0,07,08
1.51,0.62872726,2.68,0.37127274,1.0,07,08
1.32,0.5552686,3.58,0.44473138,0.0,07,08
1.63,0.524617,2.38,0.47538298,0.0,07,08
1.57,0.53745073,2.54,0.4625493,1.0,07,08
2.09,0.45184013,1.78,0.54815984,1.0,07,08
1.96,0.5203264,1.89,0.47967368,0.0,07,08
1.52,0.7166615,2.68,0.28333855,1.0,07,08
1.66,0.4950016,2.28,0.50499845,1.0,07,08
1.39,0.5122395,3.19,0.48776057,0.0,07,09
1.56,0.5295302,2.57,0.47046983,1.0,07,09
2.3,0.43721652,1.67,0.5627835,0.0,07,09
1.8,0.5779888,2.08,0.42201126,1.0,07,09
1.51,0.5756017,2.67,0.4243983,1.0,07,09
1.71,0.49917665,2.2,0.5008233,1.0,07,09
1.55,0.6010934,2.58,0.39890668,0.0,07,09
1.45,0.52084035,2.9,0.47915968,0.0,07,09
2.05,0.5581739,1.82,0.44182613,1.0,07,09
1.42,0.72468114,3.06,0.27531886,1.0,07,09
2.83,0.47124943,1.47,0.52875054,0.0,07,09
2.47,0.45107695,1.59,0.5489231,1.0,07,09
1.64,0.55137503,2.37,0.44862488,1.0,07,09
1.67,0.59987205,2.3,0.40012795,0.0,07,09
1.69,0.5200285,2.25,0.47997156,1.0,07,10
1.69,0.6002667,2.25,0.39973333,0.0,07,10
1.96,0.5150003,1.91,0.48499975,0.0,07,10
1.47,0.6118847,2.82,0.38811523,1.0,07,10
1.42,0.59304345,3.02,0.4069565,1.0,07,10
2.36,0.44120702,1.64,0.55879295,0.0,07,10
1.6,0.52013785,2.44,0.47986218,0.0,07,10
1.5,0.5395883,2.72,0.46041164,1.0,07,10
1.69,0.46270758,2.25,0.53729236,0.0,07,10
2.11,0.54504764,1.78,0.45495233,0.0,07,10
1.59,0.6254806,2.49,0.37451944,0.0,07,10
1.49,0.5517854,2.77,0.4482146,0.0,07,10
1.43,0.7320536,2.99,0.26794642,1.0,07,10
1.4,0.5237985,3.08,0.47620144,1.0,07,10
1.52,0.60007155,2.66,0.39992845,1.0,07,15
1.66,0.46999517,2.29,0.53000474,0.0,07,15
2.04,0.45502988,1.81,0.54497015,0.0,07,15
1.48,0.64016354,2.77,0.3598365,1.0,07,15
1.63,0.6048188,2.4,0.39518115,1.0,07,15
1.69,0.6807662,2.26,0.31923372,1.0,07,15
1.77,0.5107585,2.12,0.48924142,0.0,07,15
1.96,0.40646148,1.9,0.5935386,0.0,07,15
2.34,0.44267097,1.64,0.55732906,0.0,07,15
1.76,0.4615869,2.13,0.53841305,0.0,07,15
2.17,0.4129113,1.73,0.58708876,0.0,07,15
1.76,0.46926922,2.14,0.5307308,1.0,07,15
2.34,0.4068067,1.64,0.59319323,1.0,07,15
1.84,0.5406179,2.04,0.45938212,0.0,07,15
2.97,0.37770334,1.42,0.6222967,1.0,07,15
1.82,0.5686045,2.05,0.4313954,1.0,07,16
1.78,0.49028036,2.09,0.50971955,0.0,07,16
2.02,0.41163084,1.84,0.5883692,1.0,07,16
2.03,0.5728406,1.82,0.42715943,1.0,07,16
2.17,0.48382905,1.72,0.516171,0.0,07,16
1.79,0.47844636,2.07,0.52155364,1.0,07,16
2.07,0.42424783,1.8,0.5757522,0.0,07,16
1.96,0.5418916,1.9,0.45810848,0.0,07,16
2.26,0.6121028,1.67,0.38789713,0.0,07,16
2.26,0.45362896,1.68,0.54637104,1.0,07,16
1.53,0.48163545,2.64,0.51836455,1.0,07,16
2.42,0.42447868,1.6,0.5755213,1.0,07,16
1.8,0.60859156,2.08,0.3914084,1.0,07,16
2.48,0.39450222,1.59,0.6054978,1.0,07,16
1.62,0.4719022,2.42,0.52809775,1.0,07,16
2.05,0.56575346,1.82,0.43424648,1.0,07,17
1.64,0.7031495,2.36,0.29685053,1.0,07,17
2.08,0.50564456,1.8,0.4943554,1.0,07,17
1.92,0.44682735,1.92,0.5531726,1.0,07,17
2.63,0.45909265,1.53,0.5409074,0.0,07,17
1.38,0.64657325,3.23,0.35342672,0.0,07,17
2.28,0.44137985,1.66,0.55862015,0.0,07,17
1.68,0.4530896,2.27,0.54691046,0.0,07,17
1.75,0.56708544,2.16,0.43291456,0.0,07,17
1.76,0.4624991,2.15,0.5375009,1.0,07,17
1.97,0.408553,1.88,0.59144706,0.0,07,17
2.32,0.40254736,1.65,0.59745264,1.0,07,17
1.93,0.54264057,1.93,0.45735937,0.0,07,17
3.18,0.35451734,1.39,0.64548266,1.0,07,17
2.0,0.4846236,1.84,0.5153764,1.0,07,17
1.64,0.55051136,2.35,0.44948873,1.0,07,18
1.92,0.5742485,1.93,0.42575154,1.0,07,18
2.66,0.4728614,1.52,0.5271386,0.0,07,18
1.71,0.51622695,2.22,0.48377308,1.0,07,18
1.69,0.5728468,2.25,0.42715323,1.0,07,18
2.35,0.51929516,1.64,0.4807048,1.0,07,18
1.51,0.6538375,2.69,0.34616253,1.0,07,18
1.78,0.566287,2.12,0.43371302,1.0,07,18
1.84,0.4863882,2.02,0.5136118,1.0,07,18
2.15,0.49815986,1.75,0.5018402,1.0,07,18
2.24,0.4587375,1.7,0.54126245,1.0,07,18
1.61,0.5405941,2.43,0.45940596,0.0,07,19
1.71,0.5821667,2.22,0.4178333,1.0,07,19
1.72,0.5342322,2.2,0.46576783,0.0,07,19
1.6,0.54928076,2.42,0.4507192,1.0,07,19
2.06,0.5072508,1.81,0.4927492,0.0,07,19
1.54,0.48541796,2.58,0.5145821,1.0,07,19
1.51,0.48811644,2.69,0.51188356,0.0,07,19
1.68,0.5477258,2.26,0.4522742,0.0,07,19
2.13,0.4995806,1.76,0.50041944,0.0,07,19
1.79,0.56082743,2.11,0.4391726,0.0,07,19
2.56,0.3344305,1.55,0.66556954,0.0,07,19
1.82,0.48968256,2.06,0.5103175,1.0,07,19
2.64,0.44050097,1.53,0.559499,1.0,07,19
2.03,0.45935622,1.83,0.54064375,0.0,07,19
1.55,0.5461053,2.58,0.45389464,1.0,07,20
1.57,0.5719912,2.5,0.42800882,0.0,07,20
1.47,0.5462014,2.81,0.45379862,1.0,07,20
2.21,0.50555325,1.72,0.49444672,0.0,07,20
1.45,0.6494276,2.86,0.35057244,1.0,07,20
2.09,0.5438171,1.79,0.45618293,0.0,07,20
2.06,0.4688438,1.8,0.53115624,0.0,07,20
2.52,0.35340157,1.55,0.6465984,0.0,07,20
1.55,0.48841727,2.58,0.5115828,1.0,07,20
1.39,0.503022,3.11,0.49697807,1.0,07,20
1.44,0.5888853,2.95,0.41111472,1.0,07,20
2.27,0.53105164,1.69,0.46894836,1.0,07,20
1.62,0.55476475,2.41,0.44523528,0.0,07,20
1.79,0.5246531,2.09,0.4753469,1.0,07,20
1.45,0.6366391,2.86,0.36336082,1.0,07,20
1.64,0.48649916,2.38,0.51350087,1.0,07,20
1.52,0.542961,2.65,0.457039,0.0,07,21
1.86,0.53810084,1.99,0.4618992,0.0,07,21
1.84,0.5245919,2.0,0.47540808,0.0,07,21
1.57,0.5748368,2.54,0.42516327,1.0,07,21
1.44,0.6370656,2.88,0.36293438,1.0,07,21
1.47,0.6345354,2.78,0.3654646,1.0,07,21
1.75,0.5161066,2.15,0.48389342,0.0,07,21
1.63,0.53250515,2.36,0.46749488,1.0,07,21
1.77,0.47523594,2.1,0.52476406,0.0,07,21
1.93,0.50559324,1.89,0.49440673,1.0,07,22
1.96,0.44704407,1.89,0.5529559,1.0,07,22
1.4,0.57614136,3.15,0.42385858,0.0,07,22
1.39,0.6582292,3.11,0.3417708,0.0,07,22
1.62,0.55937016,2.39,0.4406298,0.0,07,22
1.61,0.6062363,2.42,0.39376366,0.0,07,22
1.83,0.48313493,2.03,0.516865,1.0,07,22
2.32,0.4575634,1.65,0.54243666,0.0,07,22
1.7,0.4628364,2.24,0.5371636,1.0,07,22
2.38,0.4434857,1.63,0.55651426,0.0,07,22
1.88,0.5580126,1.98,0.4419874,1.0,07,22
2.22,0.44932312,1.72,0.5506768,1.0,07,22
1.53,0.5109098,2.63,0.4890902,1.0,07,22
2.04,0.48730174,1.81,0.5126983,1.0,07,22
1.85,0.54231876,2.0,0.4576812,0.0,07,23
1.97,0.43961686,1.88,0.56038314,0.0,07,23
1.6,0.57889557,2.46,0.4211044,1.0,07,23
1.72,0.53918564,2.22,0.4608144,1.0,07,23
1.28,0.71695775,3.89,0.28304222,1.0,07,23
1.42,0.6324051,3.02,0.36759496,0.0,07,23
2.09,0.4451003,1.79,0.55489975,1.0,07,23
1.5,0.48326284,2.71,0.51673716,1.0,07,23
2.3,0.4475473,1.66,0.5524527,1.0,07,23
2.04,0.53618747,1.81,0.46381253,0.0,07,23
2.21,0.44342116,1.72,0.5565789,0.0,07,23
1.43,0.5453009,2.97,0.4546991,1.0,07,23
2.05,0.48525137,1.81,0.5147487,1.0,07,23
1.69,0.46522483,2.27,0.53477514,1.0,07,24
1.56,0.57194215,2.56,0.42805782,1.0,07,24
1.96,0.45674032,1.87,0.5432597,0.0,07,24
2.36,0.499599,1.64,0.50040096,1.0,07,24
1.55,0.639558,2.59,0.360442,1.0,07,24
1.69,0.5537548,2.28,0.44624516,1.0,07,24
1.56,0.6351886,2.56,0.3648114,0.0,07,24
1.57,0.47662008,2.54,0.5233799,1.0,07,24
2.29,0.44701818,1.68,0.5529819,0.0,07,24
1.82,0.5539249,2.05,0.4460751,0.0,07,24
1.67,0.5672626,2.3,0.4327374,1.0,07,24
2.19,0.4730238,1.72,0.5269762,1.0,07,24
1.43,0.5382887,2.97,0.46171126,1.0,07,24
2.35,0.44737253,1.64,0.5526275,0.0,07,24
1.75,0.5328468,2.15,0.4671532,0.0,07,25
1.59,0.5151459,2.46,0.48485413,1.0,07,25
1.36,0.6854073,3.38,0.31459275,1.0,07,25
1.8,0.48719504,2.07,0.5128049,1.0,07,25
1.75,0.5820918,2.11,0.41790822,1.0,07,25
2.93,0.4559094,1.44,0.54409057,1.0,07,25
1.64,0.5557838,2.35,0.44421625,0.0,07,25
1.81,0.5459796,2.07,0.4540204,0.0,07,25
1.81,0.5646142,2.08,0.43538582,0.0,07,25
1.61,0.47235227,2.39,0.5276478,0.0,07,26
2.67,0.45616558,1.51,0.54383445,1.0,07,26
1.53,0.51298565,2.62,0.48701432,0.0,07,26
1.69,0.5193172,2.25,0.48068282,0.0,07,26
1.36,0.6577667,3.34,0.34223333,1.0,07,26
1.41,0.5757575,3.06,0.42424253,0.0,07,26
1.67,0.5208964,2.31,0.47910362,1.0,07,26
1.61,0.4743719,2.39,0.5256281,1.0,07,26
1.96,0.5409392,1.89,0.4590608,0.0,07,26
1.67,0.5846268,2.31,0.41537312,0.0,07,26
1.83,0.46695185,2.03,0.53304815,1.0,07,26
1.5,0.4573124,2.72,0.5426876,0.0,07,26
2.1,0.5381484,1.78,0.46185154,0.0,07,26
1.73,0.5563711,2.15,0.4436289,1.0,07,26
1.83,0.591886,2.05,0.408114,1.0,07,26
1.81,0.48526743,2.06,0.51473266,0.0,07,27
1.48,0.6396117,2.78,0.3603883,0.0,07,27
1.83,0.5124677,2.02,0.48753232,0.0,07,27
1.57,0.560524,2.53,0.43947598,0.0,07,27
1.39,0.60207045,3.18,0.3979295,0.0,07,27
1.65,0.4827745,2.35,0.51722556,0.0,07,27
1.7,0.5469568,2.23,0.45304328,1.0,07,27
2.15,0.45550123,1.75,0.5444988,0.0,07,27
1.35,0.55741054,3.38,0.44258952,1.0,07,27
1.56,0.5818354,2.55,0.41816458,0.0,07,27
1.77,0.5648465,2.12,0.43515342,1.0,07,27
1.69,0.47549182,2.25,0.5245082,0.0,07,27
1.61,0.44274488,2.45,0.5572551,0.0,07,27
1.78,0.5591002,2.08,0.44089973,1.0,07,27
1.63,0.53261966,2.37,0.46738034,0.0,07,28
1.75,0.4831461,2.16,0.5168538,1.0,07,28
2.11,0.44956538,1.79,0.5504347,0.0,07,28
2.08,0.5310991,1.78,0.4689009,1.0,07,28
1.71,0.52264917,2.21,0.47735083,1.0,07,28
1.58,0.70156205,2.5,0.298438,1.0,07,28
2.61,0.45236212,1.54,0.54763794,1.0,07,28
1.68,0.52046597,2.29,0.47953403,0.0,07,28
1.56,0.583248,2.53,0.41675204,1.0,07,29
1.71,0.57590395,2.23,0.424096,1.0,07,29
1.65,0.5574124,2.34,0.4425876,1.0,07,29
2.31,0.54908544,1.65,0.4509146,1.0,07,29
1.54,0.53602153,2.6,0.46397844,0.0,07,29
1.79,0.500082,2.1,0.499918,1.0,07,29
2.38,0.45087257,1.62,0.54912734,1.0,07,29
1.76,0.66701514,2.15,0.33298483,1.0,07,29
2.15,0.60070777,1.76,0.3992922,1.0,07,29
2.14,0.42183685,1.76,0.5781632,1.0,07,29
2.55,0.44333717,1.56,0.5566628,0.0,07,29
1.42,0.5853873,3.04,0.4146127,1.0,07,29
2.39,0.4673483,1.64,0.5326517,0.0,07,29
1.9,0.4928816,1.96,0.50711834,0.0,07,29
1.53,0.5704097,2.63,0.42959026,1.0,07,30
1.41,0.59317327,3.09,0.40682676,0.0,07,30
1.77,0.5305567,2.12,0.4694433,1.0,07,30
1.81,0.489698,2.08,0.510302,1.0,07,30
1.73,0.48725855,2.19,0.5127415,0.0,07,30
1.6,0.59023255,2.45,0.40976745,1.0,07,30
1.71,0.61024487,2.22,0.38975507,1.0,07,30
2.45,0.53107244,1.6,0.46892756,1.0,07,30
1.78,0.42281392,2.12,0.577186,0.0,07,30
1.7,0.5355651,2.25,0.46443498,0.0,07,30
1.84,0.6470556,2.04,0.35294437,1.0,07,30
2.08,0.5122918,1.81,0.48770824,1.0,07,30
2.04,0.4700588,1.83,0.5299412,1.0,07,30
1.45,0.57651925,2.88,0.42348078,0.0,07,30
1.56,0.5591801,2.55,0.44081992,0.0,07,31
1.48,0.594349,2.76,0.40565094,1.0,07,31
2.32,0.5508442,1.66,0.44915578,1.0,07,31
1.46,0.55925304,2.87,0.44074693,1.0,07,31
1.99,0.4966616,1.87,0.50333834,1.0,07,31
2.17,0.4611747,1.74,0.53882533,1.0,07,31
2.28,0.5370309,1.68,0.4629691,1.0,07,31
1.77,0.4524817,2.12,0.5475184,1.0,07,31
1.76,0.6465975,2.15,0.35340247,1.0,07,31
1.81,0.45598203,2.07,0.54401803,0.0,07,31
2.06,0.49384204,1.82,0.506158,1.0,07,31
1.57,0.569466,2.53,0.43053395,1.0,07,31
2.13,0.48036233,1.77,0.51963764,0.0,07,31
1.81,0.5594211,2.07,0.44057885,1.0,07,31
2.06,0.5596386,1.82,0.44036138,0.0,08,01
1.45,0.6213359,2.87,0.37866405,0.0,08,01
1.76,0.54519165,2.11,0.45480838,0.0,08,01
1.55,0.5989156,2.58,0.40108445,1.0,08,01
1.96,0.4228213,1.9,0.57717866,1.0,08,01
2.83,0.40534115,1.45,0.59465885,0.0,08,01
1.9,0.5082274,1.96,0.49177265,1.0,08,01
1.77,0.4606848,2.13,0.5393152,0.0,08,01
2.15,0.55478615,1.76,0.44521394,1.0,08,02
3.24,0.44187522,1.38,0.5581248,1.0,08,02
2.55,0.41995707,1.56,0.58004296,0.0,08,02
2.37,0.45230398,1.64,0.547696,1.0,08,02
1.49,0.59757745,2.78,0.40242255,0.0,08,02
1.64,0.4628554,2.36,0.53714454,1.0,08,02
1.82,0.5701168,2.04,0.42988315,1.0,08,02
1.82,0.55492634,2.06,0.44507372,0.0,08,02
2.07,0.57324183,1.81,0.4267582,1.0,08,02
1.61,0.4199022,2.44,0.5800978,0.0,08,02
2.21,0.52968246,1.71,0.47031754,1.0,08,02
2.11,0.41532537,1.77,0.5846746,0.0,08,02
1.65,0.5278872,2.36,0.47211275,1.0,08,02
2.04,0.4871941,1.84,0.5128059,0.0,08,02
2.52,0.44467962,1.58,0.5553203,1.0,08,02
1.44,0.60858077,2.95,0.39141923,1.0,08,03
2.87,0.39936993,1.45,0.6006301,0.0,08,03
2.13,0.46880108,1.74,0.531199,1.0,08,03
1.93,0.45772365,1.92,0.5422763,1.0,08,03
1.89,0.5452265,1.95,0.45477343,1.0,08,03
2.78,0.43817815,1.48,0.5618218,1.0,08,03
2.08,0.45327905,1.82,0.5467209,1.0,08,03
2.27,0.432962,1.69,0.567038,0.0,08,03
1.54,0.59332323,2.59,0.40667674,0.0,08,03
1.71,0.46926332,2.21,0.5307366,1.0,08,03
1.67,0.5657187,2.31,0.43428132,1.0,08,03
1.92,0.40438616,1.94,0.5956139,0.0,08,03
1.93,0.5407122,1.94,0.4592878,1.0,08,03
1.81,0.50718164,2.08,0.49281836,1.0,08,03
2.02,0.45823163,1.85,0.5417684,1.0,08,03
1.63,0.57856905,2.38,0.42143092,1.0,08,04
1.72,0.56401914,2.21,0.4359809,1.0,08,04
2.29,0.4461845,1.68,0.5538155,1.0,08,04
2.03,0.44313487,1.83,0.5568651,0.0,08,04
1.8,0.44673565,2.08,0.5532643,0.0,08,04
1.78,0.5006619,2.11,0.49933812,0.0,08,04
1.79,0.551032,2.1,0.44896796,0.0,08,04
1.72,0.46369565,2.21,0.53630435,0.0,08,04
2.14,0.43646976,1.76,0.5635302,1.0,08,04
2.02,0.42258066,1.85,0.5774194,0.0,08,04
2.47,0.48607117,1.59,0.51392883,0.0,08,04
2.23,0.44945118,1.7,0.55054885,0.0,08,04
1.89,0.52207834,1.96,0.47792166,1.0,08,05
1.67,0.53026426,2.31,0.46973574,1.0,08,05
1.62,0.48843467,2.42,0.5115653,1.0,08,05
1.68,0.4467581,2.27,0.5532419,1.0,08,05
1.77,0.5359115,2.13,0.46408853,0.0,08,05
2.04,0.5732762,1.83,0.4267237,0.0,08,05
1.55,0.5708807,2.6,0.42911926,1.0,08,05
2.37,0.48979592,1.64,0.510204,0.0,08,05
1.44,0.46825057,2.95,0.5317494,1.0,08,05
2.1,0.5375565,1.79,0.46244344,0.0,08,05
1.78,0.5023308,2.11,0.49766913,1.0,08,05
2.79,0.39054626,1.48,0.60945374,0.0,08,05
1.69,0.47543424,2.25,0.52456576,0.0,08,05
1.5,0.5196738,2.71,0.48032615,1.0,08,05
1.9,0.48865387,1.97,0.5113461,0.0,08,05
2.71,0.48859805,1.51,0.5114019,0.0,08,06
1.89,0.47631598,1.97,0.523684,1.0,08,06
2.71,0.40471485,1.5,0.59528524,0.0,08,06
1.72,0.58240664,2.21,0.4175933,1.0,08,06
1.73,0.5230652,2.2,0.47693482,1.0,08,06
1.46,0.52016115,2.84,0.47983882,0.0,08,06
2.23,0.56035846,1.7,0.43964148,1.0,08,06
1.53,0.44109502,2.63,0.55890507,1.0,08,06
1.72,0.5803003,2.22,0.41969973,0.0,08,06
2.36,0.5092875,1.64,0.4907126,1.0,08,06
1.42,0.46437776,3.06,0.5356223,0.0,08,06
1.75,0.49235398,2.14,0.507646,0.0,08,06
1.85,0.54788643,2.02,0.4521136,1.0,08,06
1.87,0.5111964,1.99,0.48880363,1.0,08,06
2.02,0.490233,1.85,0.50976706,1.0,08,06
1.96,0.5178258,1.9,0.48217425,1.0,08,07
2.14,0.4157428,1.76,0.5842572,0.0,08,07
1.76,0.5392778,2.15,0.46072224,0.0,08,07
1.53,0.52815115,2.65,0.47184888,0.0,08,07
2.18,0.48466614,1.73,0.5153339,1.0,08,07
2.48,0.5348972,1.59,0.46510276,0.0,08,07
2.09,0.52274686,1.8,0.4772531,0.0,08,07
2.38,0.4984382,1.63,0.5015619,1.0,08,07
1.47,0.47201648,2.79,0.52798355,0.0,08,07
2.49,0.42645547,1.59,0.57354456,0.0,08,07
1.75,0.5083527,2.14,0.4916474,1.0,08,07
1.7,0.5499482,2.24,0.45005178,0.0,08,07
1.79,0.4632394,2.09,0.53676057,1.0,08,07
1.88,0.4846177,1.99,0.51538223,0.0,08,07
1.93,0.46514985,1.91,0.5348502,1.0,08,07
1.64,0.5504654,2.36,0.44953457,1.0,08,08
1.62,0.5315696,2.41,0.4684304,0.0,08,08
2.1,0.5094826,1.78,0.49051735,1.0,08,08
1.51,0.49980432,2.67,0.5001956,1.0,08,08
2.1,0.544246,1.79,0.45575395,0.0,08,08
2.32,0.53222877,1.66,0.46777126,1.0,08,08
1.37,0.58096313,3.3,0.41903687,1.0,08,08
1.72,0.46926093,2.18,0.530739,1.0,08,08
1.95,0.5562621,1.91,0.44373792,0.0,08,09
1.65,0.57239586,2.31,0.42760414,1.0,08,09
1.55,0.5534012,2.58,0.44659877,0.0,08,09
1.46,0.56480795,2.83,0.43519205,0.0,08,09
1.63,0.6117247,2.39,0.38827533,1.0,08,09
1.72,0.49191692,2.2,0.508083,0.0,08,09
1.41,0.63441414,3.05,0.36558583,1.0,08,09
1.86,0.5094322,2.0,0.49056783,0.0,08,09
2.14,0.48831323,1.75,0.5116868,0.0,08,09
2.23,0.513542,1.71,0.48645803,0.0,08,09
1.5,0.46127835,2.71,0.5387216,0.0,08,09
2.19,0.5253613,1.73,0.47463864,1.0,08,09
1.43,0.5896837,2.97,0.41031635,1.0,08,09
1.82,0.4843099,2.06,0.5156901,1.0,08,09
1.47,0.55857027,2.8,0.4414298,0.0,08,10
1.78,0.5217528,2.11,0.47824723,1.0,08,10
1.51,0.5946262,2.68,0.40537387,0.0,08,10
1.53,0.5571953,2.64,0.4428047,0.0,08,10
1.53,0.55910707,2.65,0.44089296,1.0,08,10
1.86,0.5173476,1.98,0.4826524,0.0,08,10
1.63,0.47176042,2.39,0.5282396,1.0,08,10
1.48,0.63013214,2.78,0.36986783,1.0,08,10
1.5,0.54723716,2.69,0.4527629,1.0,08,10
1.69,0.5393938,2.25,0.46060628,1.0,08,10
1.92,0.55312896,1.93,0.44687104,1.0,08,10
2.16,0.5167176,1.75,0.4832824,1.0,08,10
1.94,0.46102038,1.91,0.5389796,1.0,08,10
1.41,0.53955716,3.03,0.4604429,0.0,08,11
1.51,0.59121233,2.68,0.4087876,1.0,08,11
1.93,0.47597829,1.92,0.52402174,0.0,08,11
1.7,0.5130951,2.23,0.48690498,0.0,08,11
1.77,0.5360391,2.13,0.4639609,1.0,08,11
2.24,0.4805143,1.69,0.51948565,0.0,08,11
1.79,0.5640396,2.1,0.4359604,0.0,08,11
1.39,0.5468105,3.17,0.45318946,1.0,08,11
1.93,0.4980924,1.92,0.50190765,0.0,08,11
1.56,0.55061483,2.56,0.44938517,1.0,08,11
1.62,0.59021246,2.4,0.40978757,1.0,08,11
1.56,0.5461578,2.56,0.45384225,1.0,08,12
1.96,0.5524534,1.9,0.44754657,1.0,08,12
2.28,0.44553912,1.68,0.55446094,1.0,08,12
1.38,0.5772738,3.21,0.42272615,0.0,08,12
1.92,0.55172974,1.94,0.44827026,0.0,08,12
1.4,0.5605439,3.11,0.43945614,1.0,08,12
1.62,0.52819246,2.4,0.4718076,1.0,08,12
1.64,0.6454206,2.36,0.35457933,0.0,08,12
1.47,0.584688,2.8,0.41531196,1.0,08,12
1.89,0.51588535,1.96,0.48411468,0.0,08,12
1.81,0.5448003,2.07,0.45519975,0.0,08,12
1.79,0.46541932,2.1,0.5345806,1.0,08,12
1.59,0.6219172,2.47,0.37808278,0.0,08,12
2.03,0.5531019,1.84,0.44689804,0.0,08,12
1.67,0.5778241,2.29,0.42217582,1.0,08,13
1.65,0.5848839,2.34,0.41511604,1.0,08,13
1.47,0.5285228,2.8,0.47147724,0.0,08,13
1.88,0.6267014,2.0,0.3732986,1.0,08,13
2.05,0.45297316,1.82,0.5470268,1.0,08,13
1.59,0.5396693,2.48,0.46033075,1.0,08,13
1.47,0.53175056,2.8,0.46824935,1.0,08,13
1.78,0.5435296,2.12,0.4564704,0.0,08,13
1.71,0.5668391,2.23,0.43316084,1.0,08,13
1.44,0.70153743,2.96,0.29846257,1.0,08,13
1.56,0.56790715,2.55,0.43209285,0.0,08,13
2.19,0.43904206,1.73,0.56095797,0.0,08,13
1.64,0.6088217,2.38,0.39117834,1.0,08,13
1.81,0.46199962,2.06,0.53800035,1.0,08,13
1.9,0.5278718,1.97,0.47212818,0.0,08,14
1.63,0.57762307,2.39,0.422377,1.0,08,14
1.41,0.52195734,3.05,0.4780426,1.0,08,14
1.61,0.6736428,2.43,0.3263572,1.0,08,14
1.55,0.5268556,2.58,0.47314444,1.0,08,14
1.91,0.43772474,1.94,0.56227523,1.0,08,14
1.4,0.55360305,3.09,0.44639686,1.0,08,14
1.92,0.5490002,1.94,0.45099983,1.0,08,14
1.84,0.55599463,2.02,0.44400537,0.0,08,14
1.71,0.4978957,2.23,0.5021043,0.0,08,14
2.06,0.4605438,1.82,0.5394562,0.0,08,14
1.65,0.6022146,2.34,0.3977854,0.0,08,14
1.56,0.62094116,2.55,0.37905893,0.0,08,14
1.55,0.52448505,2.59,0.4755149,0.0,08,14
2.0,0.46369103,1.87,0.53630894,0.0,08,15
1.76,0.6367335,2.15,0.36326656,0.0,08,15
1.96,0.4498572,1.9,0.5501429,1.0,08,15
2.14,0.55407465,1.76,0.44592533,0.0,08,15
1.48,0.6252917,2.78,0.37470838,1.0,08,15
1.55,0.60344976,2.57,0.39655024,1.0,08,15
2.76,0.43138814,1.49,0.56861186,0.0,08,15
1.78,0.42791492,2.07,0.5720851,1.0,08,15
2.12,0.47851393,1.79,0.5214861,0.0,08,15
1.74,0.640469,2.18,0.35953104,0.0,08,15
1.46,0.6479007,2.84,0.35209933,1.0,08,16
2.02,0.50654554,1.85,0.49345443,0.0,08,16
1.93,0.44263545,1.93,0.5573646,0.0,08,16
2.64,0.45904717,1.53,0.5409528,0.0,08,16
2.14,0.44004732,1.77,0.55995274,0.0,08,16
1.85,0.578369,2.01,0.42163098,1.0,08,16
1.54,0.5412265,2.61,0.45877355,1.0,08,16
1.86,0.6656702,2.01,0.33432975,0.0,08,16
1.49,0.612802,2.72,0.38719797,1.0,08,16
1.46,0.67131114,2.84,0.32868886,1.0,08,16
1.79,0.58481115,2.1,0.41518885,1.0,08,16
1.59,0.45457357,2.48,0.5454264,0.0,08,16
2.2,0.45861974,1.73,0.5413802,1.0,08,16
2.4,0.40333623,1.62,0.59666383,0.0,08,16
1.96,0.5052751,1.9,0.49472496,1.0,08,16
1.85,0.61775637,2.03,0.38224363,0.0,08,16
2.44,0.43931526,1.6,0.56068474,0.0,08,17
1.47,0.6228843,2.81,0.37711576,1.0,08,17
1.91,0.4514172,1.95,0.5485828,0.0,08,17
2.44,0.44861585,1.61,0.5513841,1.0,08,17
1.72,0.6237066,2.21,0.37629336,0.0,08,17
2.01,0.52236533,1.86,0.4776347,0.0,08,17
2.72,0.46427822,1.5,0.53572184,0.0,08,17
1.93,0.46147305,1.93,0.538527,0.0,08,17
1.9,0.5818093,1.95,0.41819075,1.0,08,17
1.35,0.5594247,3.41,0.44057527,0.0,08,17
1.87,0.6414101,1.99,0.35858986,0.0,08,17
1.29,0.68602777,3.84,0.31397223,1.0,08,17
1.39,0.6022765,3.15,0.3977236,1.0,08,17
1.81,0.41752854,2.07,0.58247143,1.0,08,17
1.7,0.52226174,2.24,0.47773823,0.0,08,17
1.8,0.46430627,2.08,0.5356937,1.0,08,18
1.35,0.6845823,3.41,0.31541768,1.0,08,18
1.82,0.6407963,2.05,0.35920367,1.0,08,18
2.45,0.48675716,1.6,0.51324284,1.0,08,18
2.22,0.412443,1.72,0.587557,0.0,08,18
2.62,0.53157127,1.53,0.4684288,1.0,08,18
1.51,0.56748295,2.67,0.43251708,1.0,08,18
1.81,0.56393754,2.06,0.4360625,1.0,08,18
2.0,0.53127474,1.86,0.4687253,1.0,08,18
1.99,0.38435498,1.88,0.61564505,1.0,08,18
1.58,0.509326,2.51,0.49067402,1.0,08,18
2.1,0.46687546,1.79,0.53312457,0.0,08,19
1.93,0.6144923,1.92,0.3855076,0.0,08,19
2.53,0.4226173,1.57,0.5773827,0.0,08,19
1.44,0.55981445,2.92,0.44018558,0.0,08,19
2.55,0.49876955,1.55,0.5012305,1.0,08,19
1.72,0.46397924,2.22,0.5360207,1.0,08,19
2.23,0.47732818,1.71,0.52267176,0.0,08,19
2.16,0.4200873,1.75,0.5799127,0.0,08,19
2.03,0.53863597,1.84,0.46136406,0.0,08,19
1.7,0.5931083,2.24,0.40689164,1.0,08,19
2.3,0.5144332,1.67,0.48556677,0.0,08,19
1.52,0.5855495,2.7,0.41445053,1.0,08,19
1.51,0.5322459,2.72,0.46775413,1.0,08,19
2.3,0.37334874,1.66,0.6266512,1.0,08,19
2.2,0.4631963,1.73,0.5368037,1.0,08,19
1.64,0.50077254,2.37,0.4992275,0.0,08,20
1.87,0.51235574,1.98,0.48764426,1.0,08,20
1.74,0.6459704,2.2,0.35402954,0.0,08,20
2.11,0.45889044,1.78,0.54110956,1.0,08,20
1.82,0.56773454,2.07,0.43226543,0.0,08,20
3.34,0.40125757,1.36,0.5987424,0.0,08,20
1.54,0.59557754,2.61,0.4044225,1.0,08,20
2.3,0.5094808,1.67,0.49051926,1.0,08,20
1.82,0.44872537,2.06,0.5512746,0.0,08,20
1.53,0.58371913,2.65,0.41628084,1.0,08,20
2.21,0.45843804,1.73,0.54156196,0.0,08,20
2.18,0.4509094,1.74,0.54909056,0.0,08,20
2.15,0.37872866,1.75,0.6212713,0.0,08,20
1.43,0.610169,2.98,0.38983104,1.0,08,20
1.82,0.5644757,2.06,0.43552423,0.0,08,20
2.32,0.48965654,1.66,0.51034343,0.0,08,21
1.62,0.4810132,2.42,0.5189868,1.0,08,21
1.62,0.49028775,2.42,0.5097123,1.0,08,21
1.85,0.4965371,2.02,0.503463,1.0,08,21
2.6,0.42960665,1.55,0.5703934,1.0,08,21
2.05,0.44618902,1.83,0.5538111,0.0,08,21
1.64,0.5517032,2.37,0.4482968,0.0,08,21
1.56,0.59427357,2.57,0.40572643,1.0,08,21
1.57,0.56766695,2.54,0.43233305,1.0,08,21
2.2,0.55166036,1.73,0.44833964,1.0,08,21
2.43,0.46236938,1.61,0.53763056,1.0,08,21
1.55,0.57483673,2.6,0.42516327,0.0,08,21
1.8,0.41816238,2.07,0.58183765,1.0,08,21
2.03,0.6132082,1.84,0.38679188,0.0,08,21
2.23,0.48199856,1.71,0.5180014,0.0,08,21
2.15,0.49881378,1.76,0.5011862,0.0,08,22
1.6,0.54127705,2.42,0.4587229,1.0,08,22
1.68,0.5921641,2.28,0.4078359,0.0,08,22
2.42,0.44295025,1.61,0.55704975,0.0,08,22
1.97,0.46073073,1.89,0.5392693,1.0,08,22
1.8,0.48117504,2.09,0.5188249,1.0,08,22
2.54,0.44373545,1.56,0.5562646,0.0,08,22
3.46,0.39445338,1.34,0.6055467,0.0,08,22
2.03,0.5482864,1.83,0.4517136,1.0,08,22
1.75,0.5116884,2.16,0.4883115,1.0,08,23
2.06,0.58489054,1.82,0.4151094,1.0,08,23
1.64,0.5961116,2.36,0.40388843,1.0,08,23
2.06,0.5482922,1.81,0.45170772,1.0,08,23
1.8,0.45681345,2.08,0.54318655,0.0,08,23
1.54,0.6018692,2.61,0.39813077,1.0,08,23
1.99,0.46117592,1.86,0.53882414,1.0,08,23
2.02,0.43929565,1.85,0.56070435,0.0,08,23
1.52,0.4616996,2.69,0.5383004,0.0,08,23
1.86,0.46080065,2.01,0.53919935,0.0,08,23
1.75,0.54786426,2.17,0.4521357,0.0,08,23
2.36,0.45604107,1.64,0.5439589,1.0,08,23
2.13,0.47208163,1.78,0.52791846,1.0,08,23
3.26,0.40773562,1.38,0.5922643,0.0,08,23
1.75,0.58466846,2.16,0.4153315,0.0,08,24
1.95,0.4639592,1.91,0.53604084,1.0,08,24
2.15,0.46346292,1.75,0.53653705,1.0,08,24
3.12,0.4205469,1.4,0.5794531,0.0,08,24
1.95,0.5418382,1.9,0.45816174,0.0,08,24
1.62,0.59230554,2.41,0.40769446,0.0,08,24
1.61,0.58270764,2.42,0.4172924,0.0,08,24
2.83,0.5154901,1.47,0.4845099,0.0,08,24
2.2,0.45136085,1.72,0.5486391,1.0,08,24
1.92,0.5285739,1.93,0.4714261,0.0,08,24
1.93,0.42866552,1.92,0.5713345,0.0,08,24
1.92,0.45489305,1.93,0.545107,1.0,08,24
1.75,0.4708407,2.14,0.52915925,1.0,08,24
1.71,0.4878377,2.24,0.5121623,1.0,08,24
2.28,0.4223184,1.68,0.57768166,0.0,08,25
2.06,0.4525515,1.82,0.5474485,1.0,08,25
1.45,0.61647344,2.9,0.38352653,1.0,08,25
1.36,0.6046206,3.33,0.39537942,0.0,08,25
1.57,0.45650995,2.51,0.54349005,0.0,08,25
1.67,0.5514274,2.3,0.44857267,1.0,08,25
2.39,0.534272,1.63,0.46572804,1.0,08,25
2.09,0.5476289,1.8,0.45237106,0.0,08,25
1.55,0.47670293,2.58,0.523297,0.0,08,25
1.87,0.47363505,1.99,0.526365,0.0,08,25
1.89,0.58603567,1.97,0.41396436,1.0,08,26
1.49,0.50264156,2.75,0.4973584,1.0,08,26
1.39,0.5881593,3.16,0.4118407,1.0,08,26
1.61,0.63249874,2.44,0.36750132,0.0,08,26
1.49,0.58514464,2.76,0.4148553,1.0,08,26
1.58,0.59804523,2.51,0.40195477,1.0,08,26
2.31,0.47584853,1.67,0.52415144,0.0,08,26
1.67,0.55375916,2.31,0.44624093,0.0,08,26
1.64,0.5618771,2.37,0.43812296,1.0,08,26
2.15,0.57042783,1.75,0.4295722,0.0,08,26
1.46,0.49103424,2.81,0.50896573,1.0,08,26
1.72,0.46724242,2.2,0.5327575,1.0,08,26
2.26,0.4879303,1.69,0.51206964,0.0,08,26
1.41,0.55888295,3.08,0.44111714,1.0,08,26
1.82,0.55004525,2.05,0.44995478,1.0,08,27
1.56,0.46575287,2.56,0.53424716,0.0,08,27
1.46,0.57096833,2.86,0.42903167,1.0,08,27
1.78,0.48443812,2.13,0.51556194,1.0,08,27
1.62,0.6484435,2.4,0.35155642,1.0,08,27
1.67,0.5775019,2.3,0.42249808,1.0,08,27
1.47,0.55530775,2.75,0.44469222,0.0,08,27
1.49,0.5632415,2.72,0.43675846,1.0,08,27
2.38,0.54465854,1.64,0.45534137,0.0,08,27
1.45,0.5823449,2.83,0.41765514,1.0,08,27
1.46,0.4948257,2.85,0.50517434,0.0,08,27
2.35,0.5037756,1.65,0.4962244,1.0,08,27
1.98,0.46720976,1.86,0.5327902,0.0,08,27
1.73,0.546491,2.2,0.453509,0.0,08,27
2.02,0.5563714,1.84,0.44362867,0.0,08,28
1.56,0.5833169,2.57,0.41668314,1.0,08,28
1.7,0.5323326,2.24,0.46766743,0.0,08,28
1.74,0.55609745,2.17,0.44390258,0.0,08,28
1.65,0.47209865,2.37,0.5279014,0.0,08,28
1.91,0.56596404,1.95,0.43403602,1.0,08,28
1.88,0.5085959,1.98,0.49140406,0.0,08,28
2.3,0.5786999,1.67,0.42130008,0.0,08,28
1.64,0.46700576,2.36,0.5329943,0.0,08,28
2.04,0.51657045,1.83,0.4834296,1.0,08,28
1.31,0.5969591,3.65,0.40304086,1.0,08,28
2.01,0.47596046,1.82,0.52403945,1.0,08,28
2.46,0.45205754,1.6,0.54794246,1.0,08,28
1.66,0.6280421,2.31,0.3719578,0.0,08,28
2.26,0.4526877,1.69,0.5473123,0.0,08,29
2.74,0.427444,1.5,0.57255596,0.0,08,29
1.56,0.588118,2.54,0.41188204,1.0,08,29
1.49,0.59937793,2.75,0.400622,1.0,08,29
1.5,0.50867563,2.72,0.4913243,1.0,08,29
2.4,0.515607,1.62,0.48439306,1.0,08,29
2.31,0.46199146,1.66,0.5380085,0.0,08,29
1.6,0.5784638,2.45,0.42153624,1.0,08,29
1.41,0.6997907,3.08,0.3002093,1.0,08,29
1.56,0.5085767,2.55,0.49142337,1.0,08,29
2.13,0.5687359,1.77,0.431264,1.0,08,29
2.09,0.49849308,1.8,0.5015069,1.0,08,29
1.56,0.5332429,2.57,0.46675712,1.0,08,29
2.3,0.44989064,1.67,0.5501094,1.0,08,30
2.91,0.43533397,1.45,0.564666,0.0,08,30
1.53,0.5335133,2.65,0.4664867,1.0,08,30
1.56,0.5635448,2.55,0.43645522,0.0,08,30
1.49,0.5846923,2.74,0.4153077,1.0,08,30
1.54,0.484238,2.63,0.5157621,1.0,08,30
1.77,0.5555914,2.13,0.44440857,1.0,08,30
1.47,0.66165286,2.79,0.33834717,1.0,08,30
1.65,0.5669106,2.35,0.43308938,1.0,08,30
1.52,0.5299554,2.68,0.4700446,1.0,08,30
2.39,0.46998405,1.63,0.53001595,0.0,08,30
2.23,0.54854965,1.71,0.45145032,0.0,08,30
1.71,0.51621664,2.24,0.48378336,1.0,08,30
1.61,0.5325387,2.44,0.46746132,0.0,08,30
1.82,0.46499845,2.05,0.53500164,1.0,08,31
1.63,0.592504,2.4,0.40749598,1.0,08,31
1.92,0.5294861,1.94,0.4705139,1.0,08,31
1.43,0.54978764,2.99,0.45021242,1.0,08,31
1.68,0.53217167,2.3,0.46782827,1.0,08,31
1.58,0.5759692,2.49,0.4240308,1.0,08,31
1.93,0.5038692,1.94,0.49613076,1.0,08,31
2.39,0.44711256,1.63,0.55288744,0.0,08,31
2.71,0.44314042,1.5,0.55685955,0.0,08,31
1.69,0.494872,2.26,0.50512797,1.0,08,31
1.34,0.62497854,3.49,0.37502146,1.0,08,31
1.59,0.5451048,2.49,0.4548952,1.0,08,31
1.54,0.64228857,2.62,0.35771143,1.0,08,31
1.68,0.48557177,2.3,0.5144282,0.0,08,31
2.32,0.47401324,1.66,0.52598673,1.0,08,31
1.7,0.5784104,2.24,0.42158958,0.0,08,31
1.68,0.4729153,2.28,0.5270847,1.0,09,01
1.4,0.5572441,3.11,0.44275594,0.0,09,01
1.73,0.5182796,2.2,0.48172048,1.0,09,01
2.03,0.41061392,1.84,0.58938617,1.0,09,01
1.42,0.5517644,3.06,0.44823563,1.0,09,02
1.71,0.6037533,2.23,0.3962467,1.0,09,02
1.72,0.5181409,2.21,0.4818591,0.0,09,02
1.56,0.54945636,2.56,0.45054364,0.0,09,02
2.19,0.46840236,1.74,0.5315977,1.0,09,02
1.31,0.5810139,3.66,0.41898608,1.0,09,02
1.6,0.51009417,2.45,0.48990583,0.0,09,02
2.36,0.45571116,1.64,0.5442889,1.0,09,02
1.87,0.53767,1.99,0.46233004,1.0,09,02
2.01,0.40841362,1.86,0.5915864,0.0,09,02
1.73,0.5405984,2.2,0.45940164,0.0,09,02
2.12,0.5302816,1.77,0.4697185,1.0,09,02
2.41,0.43873373,1.62,0.56126624,0.0,09,02
1.4,0.70790464,3.16,0.29209533,0.0,09,02
1.81,0.48374602,2.08,0.516254,1.0,09,02
1.75,0.5221771,2.17,0.47782287,0.0,09,03
2.24,0.5530216,1.7,0.44697836,1.0,09,03
2.06,0.45108503,1.81,0.5489149,1.0,09,03
2.21,0.44649485,1.73,0.5535051,1.0,09,03
1.61,0.6040533,2.43,0.39594665,1.0,09,03
1.83,0.49701795,2.04,0.5029821,0.0,09,03
1.52,0.5699893,2.67,0.43001074,0.0,09,03
1.83,0.52657706,2.04,0.4734229,1.0,09,03
1.71,0.43656665,2.23,0.5634334,1.0,09,03
2.16,0.4743856,1.75,0.52561444,1.0,09,03
1.84,0.50106907,2.02,0.49893087,1.0,09,03
1.55,0.53934485,2.58,0.46065515,0.0,09,03
2.76,0.41845664,1.49,0.58154345,0.0,09,03
1.34,0.7320721,3.48,0.26792789,1.0,09,03
1.8,0.47429186,2.09,0.52570814,0.0,09,03
2.67,0.42906952,1.52,0.5709305,0.0,09,04
1.94,0.44604507,1.92,0.553955,0.0,09,04
1.8,0.5515324,2.08,0.44846758,0.0,09,04
2.53,0.46492508,1.57,0.5350749,0.0,09,04
1.54,0.5442927,2.61,0.4557073,0.0,09,04
1.77,0.4294045,2.13,0.5705955,0.0,09,04
1.91,0.49819046,1.94,0.50180954,0.0,09,04
1.71,0.543483,2.23,0.456517,1.0,09,04
1.63,0.5634455,2.39,0.43655446,0.0,09,04
2.09,0.44184333,1.79,0.55815667,1.0,09,04
1.45,0.5642629,2.91,0.43573704,1.0,09,04
1.52,0.53379834,2.64,0.4662017,0.0,09,04
1.45,0.6963524,2.87,0.30364758,1.0,09,04
1.78,0.4758782,2.11,0.52412176,0.0,09,04
1.83,0.50168335,2.03,0.49831662,1.0,09,04
2.62,0.44395614,1.54,0.55604386,0.0,09,05
1.71,0.46937013,2.23,0.5306299,1.0,09,05
2.02,0.4678605,1.85,0.53213954,0.0,09,05
1.85,0.5331867,2.02,0.46681333,0.0,09,05
2.25,0.47816563,1.7,0.5218343,0.0,09,05
1.96,0.4308074,1.9,0.5691926,0.0,09,05
1.73,0.46971372,2.19,0.5302863,0.0,09,05
1.36,0.58724564,3.34,0.41275433,1.0,09,05
1.92,0.50890726,1.94,0.49109277,0.0,09,05
1.92,0.47809687,1.94,0.5219031,1.0,09,05
2.04,0.5128277,1.83,0.48717228,1.0,09,05
2.79,0.40018025,1.48,0.5998198,1.0,09,05
2.0,0.53581417,1.87,0.46418586,0.0,09,05
1.59,0.56642807,2.46,0.433572,1.0,09,05
2.41,0.4461717,1.62,0.55382824,1.0,09,06
2.05,0.4245787,1.83,0.57542133,0.0,09,06
1.45,0.5565127,2.9,0.44348732,1.0,09,06
1.85,0.48800248,2.02,0.5119976,0.0,09,06
1.49,0.60558945,2.76,0.3944106,0.0,09,06
1.75,0.5491878,2.17,0.45081225,0.0,09,06
2.05,0.5314022,1.83,0.4685978,1.0,09,06
2.53,0.45326522,1.57,0.54673475,1.0,09,06
1.8,0.5320979,2.09,0.46790218,0.0,09,06
1.63,0.5008923,2.38,0.4991077,0.0,09,06
1.97,0.47579205,1.9,0.52420795,1.0,09,06
1.52,0.57435757,2.65,0.42564246,1.0,09,06
2.68,0.4078432,1.52,0.59215677,0.0,09,06
1.64,0.5279139,2.35,0.47208607,0.0,09,06
2.42,0.4757453,1.62,0.5242548,0.0,09,07
2.06,0.53363794,1.82,0.46636206,1.0,09,07
1.8,0.5584379,2.09,0.44156215,1.0,09,07
1.72,0.49596947,2.22,0.5040306,1.0,09,07
1.79,0.45671052,2.1,0.5432895,1.0,09,07
2.57,0.43818793,1.56,0.56181216,1.0,09,07
1.42,0.5595929,3.01,0.44040707,1.0,09,07
1.53,0.60600376,2.67,0.39399627,1.0,09,07
2.52,0.4644582,1.58,0.5355417,1.0,09,07
2.34,0.49822515,1.65,0.50177485,1.0,09,07
2.01,0.49426612,1.86,0.5057339,1.0,09,07
3.04,0.413654,1.41,0.5863461,0.0,09,07
1.85,0.5315873,2.03,0.46841276,1.0,09,07
1.75,0.53913325,2.15,0.46086672,1.0,09,07
1.63,0.6015715,2.37,0.39842847,1.0,09,08
1.74,0.54549235,2.15,0.45450762,1.0,09,08
1.61,0.55817974,2.44,0.44182026,1.0,09,08
1.48,0.573619,2.78,0.426381,0.0,09,08
1.62,0.51232934,2.42,0.4876706,0.0,09,08
1.75,0.45161185,2.17,0.5483881,1.0,09,08
1.75,0.5424895,2.16,0.45751047,1.0,09,08
1.58,0.5739041,2.5,0.42609596,1.0,09,09
1.63,0.5434556,2.41,0.45654434,0.0,09,09
1.34,0.5883782,3.47,0.41162184,1.0,09,09
1.99,0.4689569,1.88,0.53104305,0.0,09,09
1.96,0.5331973,1.9,0.4668027,1.0,09,09
1.78,0.44224125,2.12,0.5577587,0.0,09,09
1.82,0.6240366,2.06,0.37596336,1.0,09,09
2.21,0.44662693,1.72,0.553373,0.0,09,09
2.37,0.43053403,1.64,0.56946594,0.0,09,09
1.38,0.5726888,3.2,0.42731118,1.0,09,09
2.69,0.41609618,1.51,0.5839038,0.0,09,09
2.14,0.5197448,1.76,0.4802552,0.0,09,09
2.2,0.45664918,1.73,0.5433508,0.0,09,09
1.97,0.43997544,1.9,0.56002456,0.0,09,09
1.92,0.45536003,1.94,0.54464006,1.0,09,10
1.65,0.4970591,2.35,0.5029409,1.0,09,10
1.99,0.47287074,1.88,0.5271293,0.0,09,10
1.69,0.55274284,2.26,0.44725713,1.0,09,10
1.55,0.5246779,2.6,0.47532207,0.0,09,10
1.33,0.5880658,3.54,0.41193417,1.0,09,10
2.19,0.43887615,1.73,0.5611239,1.0,09,10
2.27,0.6039749,1.68,0.39602512,0.0,09,10
1.78,0.51880336,2.12,0.4811966,0.0,09,10
2.17,0.45622304,1.74,0.54377687,1.0,09,10
1.5,0.53908956,2.75,0.46091044,1.0,09,10
2.62,0.4155733,1.54,0.5844267,0.0,09,10
2.08,0.4389731,1.81,0.56102693,1.0,09,10
2.4,0.5018708,1.63,0.49812916,0.0,09,10
1.78,0.5392779,2.12,0.4607221,0.0,09,11
1.67,0.4863964,2.31,0.51360357,0.0,09,11
1.63,0.53324586,2.39,0.4667541,0.0,09,11
2.18,0.41717687,1.73,0.5828232,0.0,09,11
1.68,0.5217068,2.29,0.47829318,0.0,09,11
1.41,0.5686785,3.07,0.43132153,1.0,09,11
1.61,0.6391624,2.44,0.36083758,0.0,09,11
2.89,0.40423635,1.45,0.5957636,0.0,09,11
1.56,0.5061438,2.56,0.49385622,0.0,09,11
2.03,0.51959103,1.84,0.480409,1.0,09,11
2.37,0.46864265,1.64,0.53135735,0.0,09,11
1.84,0.43844494,2.02,0.5615551,0.0,09,11
2.1,0.43623438,1.79,0.56376565,0.0,09,11
2.24,0.44555762,1.7,0.5544424,0.0,09,11
2.38,0.50843006,1.64,0.49156994,0.0,09,12
2.2,0.4923205,1.73,0.50767946,1.0,09,12
1.69,0.4781507,2.27,0.5218493,1.0,09,12
1.56,0.54314864,2.56,0.4568514,1.0,09,12
1.84,0.47548988,2.03,0.52451015,1.0,09,12
1.46,0.6286308,2.85,0.3713692,1.0,09,12
1.93,0.59434056,1.94,0.40565944,1.0,09,12
1.73,0.53179127,2.19,0.46820876,1.0,09,12
1.66,0.59244514,2.32,0.40755492,0.0,09,12
2.77,0.52612835,1.49,0.47387165,1.0,09,12
1.72,0.5254188,2.22,0.47458112,0.0,09,12
2.25,0.385408,1.7,0.614592,0.0,09,12
2.18,0.41763082,1.73,0.58236915,1.0,09,12
1.86,0.53081095,2.02,0.46918902,0.0,09,12
1.33,0.71998537,3.54,0.28001463,0.0,09,12
1.95,0.50750864,1.91,0.4924914,1.0,09,13
2.28,0.47986072,1.68,0.5201393,0.0,09,13
2.01,0.45288536,1.85,0.54711455,0.0,09,13
1.54,0.55594087,2.61,0.44405922,0.0,09,13
1.78,0.46301842,2.11,0.5369816,0.0,09,13
1.64,0.58514374,2.38,0.4148562,0.0,09,13
1.8,0.6105635,2.09,0.38943645,1.0,09,13
1.57,0.54105407,2.54,0.45894593,0.0,09,13
1.57,0.6088045,2.52,0.39119545,0.0,09,13
1.82,0.5632411,2.05,0.43675885,1.0,09,13
1.72,0.53263,2.21,0.4673699,0.0,09,13
1.9,0.4161144,1.97,0.5838856,1.0,09,13
1.6,0.45027307,2.45,0.54972696,1.0,09,13
2.11,0.5340665,1.79,0.4659335,0.0,09,13
1.67,0.6916423,2.3,0.30835772,0.0,09,13
1.67,0.5586452,2.3,0.44135487,0.0,09,14
2.17,0.40339747,1.75,0.59660256,0.0,09,14
1.36,0.72937924,3.36,0.2706208,0.0,09,14
2.62,0.47452772,1.54,0.5254722,0.0,09,14
1.53,0.4836361,2.63,0.51636386,1.0,09,14
1.65,0.59094024,2.34,0.4090598,0.0,09,14
1.96,0.5038049,1.9,0.4961951,1.0,09,14
2.25,0.46452215,1.7,0.5354779,0.0,09,14
1.91,0.5524441,1.95,0.44755596,0.0,09,14
1.58,0.551126,2.51,0.44887403,1.0,09,14
1.83,0.6088898,2.04,0.3911102,0.0,09,14
2.0,0.5638829,1.87,0.43611714,0.0,09,14
1.63,0.5624942,2.38,0.4375058,1.0,09,14
1.76,0.46851945,2.15,0.5314806,1.0,09,14
2.34,0.5313951,1.64,0.46860495,0.0,09,14
1.68,0.5322422,2.3,0.46775782,0.0,09,15
2.16,0.5365218,1.76,0.4634783,1.0,09,15
1.83,0.6026429,2.05,0.3973571,0.0,09,15
1.81,0.50645053,2.07,0.49354947,0.0,09,15
1.78,0.57500607,2.1,0.424994,1.0,09,15
1.69,0.6226694,2.27,0.3773307,0.0,09,15
1.43,0.6566643,2.91,0.34333566,0.0,09,15
2.86,0.43399817,1.46,0.5660018,1.0,09,15
2.5,0.45066446,1.58,0.54933554,0.0,09,15
1.66,0.5148222,2.33,0.48517784,1.0,09,15
1.62,0.6991888,2.44,0.3008112,1.0,09,16
1.92,0.5986687,1.93,0.40133128,1.0,09,16
2.22,0.49957934,1.72,0.50042063,1.0,09,16
1.59,0.6010223,2.5,0.3989777,1.0,09,16
2.06,0.5823629,1.82,0.41763705,0.0,09,16
1.53,0.5553328,2.64,0.44466725,1.0,09,16
1.57,0.60947835,2.54,0.39052165,1.0,09,16
3.18,0.39804173,1.39,0.6019583,0.0,09,16
1.52,0.64753133,2.68,0.35246864,1.0,09,16
2.1,0.5390502,1.78,0.46094978,0.0,09,16
1.64,0.6366362,2.37,0.36336383,1.0,09,16
2.28,0.43616357,1.68,0.56383646,0.0,09,16
2.23,0.46485546,1.71,0.53514445,0.0,09,16
1.79,0.60697067,2.1,0.39302927,0.0,09,16
1.88,0.49069163,1.99,0.50930834,1.0,09,16
1.98,0.57890147,1.88,0.4210985,0.0,09,17
2.55,0.43119138,1.58,0.5688086,1.0,09,17
1.38,0.62090963,3.21,0.3790904,1.0,09,17
1.47,0.6728509,2.82,0.32714906,0.0,09,17
1.69,0.52627367,2.26,0.47372624,1.0,09,17
1.98,0.57816315,1.88,0.42183688,0.0,09,17
1.73,0.6068506,2.22,0.3931494,0.0,09,17
1.88,0.50526243,1.97,0.49473765,1.0,09,17
1.67,0.57900345,2.29,0.42099652,1.0,09,17
1.78,0.5551109,2.1,0.44488907,1.0,09,17
1.42,0.639209,3.07,0.36079097,0.0,09,17
2.32,0.4416069,1.66,0.5583931,0.0,09,17
1.62,0.66173613,2.57,0.3382638,1.0,09,17
2.25,0.48307988,1.7,0.5169201,1.0,09,17
1.74,0.47753623,2.16,0.52246374,0.0,09,17
1.73,0.6019927,2.19,0.39800727,0.0,09,17
2.18,0.56252366,1.74,0.4374763,1.0,09,18
1.7,0.5407863,2.24,0.45921367,0.0,09,18
1.73,0.5738406,2.21,0.4261594,1.0,09,18
2.31,0.42626867,1.67,0.5737313,1.0,09,18
1.66,0.5978076,2.32,0.40219247,1.0,09,18
2.03,0.50714546,1.84,0.49285454,0.0,09,18
1.82,0.5482401,2.06,0.45175987,1.0,09,18
1.29,0.687699,3.83,0.3123009,0.0,09,18
1.54,0.6271616,2.61,0.37283838,0.0,09,18
2.41,0.46298352,1.61,0.5370165,1.0,09,18
1.95,0.4648732,1.91,0.5351268,0.0,09,18
2.13,0.4593767,1.76,0.54062325,1.0,09,18
1.53,0.63098127,2.63,0.36901876,1.0,09,18
1.91,0.60516757,1.95,0.3948324,1.0,09,18
1.55,0.5811337,2.58,0.4188663,1.0,09,18
1.81,0.54470694,2.07,0.455293,1.0,09,19
2.12,0.45152405,1.78,0.548476,0.0,09,19
1.37,0.57807475,3.3,0.42192525,0.0,09,19
1.37,0.6416901,3.34,0.3583099,1.0,09,19
1.75,0.57401186,2.17,0.42598817,1.0,09,19
2.02,0.4543667,1.85,0.5456333,0.0,09,19
2.01,0.5358108,1.87,0.46418914,0.0,09,19
1.53,0.525283,2.65,0.47471705,1.0,09,19
1.65,0.43604675,2.33,0.5639533,1.0,09,19
1.85,0.46447217,2.02,0.53552777,0.0,09,19
1.68,0.4698413,2.28,0.5301587,0.0,09,20
1.88,0.47776014,1.98,0.52223986,1.0,09,20
1.63,0.6416478,2.4,0.35835218,1.0,09,20
1.82,0.51478964,2.06,0.48521036,0.0,09,20
2.0,0.5184447,1.86,0.48155525,0.0,09,20
1.34,0.66247666,3.45,0.33752337,1.0,09,20
1.52,0.55255103,2.68,0.44744897,1.0,09,20
2.09,0.60017633,1.8,0.39982373,0.0,09,20
2.01,0.42274666,1.86,0.5772533,0.0,09,20
2.1,0.45086688,1.79,0.5491332,0.0,09,20
1.68,0.4874016,2.29,0.5125984,0.0,09,20
2.17,0.53234285,1.75,0.46765715,0.0,09,20
2.07,0.41858727,1.81,0.58141273,1.0,09,20
2.04,0.4629181,1.84,0.5370819,0.0,09,20
2.21,0.46828902,1.72,0.531711,1.0,09,21
2.4,0.50470966,1.62,0.4952903,0.0,09,21
2.09,0.46137875,1.8,0.53862125,1.0,09,21
1.93,0.4628531,1.93,0.537147,0.0,09,21
2.39,0.4541228,1.63,0.54587716,1.0,09,21
1.52,0.64004874,2.68,0.35995126,1.0,09,21
1.55,0.54428357,2.58,0.4557165,0.0,09,21
2.09,0.5131731,1.8,0.48682693,0.0,09,21
1.35,0.630263,3.4,0.36973703,1.0,09,21
1.63,0.5300118,2.39,0.46998826,0.0,09,21
2.12,0.569293,1.78,0.43070692,0.0,09,21
2.11,0.39976838,1.78,0.60023165,0.0,09,21
1.65,0.50999266,2.35,0.4900074,1.0,09,21
2.32,0.41711888,1.67,0.58288115,0.0,09,22
2.15,0.46477833,1.76,0.5352217,0.0,09,22
1.68,0.61359864,2.28,0.38640139,1.0,09,22
1.63,0.5841575,2.4,0.41584244,1.0,09,22
1.76,0.53150034,2.15,0.46849966,1.0,09,22
1.61,0.50430906,2.44,0.49569094,0.0,09,22
1.98,0.60955644,1.89,0.39044356,1.0,09,22
2.32,0.41572627,1.67,0.5842737,0.0,09,22
1.4,0.51344144,3.14,0.4865586,1.0,09,22
2.38,0.4351024,1.63,0.56489766,0.0,09,22
1.51,0.56297714,2.69,0.43702292,1.0,09,23
1.48,0.55884314,2.78,0.4411569,1.0,09,23
1.43,0.56932414,2.97,0.43067586,1.0,09,23
1.86,0.4562601,2.01,0.5437399,1.0,09,23
1.56,0.53621775,2.56,0.46378216,1.0,09,23
1.77,0.6271442,2.14,0.3728558,1.0,09,23
1.71,0.5626925,2.23,0.4373075,1.0,09,23
1.99,0.45979428,1.88,0.5402057,0.0,09,23
1.68,0.5046031,2.28,0.49539682,0.0,09,23
1.83,0.54172385,2.04,0.4582762,1.0,09,23
2.44,0.4383133,1.61,0.5616867,0.0,09,23
2.36,0.5104052,1.64,0.48959488,0.0,09,23
1.58,0.5042021,2.51,0.49579796,1.0,09,23
2.37,0.43819293,1.64,0.5618071,1.0,09,23
1.72,0.5090555,2.21,0.49094453,0.0,09,24
1.62,0.6143083,2.4,0.3856918,0.0,09,24
2.08,0.49158224,1.81,0.5084178,0.0,09,24
1.43,0.5611413,3.0,0.4388587,1.0,09,24
2.27,0.4428864,1.68,0.5571136,0.0,09,24
1.62,0.54394025,2.4,0.45605978,1.0,09,24
1.93,0.44368514,1.95,0.5563149,0.0,09,24
1.68,0.51393723,2.27,0.4860628,0.0,09,24
1.71,0.5290029,2.22,0.4709971,0.0,09,24
1.89,0.50653195,1.97,0.49346802,0.0,09,24
2.31,0.44036913,1.66,0.5596309,1.0,09,24
1.45,0.5669123,2.89,0.43308774,0.0,09,24
2.96,0.4204118,1.43,0.5795882,0.0,09,24
1.28,0.5727561,3.89,0.42724383,1.0,09,24
1.78,0.56509364,2.13,0.43490633,1.0,09,25
1.64,0.54093677,2.37,0.45906326,0.0,09,25
1.64,0.6218,2.36,0.37819996,0.0,09,25
1.5,0.5818446,2.72,0.4181553,1.0,09,25
2.07,0.4629685,1.81,0.5370315,0.0,09,25
1.37,0.56414205,3.26,0.43585795,1.0,09,25
1.72,0.44916967,2.21,0.55083036,0.0,09,25
1.53,0.5676033,2.64,0.43239665,1.0,09,25
1.74,0.5188849,2.19,0.48111504,0.0,09,25
2.27,0.4462884,1.69,0.5537116,0.0,09,25
1.9,0.5203527,1.96,0.47964734,1.0,09,25
1.67,0.5077384,2.3,0.49226165,1.0,09,25
2.05,0.46123555,1.82,0.5387645,1.0,09,25
1.6,0.5335451,2.45,0.4664549,1.0,09,25
2.49,0.42322874,1.59,0.57677126,0.0,09,26
1.53,0.57433724,2.63,0.42566276,0.0,09,26
1.47,0.5657571,2.8,0.43424287,0.0,09,26
2.54,0.45064217,1.56,0.5493579,0.0,09,26
1.54,0.61802936,2.61,0.38197055,0.0,09,26
2.19,0.5562846,1.74,0.44371542,1.0,09,26
1.79,0.53553414,2.1,0.46446592,0.0,09,26
1.37,0.45816952,3.27,0.5418304,0.0,09,26
2.01,0.53026927,1.86,0.4697308,1.0,09,26
2.91,0.45484394,1.44,0.54515606,1.0,09,27
2.28,0.41857916,1.68,0.5814208,0.0,09,27
1.35,0.6168013,3.38,0.38319874,1.0,09,27
1.77,0.5331126,2.12,0.4668874,1.0,09,27
1.69,0.5180902,2.26,0.4819098,1.0,09,27
1.35,0.5396748,3.37,0.46032524,1.0,09,27
1.57,0.6221766,2.54,0.37782338,1.0,09,27
1.51,0.6238275,2.71,0.37617248,1.0,09,27
1.57,0.598547,2.54,0.401453,1.0,09,27
1.88,0.5296018,1.98,0.47039813,1.0,09,27
1.43,0.47667155,2.96,0.5233284,1.0,09,27
1.82,0.5522014,2.07,0.4477987,1.0,09,27
2.98,0.43803585,1.42,0.56196415,1.0,09,27
1.53,0.50585425,2.65,0.49414572,1.0,09,27
2.07,0.5017892,1.82,0.49821082,0.0,09,28
1.75,0.54020816,2.16,0.45979193,1.0,09,28
2.07,0.45910585,1.81,0.54089415,1.0,09,28
2.54,0.44330987,1.57,0.5566901,1.0,09,28
1.6,0.559664,2.46,0.440336,0.0,09,28
1.65,0.51790005,2.34,0.48209998,0.0,09,28
1.69,0.50634545,2.28,0.49365452,1.0,09,28
1.75,0.5567004,2.16,0.44329962,1.0,09,28
1.45,0.620487,2.88,0.37951303,1.0,09,28
2.02,0.59112954,1.84,0.4088705,1.0,09,28
1.55,0.45806497,2.59,0.54193497,0.0,09,28
1.53,0.51479024,2.63,0.48520973,0.0,09,28
1.88,0.52178156,1.98,0.4782184,1.0,09,28
2.59,0.46109432,1.55,0.5389056,1.0,09,28
1.76,0.57734835,2.14,0.42265168,1.0,09,29
1.62,0.47710356,2.41,0.52289635,1.0,09,29
1.69,0.45456776,2.27,0.5454322,0.0,09,29
1.49,0.5384684,2.76,0.46153155,0.0,09,29
1.8,0.48570243,2.09,0.5142976,1.0,09,29
1.53,0.57545716,2.64,0.42454287,0.0,09,29
1.51,0.48599002,2.7,0.5140101,1.0,09,29
1.84,0.57593954,2.03,0.42406046,0.0,09,29
2.45,0.43145284,1.6,0.5685471,0.0,09,29
1.64,0.5313801,2.36,0.46861988,1.0,09,29
1.47,0.5274538,2.81,0.4725462,1.0,09,29
1.65,0.5176414,2.34,0.48235857,1.0,09,30
1.63,0.5708202,2.37,0.42917985,0.0,09,30
2.5,0.43093234,1.58,0.5690677,0.0,09,30
1.73,0.5880729,2.2,0.41192704,0.0,09,30
2.46,0.48339245,1.6,0.5166076,0.0,09,30
2.18,0.43383878,1.73,0.5661612,0.0,09,30
1.46,0.6041865,2.86,0.39581352,1.0,09,30
1.64,0.6189735,2.37,0.3810265,1.0,09,30
1.7,0.6080792,2.26,0.39192083,1.0,09,30
2.12,0.5468827,1.78,0.45311737,0.0,09,30
1.52,0.5547316,2.66,0.4452684,1.0,09,30
1.76,0.52558357,2.14,0.47441643,1.0,09,30
2.1,0.50358576,1.81,0.4964142,1.0,09,30
1.51,0.5298736,2.69,0.47012645,1.0,09,30
1.68,0.49812862,2.29,0.5018714,1.0,09,30
2.48,0.4318237,1.6,0.5681763,0.0,10,01
1.58,0.5195098,2.53,0.48049018,1.0,10,01
2.07,0.5584536,1.82,0.44154632,1.0,10,01
2.66,0.44676578,1.53,0.5532342,1.0,10,01
1.61,0.5971205,2.47,0.40287954,1.0,10,01
2.92,0.4715613,1.44,0.52843875,1.0,10,01
2.22,0.5159847,1.71,0.4840153,0.0,10,01
2.61,0.419254,1.53,0.580746,1.0,10,01
2.1,0.4815356,1.8,0.5184643,0.0,10,01
1.82,0.5870166,2.05,0.4129834,0.0,10,01
1.98,0.54177773,1.9,0.45822224,0.0,10,01
1.72,0.5152026,2.2,0.48479745,1.0,10,01
1.75,0.5466208,2.16,0.45337924,0.0,10,01
1.97,0.49603626,1.89,0.50396377,0.0,10,01
1.59,0.49337092,2.51,0.5066291,0.0,10,01
1.78,0.5165142,2.11,0.48348576,1.0,10,02
1.85,0.48865354,2.03,0.51134646,0.0,10,02
2.27,0.54679155,1.69,0.45320842,0.0,10,02
1.63,0.4576897,2.38,0.54231024,1.0,10,02
1.85,0.4905791,2.02,0.50942093,1.0,10,02
1.64,0.58070946,2.36,0.4192906,0.0,10,02
1.38,0.61436117,3.24,0.38563883,1.0,10,02
1.66,0.5209209,2.31,0.47907907,1.0,10,02
2.48,0.4200884,1.59,0.57991153,1.0,10,02
1.39,0.6446672,3.19,0.3553328,0.0,10,02
3.1,0.44927862,1.41,0.5507213,0.0,10,02
1.68,0.5870586,2.28,0.41294143,0.0,10,02
1.76,0.5075351,2.15,0.49246487,0.0,10,02
2.06,0.53567374,1.82,0.4643263,0.0,10,02
1.45,0.5241187,2.9,0.47588134,1.0,10,02
