1.56,0.55866045,2.55,0.46816918,1.0,05,28,NYY,OAK
1.57,0.6399188,2.53,0.15105884,0.0,05,28,TOR,TEX
1.78,0.48387307,2.12,0.59927666,1.0,05,28,CLE,KCR
1.51,0.6214735,2.7,0.30794376,0.0,05,28,BOS,SEA
2.05,0.40141445,1.83,0.61594546,0.0,05,28,PHI,CIN
1.67,0.60946834,2.29,0.43946466,0.0,05,28,WSN,SDP
2.0,0.5402605,1.87,0.4730946,1.0,05,28,CHW,DET
1.43,0.6794807,2.96,0.14210533,1.0,05,28,HOU,BAL
1.79,0.37993428,2.1,0.70503604,1.0,05,28,MIL,ARI
1.93,0.38311842,1.93,0.63013834,0.0,05,28,MIN,TBD
1.77,0.5186278,2.13,0.48117423,1.0,05,28,COL,STL
1.49,0.5717986,2.75,0.4545628,1.0,05,28,SFG,ATL
1.61,0.4892272,2.42,0.5971473,1.0,05,28,LAD,CHC
1.82,0.4963793,2.06,0.48641205,0.0,05,28,PIT,NYM
1.9,0.43465206,1.96,0.6145032,1.0,05,29,BAL,NYY
2.5,0.29400203,1.58,0.72663003,1.0,05,29,CHW,BOS
2.04,0.35624802,1.83,0.7141959,0.0,05,29,MIN,HOU
1.9,0.3181171,1.96,0.71708006,0.0,05,29,STL,LAD
1.67,0.53338027,2.3,0.47937477,0.0,05,29,COL,SEA
1.94,0.4016688,1.92,0.61849517,0.0,05,29,SFG,WSN
1.96,0.4422395,1.9,0.6063408,1.0,05,29,PIT,ARI
1.37,0.6203979,3.29,0.43778852,1.0,05,29,CLE,OAK
1.72,0.5218224,2.2,0.47466934,1.0,05,29,NYM,MIL
2.9,0.37071276,1.45,0.5238375,1.0,05,29,SDP,CHC
1.93,0.5423562,1.93,0.34495112,0.0,05,29,KCR,DET
1.47,0.5032922,2.82,0.588131,1.0,05,29,TOR,CIN
1.74,0.357423,2.18,0.71463317,0.0,05,29,TEX,TBD
1.83,0.59836954,2.05,0.31484428,0.0,05,29,ANA,ATL
1.6,0.5698785,2.46,0.460951,1.0,05,30,CLE,OAK
2.05,0.23270243,1.83,0.79116994,0.0,05,30,STL,LAD
2.41,0.42424673,1.62,0.6187908,0.0,05,30,BAL,NYY
1.81,0.52209574,2.07,0.47502595,0.0,05,30,PIT,ARI
1.49,0.5110914,2.73,0.58584887,1.0,05,30,TOR,CIN
1.69,0.46118164,2.26,0.60804224,0.0,05,30,COL,SEA
1.78,0.53242064,2.12,0.47130522,1.0,05,30,NYM,MIL
1.96,0.32825428,1.9,0.7201703,1.0,05,30,TEX,TBD
2.5,0.36638844,1.58,0.632686,0.0,05,30,CHW,BOS
1.89,0.19710225,1.96,0.7994648,0.0,05,30,MIN,HOU
2.18,0.43792042,1.73,0.5087199,1.0,05,30,KCR,DET
1.8,0.42177477,2.08,0.61300135,0.0,05,30,SFG,WSN
1.79,0.54499286,2.1,0.4678466,1.0,05,30,ANA,ATL
2.26,0.53807086,1.69,0.34008616,1.0,05,30,SDP,CHC
1.92,0.51117265,1.93,0.47841603,0.0,05,31,PIT,ARI
1.8,0.51806855,2.08,0.47689384,1.0,05,31,TOR,CIN
2.28,0.20237449,1.69,0.7983872,0.0,05,31,MIN,HOU
2.94,0.548716,1.44,0.19282188,1.0,05,31,SDP,CHC
1.62,0.6104369,2.41,0.31363377,0.0,05,31,CLE,OAK
1.87,0.39870965,1.99,0.625296,1.0,05,31,BAL,NYY
1.48,0.53221655,2.76,0.4715431,0.0,05,31,NYM,MIL
2.23,0.4010854,1.71,0.6247107,0.0,05,31,TEX,TBD
2.27,0.37641746,1.69,0.63076377,0.0,05,31,CHW,BOS
1.85,0.5227779,2.02,0.47942644,0.0,05,31,KCR,DET
1.79,0.29017985,2.11,0.78285336,1.0,05,31,STL,LAD
1.81,0.5311085,2.07,0.47454646,1.0,05,31,ANA,ATL
1.55,0.55429256,2.59,0.46147943,1.0,05,31,SEA,COL
2.48,0.23417963,1.59,0.73238134,0.0,05,31,SFG,WSN
1.45,0.66460305,2.92,0.2830126,1.0,06,01,CLE,OAK
1.71,0.46690318,2.24,0.599952,0.0,06,01,NYM,MIL
1.97,0.3080159,1.9,0.7188026,1.0,06,01,STL,LAD
1.82,0.58963233,2.06,0.3179441,0.0,06,01,SEA,COL
2.08,0.39372078,1.8,0.6275379,1.0,06,01,BAL,BOS
1.67,0.46670088,2.3,0.6062857,0.0,06,01,TOR,NYY
1.86,0.6012313,2.01,0.31977066,0.0,06,01,ANA,MIN
1.54,0.55605125,2.61,0.45853177,1.0,06,02,CHC,STL
2.14,0.4732762,1.77,0.5029445,1.0,06,02,BAL,BOS
1.8,0.51603407,2.09,0.4683386,0.0,06,02,PHI,SFG
2.08,0.39075693,1.8,0.6271891,1.0,06,02,TOR,NYY
1.84,0.58710843,2.04,0.3194133,1.0,06,02,CIN,ATL
1.52,0.5565011,2.67,0.46805906,1.0,06,02,DET,CHW
1.88,0.5263795,1.99,0.47228903,0.0,06,02,NYM,PIT
2.07,0.22292587,1.81,0.7955158,0.0,06,02,TEX,HOU
2.83,0.31778297,1.47,0.63870496,0.0,06,02,MIL,LAD
2.0,0.31487343,1.87,0.72130305,1.0,06,02,KCR,CLE
2.26,0.2602376,1.69,0.727729,0.0,06,02,OAK,WSN
1.79,0.62373865,2.11,0.3069158,0.0,06,02,ANA,MIN
2.01,0.4649978,1.86,0.49347746,1.0,06,02,SDP,COL
2.04,0.41551298,1.84,0.6195255,1.0,06,02,SEA,TBD
1.67,0.49063018,2.3,0.49538997,0.0,06,03,TOR,NYY
2.6,0.31037834,1.54,0.6441872,1.0,06,03,KCR,CLE
1.66,0.57800955,2.33,0.45116234,1.0,06,03,CHC,STL
1.89,0.27300093,1.98,0.725347,1.0,06,03,OAK,WSN
2.26,0.4527808,1.7,0.48949292,1.0,06,03,PHI,SFG
1.56,0.6130499,2.56,0.30775186,0.0,06,03,CIN,ATL
1.73,0.48926893,2.19,0.49392378,1.0,06,03,DET,CHW
2.4,0.34915313,1.63,0.6311496,0.0,06,03,MIL,LAD
1.96,0.53352267,1.9,0.34260327,0.0,06,03,SDP,COL
2.07,0.48572904,1.81,0.49842152,0.0,06,03,BAL,BOS
1.7,0.54561216,2.24,0.46407837,1.0,06,03,NYM,PIT
2.52,0.16348977,1.57,0.8029835,0.0,06,03,TEX,HOU
1.93,0.49529642,1.93,0.49090964,1.0,06,03,ANA,MIN
1.93,0.43957862,1.94,0.6132566,1.0,06,03,SEA,TBD
1.86,0.4288074,2.01,0.6172933,1.0,06,04,TOR,NYY
1.86,0.50716144,2.01,0.48196828,0.0,06,04,CIN,ATL
1.39,0.62965316,3.18,0.30515873,1.0,06,04,DET,CHW
1.81,0.5384205,2.07,0.467221,0.0,06,04,NYM,PIT
2.65,0.3530834,1.52,0.63748384,0.0,06,04,BAL,BOS
1.96,0.56491786,1.9,0.3184034,1.0,06,04,PHI,SFG
2.26,0.38595986,1.69,0.62191767,1.0,06,04,MIL,LAD
2.21,0.4540723,1.72,0.50510776,0.0,06,04,KCR,CLE
2.25,0.225397,1.7,0.79463685,0.0,06,04,TEX,HOU
2.16,0.5399276,1.75,0.47462535,0.0,06,04,ANA,MIN
1.97,0.28232214,1.88,0.7242956,0.0,06,04,OAK,WSN
1.74,0.5269372,2.17,0.48094627,1.0,06,04,SEA,TBD
2.28,0.4660739,1.69,0.49319643,0.0,06,04,SDP,COL
1.57,0.6004988,2.54,0.44246134,1.0,06,04,CHC,STL
2.35,0.4709359,1.65,0.49155757,1.0,06,05,CIN,STL
1.75,0.5504632,2.14,0.46336442,0.0,06,05,ATL,PHI
2.1,0.62273103,1.79,0.29876387,0.0,06,05,MIL,SFG
1.82,0.37164506,2.06,0.70929575,1.0,06,05,CHC,FLA
2.2,0.19040851,1.72,0.79875505,0.0,06,05,KCR,HOU
1.71,0.3748364,2.22,0.7093954,0.0,06,05,LAD,WSN
1.96,0.42031556,1.9,0.61784077,1.0,06,05,OAK,TOR
1.79,0.50433064,2.11,0.48245722,1.0,06,06,BAL,PIT
1.78,0.4321684,2.11,0.6188185,0.0,06,06,NYY,BOS
2.16,0.57679456,1.74,0.32239363,1.0,06,06,CIN,STL
1.68,0.5358553,2.29,0.47485173,0.0,06,06,DET,ANA
1.55,0.6627182,2.57,0.13680285,0.0,06,06,TBD,CHW
1.95,0.49142992,1.91,0.59250253,0.0,06,06,ATL,PHI
1.83,0.56775784,2.05,0.45462623,1.0,06,06,MIL,SFG
1.48,0.52726126,2.78,0.58391464,1.0,06,06,CHC,FLA
2.2,0.55668694,1.73,0.3329345,1.0,06,06,TEX,NYM
2.15,0.16006029,1.76,0.8027107,1.0,06,06,KCR,HOU
1.97,0.50385183,1.89,0.49321952,1.0,06,06,COL,CLE
1.6,0.531896,2.45,0.579597,1.0,06,06,ARI,SDP
2.11,0.45017287,1.79,0.506594,1.0,06,06,OAK,TOR
1.98,0.32893887,1.89,0.7182891,0.0,06,06,LAD,WSN
1.5,0.53113693,2.73,0.5843529,1.0,06,06,SEA,MIN
1.98,0.4896105,1.89,0.49825758,1.0,06,07,COL,CLE
1.59,0.41284838,2.49,0.7010218,1.0,06,07,LAD,WSN
2.0,0.48874605,1.87,0.4938662,0.0,06,07,OAK,TOR
1.65,0.5409402,2.35,0.46862543,1.0,06,07,BAL,PIT
1.9,0.43325853,1.95,0.61832494,1.0,06,07,NYY,BOS
1.95,0.6177945,1.91,0.15756728,1.0,06,07,CIN,STL
1.73,0.50681907,2.19,0.48565555,1.0,06,07,DET,ANA
1.55,0.59531295,2.59,0.32052514,1.0,06,07,TBD,CHW
1.76,0.4081767,2.14,0.6994598,1.0,06,07,ATL,PHI
1.49,0.522678,2.76,0.5845339,0.0,06,07,CHC,FLA
1.67,0.6238989,2.31,0.29941356,0.0,06,07,TEX,NYM
1.82,0.5377067,2.06,0.46716148,1.0,06,07,MIL,SFG
2.42,0.22230062,1.62,0.7361608,1.0,06,07,KCR,HOU
1.46,0.61336267,2.85,0.436394,1.0,06,07,ARI,SDP
1.94,0.47789904,1.94,0.6012426,1.0,06,07,SEA,MIN
1.98,0.63198286,1.88,0.14959456,1.0,06,08,CIN,STL
1.51,0.56575125,2.69,0.46277574,0.0,06,08,DET,ANA
2.02,0.5680446,1.85,0.32664025,0.0,06,08,MIL,SFG
1.72,0.6209035,2.21,0.30155706,1.0,06,08,ARI,SDP
1.79,0.42242032,2.1,0.6213702,1.0,06,08,NYY,BOS
1.71,0.46711314,2.23,0.60119766,0.0,06,08,PIT,FLA
1.62,0.4513118,2.42,0.61548716,1.0,06,08,WSN,BAL
1.55,0.6064342,2.59,0.31504315,1.0,06,08,TBD,CHW
1.81,0.4054942,2.06,0.70009273,1.0,06,08,ATL,PHI
1.52,0.43709192,2.67,0.6921086,0.0,06,08,CHC,COL
2.66,0.28752947,1.52,0.64838344,0.0,06,08,KCR,HOU
1.86,0.5611845,2.01,0.4654442,0.0,06,08,SEA,MIN
1.7,0.31877294,2.26,0.7792384,0.0,06,09,CHC,COL
1.78,0.42469656,2.11,0.61228436,0.0,06,09,PIT,FLA
1.55,0.6314359,2.57,0.30657104,0.0,06,09,WSN,TEX
1.74,0.49105382,2.18,0.5987503,1.0,06,09,BOS,DET
1.34,0.64969146,3.47,0.2919102,1.0,06,09,CLE,CHW
1.75,0.4753579,2.17,0.6008578,1.0,06,09,TBD,OAK
2.04,0.51253366,1.83,0.4800207,1.0,06,09,ATL,NYM
1.6,0.518188,2.46,0.48886555,1.0,06,09,NYY,BAL
1.57,0.4930086,2.51,0.6006042,0.0,06,09,HOU,ANA
1.53,0.4877559,2.63,0.59172755,1.0,06,09,STL,PHI
1.68,0.47701427,2.28,0.60039866,0.0,06,09,ARI,MIL
1.48,0.5068604,2.8,0.6778649,1.0,06,09,LAD,CIN
1.83,0.50580597,2.05,0.48078093,1.0,06,09,SDP,KCR
2.09,0.5303641,1.8,0.47967234,1.0,06,09,SEA,TOR
1.78,0.48998785,2.13,0.4905487,0.0,06,09,SFG,MIN
1.6,0.5560648,2.46,0.47003236,0.0,06,10,WSN,TEX
2.11,0.5229158,1.83,0.47631174,0.0,06,10,ATL,NYM
1.87,0.5549052,1.99,0.46664357,1.0,06,10,TBD,OAK
1.4,0.61140454,3.12,0.43595675,1.0,06,10,STL,PHI
1.71,0.29361936,2.22,0.7830235,0.0,06,10,CHC,COL
2.02,0.42586374,1.85,0.6118405,1.0,06,10,PIT,FLA
1.64,0.48963827,2.37,0.59613466,0.0,06,10,SFG,MIN
1.52,0.49708316,2.67,0.59908175,1.0,06,10,HOU,ANA
2.04,0.49890196,1.84,0.4852898,0.0,06,10,SDP,KCR
2.11,0.46706206,1.83,0.49635926,0.0,06,10,ATL,NYM
1.87,0.52466285,1.99,0.4784732,0.0,06,10,TBD,OAK
1.51,0.55983067,2.69,0.4681282,1.0,06,10,BOS,DET
1.42,0.62362444,3.0,0.30802482,0.0,06,10,CLE,CHW
1.38,0.5447827,3.23,0.47874764,1.0,06,10,NYY,BAL
1.68,0.4274,2.29,0.6142584,1.0,06,10,ARI,MIL
1.43,0.47517055,2.99,0.68617886,1.0,06,10,LAD,CIN
2.09,0.53138566,1.8,0.47945598,0.0,06,10,SEA,TOR
1.58,0.5241196,2.52,0.48653963,1.0,06,11,NYY,BAL
1.52,0.57235104,2.66,0.4619052,1.0,06,11,CLE,CHW
1.48,0.57364076,2.79,0.45857352,1.0,06,11,TBD,OAK
1.7,0.42462772,2.26,0.612879,0.0,06,11,ATL,NYM
1.58,0.48606467,2.51,0.59461796,1.0,06,11,PIT,FLA
1.54,0.50075406,2.61,0.5980066,0.0,06,11,HOU,ANA
1.7,0.6249747,2.24,0.2986652,1.0,06,11,STL,PHI
1.45,0.32626235,2.9,0.7774664,1.0,06,11,CHC,COL
1.8,0.4360594,2.1,0.6107522,1.0,06,11,SFG,MIN
1.37,0.5455127,3.33,0.5811111,0.0,06,11,WSN,TEX
1.67,0.48240924,2.3,0.59834975,1.0,06,11,ARI,MIL
1.56,0.5013598,2.58,0.59331286,1.0,06,11,LAD,CIN
1.64,0.5473027,2.36,0.47325206,0.0,06,11,SEA,TOR
1.88,0.44178632,1.99,0.60883147,0.0,06,11,SDP,KCR
1.62,0.6123599,2.41,0.31587854,0.0,06,11,BOS,DET
1.8,0.38204634,2.07,0.70357156,1.0,06,12,PIT,COL
1.4,0.6073374,3.13,0.4447327,0.0,06,12,WSN,ATL
1.41,0.7032364,3.07,0.1053678,1.0,06,12,BOS,PHI
1.75,0.561802,2.16,0.33269316,1.0,06,12,NYM,CHC
2.01,0.55149853,1.86,0.342432,1.0,06,12,CHW,BAL
1.81,0.37221172,2.07,0.71197057,0.0,06,12,HOU,TEX
1.79,0.49058518,2.1,0.4925596,0.0,06,12,MIN,SEA
2.22,0.2438546,1.71,0.7943404,0.0,06,12,ANA,NYY
1.8,0.4941635,2.09,0.4818434,1.0,06,12,SDP,CIN
1.63,0.55920863,2.36,0.4614271,1.0,06,13,STL,MIL
1.84,0.42074078,2.02,0.6119731,1.0,06,13,PIT,COL
1.52,0.57567996,2.69,0.45878515,1.0,06,13,WSN,ATL
1.65,0.40635994,2.33,0.7044331,0.0,06,13,TOR,TBD
1.35,0.71260417,3.38,0.10004124,1.0,06,13,BOS,PHI
2.58,0.27099785,1.56,0.7252351,0.0,06,13,CLE,LAD
1.97,0.31645492,1.89,0.71708345,0.0,06,13,DET,ARI
2.16,0.54205143,1.74,0.34192413,0.0,06,13,NYM,CHC
2.08,0.61326224,1.8,0.16900851,1.0,06,13,CHW,BAL
1.52,0.44088206,2.66,0.69694406,0.0,06,13,HOU,TEX
1.96,0.46628925,1.9,0.5008182,1.0,06,13,MIN,SEA
1.63,0.5784561,2.36,0.3251435,0.0,06,13,STL,MIL
2.09,0.21235095,1.8,0.7984122,1.0,06,13,ANA,NYY
1.88,0.5399273,1.98,0.33766884,1.0,06,13,SDP,CIN
1.88,0.45330772,1.99,0.6068953,0.0,06,13,SFG,KCR
1.76,0.6475911,2.14,0.13758777,1.0,06,14,SDP,CIN
1.59,0.497505,2.47,0.59359884,0.0,06,14,SFG,KCR
1.57,0.6388127,2.52,0.29779294,0.0,06,14,WSN,ATL
2.06,0.2825776,1.82,0.72555184,0.0,06,14,PHI,BOS
1.97,0.50252914,1.89,0.48207054,0.0,06,14,PIT,COL
1.68,0.3428936,2.28,0.7172749,1.0,06,14,TOR,TBD
1.73,0.30602387,2.2,0.7806646,0.0,06,14,CLE,LAD
1.8,0.32716858,2.08,0.7144916,0.0,06,14,DET,ARI
2.07,0.49769345,1.81,0.48511928,1.0,06,14,NYM,CHC
2.16,0.6087548,1.74,0.17298341,0.0,06,14,CHW,BAL
1.69,0.33400723,2.26,0.78051156,1.0,06,14,HOU,TEX
1.74,0.524032,2.18,0.48020005,0.0,06,14,MIN,SEA
1.56,0.55203605,2.56,0.46437284,0.0,06,14,STL,MIL
2.32,0.32546368,1.66,0.721324,1.0,06,14,ANA,NYY
1.98,0.22481252,1.88,0.7921637,1.0,06,15,CLE,LAD
1.74,0.45127222,2.17,0.5055858,1.0,06,15,MIN,SEA
2.05,0.57333463,1.82,0.33441156,1.0,06,15,CHW,BAL
3.23,0.18556765,1.38,0.74177533,1.0,06,15,PHI,BOS
1.62,0.4624956,2.4,0.6065879,1.0,06,15,DET,TBD
2.08,0.5433787,1.8,0.34321105,0.0,06,15,NYM,WSN
1.69,0.51295364,2.26,0.47947693,0.0,06,15,STL,MIL
1.57,0.62818545,2.52,0.29823536,1.0,06,15,COL,SFG
1.95,0.3553065,1.91,0.63422155,1.0,06,15,OAK,NYY
1.85,0.41870824,2.01,0.7010471,0.0,06,15,ANA,KCR
2.29,0.4549956,1.68,0.50130534,0.0,06,16,NYM,WSN
2.15,0.47535285,1.76,0.49045688,0.0,06,16,BAL,STL
1.8,0.3450422,2.09,0.70893085,0.0,06,16,PHI,ARI
1.96,0.50999045,1.91,0.48056853,0.0,06,16,PIT,CHC
1.48,0.46020132,2.78,0.60739595,0.0,06,16,TOR,CHW
2.43,0.27800816,1.61,0.72179407,0.0,06,16,CIN,LAD
1.76,0.5001296,2.14,0.49080762,1.0,06,16,DET,TBD
1.88,0.4150883,1.99,0.61582077,0.0,06,16,ATL,FLA
2.02,0.4957447,1.85,0.48924205,1.0,06,16,TEX,SEA
1.76,0.46694928,2.14,0.6109866,0.0,06,16,HOU,BOS
1.63,0.5409547,2.38,0.5756989,1.0,06,16,MIL,SDP
2.35,0.42420316,1.65,0.51728684,0.0,06,16,MIN,CLE
1.83,0.6098398,2.03,0.30818197,1.0,06,16,COL,SFG
2.11,0.4654595,1.78,0.5024923,1.0,06,16,OAK,NYY
1.87,0.302874,1.99,0.78513443,0.0,06,16,ANA,KCR
1.42,0.42629927,3.03,0.6993569,0.0,06,17,TOR,CHW
2.1,0.37184107,1.83,0.6318701,0.0,06,17,MIN,CLE
1.52,0.6417557,2.66,0.29186317,1.0,06,17,COL,SFG
1.86,0.51952004,2.0,0.47410473,1.0,06,17,BAL,STL
2.05,0.5125958,1.83,0.36119482,1.0,06,17,OAK,NYY
2.1,0.22227883,1.8,0.7910513,0.0,06,17,PHI,ARI
1.85,0.44721073,2.02,0.60689515,1.0,06,17,ATL,FLA
2.33,0.3055922,1.66,0.7165981,0.0,06,17,CIN,LAD
1.97,0.5178204,1.89,0.4847282,0.0,06,17,DET,TBD
1.61,0.54491436,2.43,0.57408786,0.0,06,17,MIL,SDP
2.5,0.39194074,1.58,0.62156934,0.0,06,17,NYM,WSN
1.74,0.52698416,2.18,0.4778268,1.0,06,17,TEX,SEA
2.1,0.3739335,1.83,0.6312071,0.0,06,17,MIN,CLE
1.71,0.34420273,2.22,0.77889144,1.0,06,17,ANA,KCR
1.85,0.3672312,2.02,0.7153764,1.0,06,17,HOU,BOS
2.1,0.4186436,1.78,0.6140725,1.0,06,17,PIT,CHC
1.46,0.42691976,2.86,0.69928074,1.0,06,18,TOR,CHW
2.54,0.26094535,1.57,0.7246055,0.0,06,18,CIN,LAD
1.92,0.4848151,1.94,0.49631268,0.0,06,18,DET,TBD
1.77,0.37127838,2.13,0.70708925,1.0,06,18,NYM,WSN
1.91,0.43042934,1.95,0.6117724,1.0,06,18,ATL,FLA
1.94,0.5635382,1.92,0.3290733,1.0,06,18,BAL,STL
2.56,0.1680483,1.56,0.798059,0.0,06,18,PHI,ARI
1.88,0.5089532,1.99,0.48110417,0.0,06,18,PIT,CHC
1.64,0.444582,2.37,0.689766,1.0,06,18,MIL,SDP
2.3,0.28476906,1.68,0.7278639,0.0,06,18,MIN,CLE
1.5,0.63777536,2.72,0.29848474,0.0,06,18,TEX,SEA
1.54,0.6842124,2.6,0.12050524,1.0,06,18,COL,SFG
1.96,0.36977252,1.9,0.7113047,0.0,06,18,ANA,KCR
2.2,0.56821215,1.72,0.19523925,1.0,06,18,OAK,NYY
1.81,0.44361028,2.06,0.617483,0.0,06,18,HOU,BOS
2.46,0.20741692,1.6,0.79816186,0.0,06,19,BAL,CLE
1.66,0.66549,2.32,0.12962583,0.0,06,19,TBD,CIN
2.21,0.6237353,1.72,0.14883544,1.0,06,19,ATL,SFG
2.1,0.5147499,1.78,0.4796199,0.0,06,19,MIL,PIT
1.45,0.578873,2.89,0.5611868,1.0,06,19,CHC,SDP
2.06,0.50847983,1.83,0.48846158,0.0,06,19,TEX,TOR
1.95,0.41536734,1.91,0.6207358,1.0,06,19,KCR,BOS
1.7,0.5489071,2.26,0.47056735,1.0,06,19,SEA,DET
2.41,0.4178807,1.61,0.5161377,0.0,06,19,OAK,HOU
1.32,0.62314206,3.59,0.4390307,1.0,06,19,LAD,NYM
2.31,0.22394136,1.66,0.79625416,1.0,06,20,BAL,CLE
1.33,0.5609497,3.51,0.46389937,0.0,06,20,NYY,ANA
2.4,0.53315455,1.63,0.3354572,0.0,06,20,PHI,STL
1.67,0.6387553,2.31,0.29203784,1.0,06,20,TBD,CIN
1.87,0.6602685,1.99,0.12813549,0.0,06,20,ATL,SFG
1.81,0.5274482,2.07,0.47475663,0.0,06,20,MIL,PIT
1.51,0.6019838,2.69,0.43993354,1.0,06,20,CHC,SDP
2.13,0.43232837,1.76,0.6161341,1.0,06,20,TEX,TOR
1.56,0.48640394,2.55,0.59957623,1.0,06,20,MIN,CHW
2.68,0.3988805,1.52,0.52563846,0.0,06,20,KCR,BOS
1.83,0.27187392,2.04,0.7860618,1.0,06,20,COL,ARI
1.46,0.6533017,2.86,0.29263437,1.0,06,20,LAD,NYM
1.91,0.3567202,1.95,0.6321431,0.0,06,20,OAK,HOU
1.79,0.5661379,2.11,0.46361673,1.0,06,20,SEA,DET
1.89,0.5988769,1.98,0.31432438,1.0,06,21,TBD,CIN
2.22,0.39276823,1.71,0.6271965,1.0,06,21,KCR,BOS
1.49,0.65011406,2.76,0.28380305,0.0,06,21,CHC,SDP
2.57,0.26255184,1.55,0.7311993,0.0,06,21,BAL,CLE
1.46,0.5455632,2.85,0.4700453,1.0,06,21,NYY,ANA
2.17,0.48600182,1.74,0.48168176,0.0,06,21,PHI,STL
2.13,0.5836962,1.77,0.31560075,1.0,06,21,ATL,SFG
1.85,0.5515892,2.02,0.47181958,0.0,06,21,TEX,TOR
1.79,0.48612192,2.1,0.59515893,1.0,06,21,MIL,PIT
1.53,0.43406594,2.65,0.61486256,1.0,06,21,MIN,CHW
1.68,0.3812999,2.3,0.70547205,0.0,06,21,COL,ARI
1.43,0.6485849,3.0,0.2955671,1.0,06,21,LAD,NYM
2.01,0.3784321,1.87,0.62731254,0.0,06,21,OAK,HOU
1.72,0.5980686,2.22,0.32106486,1.0,06,21,SEA,DET
2.26,0.3452882,1.69,0.62589365,1.0,06,22,PHI,STL
2.01,0.466477,1.86,0.50279945,0.0,06,22,MIN,CHW
2.03,0.43103945,1.84,0.61649,1.0,06,22,TEX,TOR
1.77,0.44896376,2.13,0.6061982,1.0,06,22,MIL,PIT
1.69,0.3782819,2.27,0.7070399,0.0,06,22,COL,ARI
1.93,0.27792633,1.93,0.7270929,0.0,06,22,OAK,HOU
2.15,0.30526134,1.76,0.723548,0.0,06,22,BAL,CLE
1.37,0.5605115,3.28,0.46561188,0.0,06,22,NYY,ANA
1.57,0.62322634,2.54,0.29587522,1.0,06,22,ATL,SFG
1.57,0.6052034,2.53,0.31907943,1.0,06,22,LAD,NYM
1.71,0.6559158,2.23,0.14479923,1.0,06,22,SEA,DET
1.39,0.65972096,3.19,0.2836037,1.0,06,23,WSN,CIN
1.6,0.45155147,2.47,0.6094175,1.0,06,23,BOS,ANA
1.59,0.58690447,2.48,0.45614764,0.0,06,23,CLE,MIN
1.43,0.5654217,2.97,0.46743232,1.0,06,23,TBD,BAL
1.92,0.43817255,1.94,0.60805434,1.0,06,23,ATL,MIL
1.99,0.60493636,1.87,0.31217557,0.0,06,23,CHW,OAK
2.23,0.3747539,1.71,0.63073736,1.0,06,23,KCR,TOR
1.88,0.49338934,1.98,0.4850979,0.0,06,23,STL,PIT
1.83,0.48639113,2.05,0.49276608,1.0,06,23,NYY,TEX
1.54,0.6416575,2.63,0.29668418,0.0,06,23,ARI,PHI
1.43,0.52915746,2.97,0.58291847,1.0,06,23,LAD,COL
2.1,0.56763434,1.79,0.18763836,1.0,06,23,SDP,DET
1.93,0.33926272,1.94,0.7149657,1.0,06,23,SEA,HOU
1.82,0.56527776,2.07,0.32497638,0.0,06,23,SFG,NYM
1.62,0.5324217,2.41,0.47660887,0.0,06,24,NYY,TEX
1.98,0.5935108,1.89,0.31665418,0.0,06,24,CHW,OAK
2.03,0.5106911,1.84,0.48705462,1.0,06,24,KCR,TOR
1.66,0.6146788,2.32,0.30902204,1.0,06,24,WSN,CIN
1.9,0.5228152,1.96,0.47572854,1.0,06,24,ATL,MIL
1.36,0.564367,3.36,0.5741373,0.0,06,24,CLE,MIN
1.61,0.5896978,2.45,0.32968235,0.0,06,24,TBD,BAL
1.6,0.553341,2.46,0.4696521,0.0,06,24,BOS,ANA
1.94,0.566883,1.92,0.32413092,0.0,06,24,SFG,NYM
1.81,0.4607343,2.06,0.6012927,0.0,06,24,STL,PIT
1.42,0.62122375,3.07,0.4379233,1.0,06,24,ARI,PHI
1.37,0.6013503,3.3,0.4472049,1.0,06,24,LAD,COL
1.84,0.6066429,2.04,0.167051,1.0,06,24,SDP,DET
2.38,0.28489688,1.63,0.7250295,0.0,06,24,SEA,HOU
1.59,0.37761676,2.47,0.70995295,0.0,06,25,CLE,MIN
1.62,0.5460929,2.41,0.47560027,0.0,06,25,TBD,BAL
1.93,0.53174925,1.93,0.47245124,0.0,06,25,ATL,MIL
1.6,0.44740883,2.46,0.6105555,0.0,06,25,BOS,ANA
1.64,0.6311091,2.36,0.30114967,0.0,06,25,WSN,CIN
1.41,0.4873635,3.08,0.5979713,0.0,06,25,NYY,TEX
2.11,0.51679146,1.78,0.4784862,0.0,06,25,CHW,OAK
2.15,0.57292014,1.76,0.33554006,0.0,06,25,KCR,TOR
1.63,0.52606994,2.39,0.4704082,0.0,06,25,SFG,NYM
1.55,0.6021716,2.59,0.44701448,1.0,06,25,ARI,PHI
1.6,0.62364995,2.45,0.30827743,1.0,06,25,LAD,COL
1.9,0.34453145,1.96,0.7151858,0.0,06,25,SEA,HOU
2.06,0.6212766,1.82,0.16033985,0.0,06,25,SDP,DET
1.65,0.47515005,2.35,0.59692764,1.0,06,25,STL,PIT
1.44,0.6242019,2.94,0.43664405,1.0,06,26,ARI,PHI
1.68,0.5795028,2.28,0.32152107,1.0,06,26,STL,CIN
1.62,0.5596906,2.4,0.46553496,0.0,06,26,WSN,CHC
1.45,0.46662167,2.87,0.689891,1.0,06,26,BOS,MIN
1.56,0.47680923,2.54,0.6007824,1.0,06,26,CLE,TEX
2.42,0.4617783,1.61,0.50264925,0.0,06,26,CHW,NYY
1.74,0.62048876,2.17,0.14683236,1.0,06,26,SFG,COL
1.43,0.53171575,3.0,0.5868997,0.0,06,26,LAD,ANA
1.92,0.42820975,1.94,0.6170754,0.0,06,27,PIT,TBD
1.56,0.50040215,2.54,0.5934348,1.0,06,27,WSN,CHC
1.57,0.5163247,2.52,0.48579177,0.0,06,27,TOR,BAL
1.5,0.50005865,2.72,0.595651,1.0,06,27,BOS,MIN
1.76,0.41628823,2.13,0.61241925,1.0,06,27,CIN,MIL
1.57,0.4551067,2.53,0.6072315,0.0,06,27,CLE,TEX
1.66,0.49507713,2.31,0.59449005,1.0,06,27,DET,KCR
2.24,0.48513573,1.71,0.49440607,1.0,06,27,CHW,NYY
1.64,0.50830466,2.35,0.5942665,0.0,06,27,HOU,OAK
2.07,0.52574724,1.81,0.47818542,1.0,06,27,ARI,STL
1.46,0.44609854,2.85,0.6962796,1.0,06,27,LAD,ANA
1.81,0.34571174,2.07,0.7132466,0.0,06,27,SDP,ATL
1.51,0.6202259,2.69,0.4340928,0.0,06,27,SEA,PHI
2.03,0.5882199,1.85,0.16699019,1.0,06,27,SFG,COL
1.43,0.60086364,3.0,0.4427113,0.0,06,28,SEA,PHI
2.04,0.61681503,1.83,0.15308782,1.0,06,28,SFG,COL
1.86,0.46286353,2.0,0.6072709,1.0,06,28,PIT,TBD
1.56,0.5419939,2.56,0.47262174,1.0,06,28,WSN,CHC
1.46,0.46923482,2.85,0.6054893,1.0,06,28,TOR,BAL
1.59,0.49716085,2.48,0.5966772,0.0,06,28,BOS,MIN
1.94,0.48674205,1.92,0.48704156,1.0,06,28,CIN,MIL
1.72,0.410199,2.2,0.61880285,1.0,06,28,CLE,TEX
1.67,0.44900346,2.3,0.60899705,0.0,06,28,DET,KCR
2.05,0.48434716,1.83,0.49487168,0.0,06,28,CHW,NYY
1.57,0.45796552,2.54,0.69322217,1.0,06,28,HOU,OAK
1.73,0.5679238,2.2,0.46138966,0.0,06,28,ARI,STL
2.17,0.3365256,1.74,0.71297634,1.0,06,28,ANA,LAD
1.77,0.37211707,2.11,0.70788705,1.0,06,28,SDP,ATL
1.37,0.53221714,3.28,0.5833058,1.0,06,29,CLE,TEX
1.57,0.50803435,2.54,0.5911654,1.0,06,29,DET,KCR
1.46,0.46765113,2.88,0.6909258,1.0,06,29,HOU,OAK
1.76,0.4546697,2.15,0.60629857,0.0,06,29,ARI,STL
1.89,0.47954705,1.98,0.4959032,0.0,06,29,WSN,CHC
1.5,0.51463336,2.72,0.59098667,1.0,06,29,BOS,MIN
1.98,0.50276834,1.87,0.49021065,1.0,06,29,PIT,TBD
1.5,0.49665856,2.71,0.59799796,0.0,06,29,TOR,BAL
1.87,0.5784841,1.99,0.32252514,0.0,06,29,CIN,MIL
2.48,0.43885642,1.59,0.5101814,1.0,06,29,CHW,NYY
1.73,0.4186692,2.19,0.6147713,1.0,06,29,SDP,ATL
3.12,0.32365766,1.4,0.63595986,0.0,06,29,ANA,LAD
2.12,0.53704906,1.77,0.35215396,0.0,06,30,BAL,TBD
1.81,0.4762759,2.07,0.5944833,0.0,06,30,PIT,SFG
1.82,0.4503868,2.07,0.61141914,0.0,06,30,TOR,BOS
1.81,0.4786325,2.08,0.4910791,1.0,06,30,CIN,CHC
1.37,0.61459607,3.31,0.43585232,1.0,06,30,NYM,PHI
2.18,0.47434556,1.74,0.4943789,1.0,06,30,CHW,TEX
1.55,0.5782959,2.57,0.46650705,0.0,06,30,HOU,NYY
1.98,0.5123498,1.88,0.4825499,1.0,06,30,MIL,FLA
1.79,0.51020634,2.1,0.48546106,1.0,06,30,KCR,MIN
1.83,0.501582,2.05,0.48547983,1.0,06,30,STL,WSN
1.64,0.6549316,2.34,0.1433269,0.0,06,30,ARI,COL
1.56,0.526434,2.57,0.47559017,0.0,06,30,OAK,ATL
2.14,0.565992,1.78,0.3349028,0.0,06,30,ANA,SEA
2.85,0.2898844,1.47,0.6425475,0.0,06,30,SDP,LAD
2.43,0.2498855,1.61,0.7344956,0.0,07,01,TOR,BOS
2.1,0.3874165,1.81,0.6261476,1.0,07,01,DET,CLE
2.06,0.52460307,1.82,0.35052145,0.0,07,01,CHW,TEX
2.05,0.5733247,1.84,0.33245504,1.0,07,01,KCR,MIN
1.78,0.51401806,2.11,0.4861277,0.0,07,01,BAL,TBD
1.74,0.5170596,2.18,0.47868773,0.0,07,01,OAK,ATL
1.84,0.40728384,2.03,0.69737035,0.0,07,01,PIT,SFG
2.02,0.48778495,1.85,0.48802486,1.0,07,01,CIN,CHC
1.79,0.5397937,2.11,0.4725626,1.0,07,01,MIL,FLA
1.55,0.5776116,2.57,0.45282272,1.0,07,01,NYM,PHI
2.1,0.34086248,1.81,0.63684905,0.0,07,01,DET,CLE
1.76,0.44918397,2.13,0.6156497,1.0,07,01,HOU,NYY
1.96,0.45780477,1.9,0.50087434,1.0,07,01,STL,WSN
2.05,0.59590334,1.84,0.32227778,0.0,07,01,KCR,MIN
2.0,0.56750196,1.87,0.33329493,1.0,07,01,ANA,SEA
1.56,0.6111251,2.55,0.31135154,1.0,07,01,ARI,COL
2.87,0.28023106,1.47,0.64445716,0.0,07,01,SDP,LAD
1.84,0.29866308,2.03,0.7255444,0.0,07,02,TOR,BOS
2.36,0.5241259,1.64,0.34878185,0.0,07,02,CIN,CHC
2.12,0.42579925,1.78,0.616202,0.0,07,02,DET,CLE
1.68,0.5802689,2.29,0.45182773,0.0,07,02,NYM,PHI
1.78,0.4047631,2.12,0.62314475,1.0,07,02,BAL,TBD
2.44,0.30879655,1.61,0.77990437,0.0,07,02,PIT,SFG
1.86,0.49762246,2.01,0.48642638,1.0,07,02,CHW,TEX
1.95,0.5301628,1.91,0.48606902,1.0,07,02,HOU,NYY
2.23,0.5773258,1.71,0.32875025,0.0,07,02,MIL,FLA
1.82,0.52233976,2.06,0.48136008,1.0,07,02,KCR,MIN
2.36,0.5456964,1.65,0.34352192,0.0,07,02,ANA,SEA
1.54,0.48141792,2.61,0.5963266,0.0,07,02,OAK,ATL
1.81,0.599636,2.07,0.31736764,1.0,07,02,ARI,COL
2.92,0.2385887,1.44,0.7295401,1.0,07,02,SDP,LAD
2.36,0.4613896,1.64,0.49981564,0.0,07,02,STL,WSN
1.82,0.51230717,2.06,0.48952383,1.0,07,03,MIL,BAL
1.54,0.41546994,2.61,0.7009717,1.0,07,03,WSN,NYM
1.69,0.5969785,2.26,0.32347336,1.0,07,03,NYY,TOR
1.81,0.47653425,2.06,0.48730078,1.0,07,03,PHI,PIT
1.67,0.5973945,2.29,0.31754977,1.0,07,03,STL,FLA
2.02,0.3461038,1.85,0.7172682,0.0,07,03,TEX,BOS
1.61,0.49278447,2.42,0.59393555,1.0,07,03,COL,CIN
1.83,0.48143768,2.04,0.4944756,1.0,07,03,MIN,ANA
1.69,0.41683766,2.25,0.61628956,0.0,07,03,OAK,CHW
1.69,0.470638,2.27,0.6040969,0.0,07,03,SEA,KCR
1.58,0.47347772,2.52,0.6024297,1.0,07,04,WSN,NYM
1.98,0.65612125,1.89,0.14551963,0.0,07,04,NYY,TOR
1.47,0.4013957,2.83,0.76396084,1.0,07,04,DET,SFG
1.84,0.55023783,2.04,0.34260783,1.0,07,04,MIN,ANA
1.77,0.5964573,2.13,0.3181835,0.0,07,04,STL,FLA
1.71,0.5545879,2.23,0.47093406,0.0,07,04,CHC,TBD
2.3,0.52695477,1.67,0.34146363,0.0,07,04,PHI,PIT
1.65,0.36926207,2.34,0.7094264,1.0,07,04,OAK,CHW
1.54,0.5344152,2.6,0.48107037,1.0,07,04,MIL,BAL
1.78,0.37877923,2.12,0.7095186,0.0,07,04,SEA,KCR
1.3,0.5906253,3.73,0.5566623,0.0,07,04,CLE,SDP
2.19,0.2786899,1.73,0.7278521,0.0,07,04,ATL,HOU
1.93,0.3036869,1.92,0.78589857,0.0,07,04,TEX,BOS
1.69,0.5518179,2.25,0.46664515,0.0,07,04,COL,CIN
1.31,0.63276064,3.71,0.432935,1.0,07,04,LAD,ARI
1.54,0.6024648,2.62,0.3206619,0.0,07,05,NYY,TOR
1.58,0.4823117,2.5,0.6024073,1.0,07,05,CHC,TBD
1.52,0.46267682,2.67,0.6048559,1.0,07,05,OAK,CHW
2.4,0.5456094,1.63,0.33226398,0.0,07,05,PHI,PIT
1.4,0.54569757,3.13,0.57361066,0.0,07,05,CLE,SDP
1.5,0.3993455,2.72,0.698353,0.0,07,05,DET,SFG
1.69,0.57506794,2.26,0.33785868,1.0,07,05,MIL,BAL
1.99,0.2745827,1.88,0.728469,0.0,07,05,ATL,HOU
2.03,0.2669911,1.84,0.79116625,1.0,07,05,TEX,BOS
1.6,0.59532595,2.45,0.32192546,0.0,07,05,MIN,ANA
1.74,0.5416948,2.18,0.47057235,0.0,07,05,STL,FLA
1.65,0.48869377,2.33,0.5960585,1.0,07,05,COL,CIN
1.42,0.5836412,3.04,0.45602286,1.0,07,05,LAD,ARI
1.75,0.38084045,2.15,0.70900255,0.0,07,05,SEA,KCR
1.74,0.39512113,2.2,0.69934773,1.0,07,06,DET,SFG
1.52,0.47625503,2.65,0.59948707,1.0,07,06,STL,FLA
1.6,0.42288074,2.46,0.6967326,0.0,07,06,CHC,MIL
1.62,0.56922483,2.41,0.45936096,0.0,07,06,COL,CIN
1.96,0.4920405,1.91,0.48146218,0.0,07,06,PHI,PIT
2.4,0.21944758,1.62,0.7371901,1.0,07,06,TOR,HOU
1.48,0.51355445,2.79,0.58422035,1.0,07,06,CLE,SDP
2.68,0.2673155,1.51,0.7318155,1.0,07,06,TBD,BOS
1.68,0.5636404,2.28,0.34165445,1.0,07,06,MIN,BAL
1.68,0.5677493,2.29,0.4628632,1.0,07,06,LAD,ARI
1.68,0.5632817,2.28,0.4612769,0.0,07,06,SEA,OAK
1.57,0.52798,2.54,0.586402,0.0,07,06,WSN,ATL
1.65,0.47102803,2.33,0.59906316,1.0,07,07,CHC,PIT
1.81,0.4661975,2.06,0.59454155,0.0,07,07,PHI,SDP
1.44,0.4106498,2.91,0.6987482,0.0,07,07,NYY,MIL
1.37,0.5692964,3.31,0.57186186,1.0,07,07,WSN,ATL
1.89,0.31338292,1.97,0.7207957,0.0,07,07,TOR,HOU
1.4,0.59294254,3.11,0.4534816,1.0,07,07,CLE,DET
2.21,0.3950536,1.72,0.6270398,0.0,07,07,TBD,BOS
1.7,0.5475867,2.26,0.46988404,1.0,07,07,TEX,ANA
2.07,0.5628094,1.81,0.34218046,1.0,07,07,MIN,BAL
1.87,0.5279977,1.99,0.47514927,0.0,07,07,STL,NYM
1.57,0.55044246,2.54,0.4734131,1.0,07,07,COL,CHW
1.49,0.59226936,2.77,0.45021594,1.0,07,07,ARI,CIN
1.49,0.4488442,2.77,0.69658047,1.0,07,07,LAD,KCR
1.6,0.48571402,2.45,0.59675664,1.0,07,07,SEA,OAK
1.96,0.40684476,1.91,0.6169656,0.0,07,07,SFG,FLA
1.52,0.3388821,2.66,0.7764237,1.0,07,08,NYY,MIL
1.71,0.28727135,2.23,0.7254362,1.0,07,08,TOR,HOU
1.91,0.6458584,1.97,0.1554477,0.0,07,08,MIN,BAL
1.65,0.3836739,2.34,0.69987756,0.0,07,08,PHI,SDP
1.41,0.60098004,3.09,0.44917533,0.0,07,08,WSN,ATL
1.79,0.5246848,2.09,0.47631094,1.0,07,08,STL,NYM
2.0,0.41447473,1.86,0.6219846,1.0,07,08,TBD,BOS
1.51,0.5085738,2.69,0.5878128,0.0,07,08,CHC,PIT
1.67,0.5457057,2.31,0.4735848,1.0,07,08,CLE,DET
1.54,0.4439978,2.62,0.69774693,1.0,07,08,LAD,KCR
1.67,0.61032563,2.3,0.31245577,1.0,07,08,TEX,ANA
1.68,0.52156454,2.27,0.48524,0.0,07,08,COL,CHW
1.7,0.46374115,2.31,0.6010153,0.0,07,08,SFG,FLA
1.76,0.5734879,2.15,0.45855078,0.0,07,08,ARI,CIN
1.59,0.50512046,2.49,0.59080595,0.0,07,08,SEA,OAK
1.61,0.3991336,2.43,0.7017383,0.0,07,09,NYY,MIL
2.02,0.38972965,1.85,0.62425154,0.0,07,09,TOR,HOU
1.51,0.46635017,2.7,0.6860362,0.0,07,09,CHC,PIT
1.96,0.48251134,1.9,0.49944878,1.0,07,09,TBD,BOS
2.01,0.3728799,1.86,0.70092833,1.0,07,09,PHI,SDP
1.73,0.5565271,2.21,0.46830335,1.0,07,09,WSN,ATL
1.82,0.57006484,2.06,0.33876815,0.0,07,09,MIN,BAL
1.76,0.5657531,2.15,0.33142507,1.0,07,09,STL,NYM
1.46,0.63728297,2.84,0.29888344,0.0,07,09,TEX,ANA
1.85,0.5077474,2.02,0.48985976,1.0,07,09,COL,CHW
1.85,0.38094628,2.02,0.7048033,0.0,07,09,SFG,FLA
1.63,0.46545133,2.38,0.60284895,0.0,07,09,ARI,CIN
1.31,0.5537476,3.69,0.58062977,1.0,07,09,LAD,KCR
1.59,0.4364013,2.49,0.694999,1.0,07,09,SEA,OAK
1.45,0.5836615,2.89,0.45781872,0.0,07,09,CLE,DET
1.95,0.49555916,1.91,0.4854467,0.0,07,14,BAL,CHC
1.79,0.45243233,2.11,0.6035096,1.0,07,14,PIT,STL
1.73,0.5816022,2.21,0.33251694,1.0,07,14,BOS,NYY
2.08,0.37780157,1.8,0.62502044,0.0,07,14,CIN,WSN
1.83,0.44918242,2.05,0.6100964,0.0,07,14,DET,TOR
1.61,0.46152058,2.42,0.5993765,1.0,07,14,NYM,COL
1.9,0.55982363,1.96,0.3321642,1.0,07,14,ATL,ARI
2.65,0.4284299,1.52,0.5092122,0.0,07,14,CHW,SEA
1.61,0.5976626,2.44,0.45521864,1.0,07,14,HOU,MIN
1.58,0.64479965,2.5,0.2919354,1.0,07,14,MIL,PHI
1.81,0.42879203,2.07,0.61402416,0.0,07,14,KCR,TEX
2.26,0.36327943,1.69,0.63207203,1.0,07,14,OAK,CLE
1.84,0.41897276,2.04,0.6199458,0.0,07,14,ANA,TBD
2.0,0.54759157,1.87,0.33206594,0.0,07,14,SDP,SFG
1.59,0.62169486,2.48,0.3133048,0.0,07,15,BOS,NYY
1.68,0.48421988,2.29,0.5997585,1.0,07,15,DET,TOR
2.1,0.44642925,1.79,0.5023584,0.0,07,15,BAL,CHC
1.78,0.47584546,2.11,0.5968284,0.0,07,15,PIT,STL
2.13,0.5842519,1.78,0.32148543,1.0,07,15,ATL,ARI
2.25,0.38781637,1.7,0.6227598,0.0,07,15,CHW,SEA
2.34,0.3265277,1.65,0.6371481,0.0,07,15,CIN,WSN
1.58,0.55950135,2.5,0.47169617,0.0,07,15,HOU,MIN
1.62,0.6402211,2.4,0.29465485,1.0,07,15,MIL,PHI
1.87,0.5158655,1.99,0.47617,1.0,07,15,NYM,COL
1.79,0.33980313,2.09,0.7153952,0.0,07,15,KCR,TEX
2.2,0.53656834,1.73,0.33608973,1.0,07,15,SDP,SFG
2.99,0.31389898,1.43,0.6436736,1.0,07,15,OAK,CLE
1.76,0.3405088,2.15,0.71822953,0.0,07,15,ANA,TBD
1.72,0.5038424,2.21,0.49207583,0.0,07,16,BOS,NYY
1.87,0.33359736,1.99,0.7150056,0.0,07,16,CIN,WSN
1.83,0.500982,2.04,0.48896977,1.0,07,16,DET,TOR
1.79,0.5464079,2.1,0.46487838,0.0,07,16,NYM,COL
1.93,0.5454045,1.93,0.33988848,1.0,07,16,ATL,ARI
2.41,0.36769563,1.62,0.62669474,0.0,07,16,BAL,CHC
2.04,0.4248492,1.84,0.6116073,1.0,07,16,PIT,STL
2.14,0.30922565,1.77,0.720235,0.0,07,16,CHW,SEA
1.49,0.6173899,2.74,0.44596314,1.0,07,16,HOU,MIN
1.62,0.6395273,2.42,0.2951653,0.0,07,16,MIL,PHI
2.19,0.30798706,1.73,0.7203551,1.0,07,16,KCR,TEX
2.21,0.3269923,1.73,0.72030765,1.0,07,16,ANA,TBD
1.93,0.4927672,1.93,0.49218664,1.0,07,16,OAK,CLE
2.21,0.5595916,1.72,0.32663086,1.0,07,16,SDP,SFG
1.72,0.45192176,2.21,0.61157703,1.0,07,16,BOS,NYY
2.29,0.29253346,1.68,0.72258043,0.0,07,17,CIN,WSN
1.93,0.53991264,1.93,0.47712922,0.0,07,17,BOS,TOR
1.89,0.40614283,1.97,0.6187408,1.0,07,17,BAL,TEX
1.84,0.44548544,2.04,0.6065366,1.0,07,17,PIT,MIL
1.88,0.45720556,1.97,0.6020049,0.0,07,17,NYM,STL
2.55,0.39350864,1.57,0.6210302,0.0,07,17,ATL,CHC
1.43,0.46064928,2.99,0.6924597,0.0,07,17,HOU,SEA
1.91,0.46924987,1.95,0.5022315,1.0,07,17,MIN,NYY
1.79,0.49830508,2.08,0.5950549,0.0,07,17,KCR,DET
1.61,0.5180808,2.44,0.5841895,1.0,07,17,COL,SDP
1.96,0.3229168,1.91,0.7202092,0.0,07,17,OAK,TBD
2.13,0.53423095,1.77,0.34601974,0.0,07,17,SFG,CLE
1.79,0.48863256,2.1,0.4900238,1.0,07,18,BAL,TEX
1.62,0.46061358,2.4,0.60236245,1.0,07,18,PIT,MIL
2.41,0.5960715,1.62,0.16610768,0.0,07,18,CIN,ARI
2.01,0.43535975,1.85,0.60808563,0.0,07,18,NYM,STL
2.19,0.32065022,1.73,0.71795696,0.0,07,18,ATL,CHC
2.13,0.44055286,1.77,0.5127586,0.0,07,18,MIN,NYY
2.2,0.5076975,1.73,0.48930848,1.0,07,18,BOS,TOR
3.82,0.100410305,1.29,0.8064668,0.0,07,18,CHW,LAD
1.55,0.37306258,2.58,0.7746093,1.0,07,18,HOU,SEA
1.95,0.3814163,1.91,0.7086409,0.0,07,18,KCR,DET
1.73,0.57816494,2.18,0.4530496,1.0,07,18,COL,SDP
1.94,0.3367843,1.94,0.7182846,0.0,07,18,OAK,TBD
1.69,0.30369437,2.26,0.7826728,0.0,07,18,ANA,WSN
2.26,0.51896006,1.7,0.35259318,1.0,07,18,SFG,CLE
2.14,0.26262826,1.77,0.78860813,0.0,07,19,ATL,CHC
1.94,0.38182256,1.92,0.6300709,1.0,07,19,MIN,NYY
1.92,0.3978814,1.95,0.70657593,0.0,07,19,HOU,SEA
1.5,0.5976028,2.71,0.4444967,1.0,07,19,COL,SDP
1.84,0.3277063,2.02,0.7199301,1.0,07,19,OAK,TBD
2.99,0.48316514,1.43,0.36893922,1.0,07,19,SFG,CLE
1.56,0.48236075,2.54,0.5943641,1.0,07,19,NYM,STL
1.68,0.49602798,2.3,0.4874913,1.0,07,19,BAL,TEX
1.61,0.5327086,2.44,0.47264457,1.0,07,19,PIT,MIL
1.72,0.53975224,2.2,0.4771637,1.0,07,19,BOS,TOR
2.46,0.51013213,1.59,0.34869787,1.0,07,19,CIN,ARI
2.71,0.19333792,1.5,0.79416746,0.0,07,19,CHW,LAD
1.94,0.3306581,1.91,0.718716,1.0,07,19,KCR,DET
1.85,0.22635505,2.02,0.7935804,1.0,07,19,ANA,WSN
1.82,0.43868715,2.06,0.6071846,1.0,07,20,NYM,STL
1.73,0.5858131,2.2,0.31594104,0.0,07,20,CIN,ARI
1.8,0.5931043,2.09,0.31872952,1.0,07,20,PIT,MIL
1.87,0.59798163,2.0,0.32452795,0.0,07,20,BOS,TOR
1.86,0.5162967,1.99,0.3550747,1.0,07,20,BAL,TEX
1.95,0.34248313,1.91,0.7169171,1.0,07,20,KCR,DET
1.45,0.60185534,2.87,0.4514126,0.0,07,20,LAD,ATL
2.26,0.49368542,1.69,0.4944935,0.0,07,20,SEA,NYY
1.47,0.59396493,2.83,0.43947777,0.0,07,20,SFG,SDP
1.69,0.547311,2.26,0.46585628,0.0,07,21,CHC,STL
2.17,0.39783606,1.74,0.52261025,0.0,07,21,BAL,HOU
1.67,0.6233571,2.3,0.15068051,1.0,07,21,PHI,MIL
1.75,0.56607604,2.15,0.3278614,0.0,07,21,CIN,FLA
1.69,0.5360325,2.26,0.47673976,1.0,07,21,CLE,TOR
1.62,0.4861003,2.41,0.59734714,1.0,07,21,NYM,OAK
2.14,0.61557597,1.76,0.16596022,0.0,07,21,TBD,TEX
1.75,0.48086742,2.16,0.60144573,0.0,07,21,MIN,DET
1.54,0.6815562,2.6,0.12728111,1.0,07,21,KCR,CHW
1.73,0.32317847,2.19,0.7796668,0.0,07,21,COL,PIT
2.33,0.26735747,1.66,0.7293124,1.0,07,21,ARI,WSN
2.82,0.3444043,1.47,0.6390971,0.0,07,21,ANA,BOS
1.35,0.62802607,3.37,0.43943965,0.0,07,21,LAD,ATL
2.01,0.47815803,1.86,0.50011504,0.0,07,21,SEA,NYY
1.59,0.5619652,2.49,0.4534251,0.0,07,21,SFG,SDP
1.63,0.5090234,2.4,0.5874336,1.0,07,22,CHC,STL
1.83,0.5454146,2.04,0.46019477,1.0,07,22,SFG,SDP
2.05,0.31383234,1.83,0.6421249,0.0,07,22,BAL,HOU
2.12,0.6074601,1.77,0.16105577,0.0,07,22,PHI,MIL
1.89,0.48580614,1.98,0.48811558,0.0,07,22,CIN,FLA
1.84,0.5245355,2.03,0.48222476,1.0,07,22,CLE,TOR
1.8,0.43211046,2.07,0.6152651,1.0,07,22,MIN,DET
1.84,0.50313234,2.03,0.4862106,1.0,07,22,NYM,OAK
1.54,0.6029697,2.62,0.31586146,0.0,07,22,TBD,TEX
1.56,0.67344826,2.57,0.13279791,1.0,07,22,KCR,CHW
2.03,0.43020272,1.85,0.6145568,0.0,07,22,ARI,WSN
1.84,0.3166243,2.03,0.7806064,1.0,07,22,COL,PIT
2.13,0.3743667,1.77,0.63181096,1.0,07,22,ANA,BOS
1.38,0.6093431,3.21,0.4481635,1.0,07,22,LAD,ATL
2.22,0.42775127,1.72,0.61798686,1.0,07,22,SEA,NYY
1.72,0.43784392,2.21,0.60824937,1.0,07,23,CIN,FLA
1.51,0.64568186,2.7,0.29775047,1.0,07,23,CLE,TOR
1.68,0.6016433,2.27,0.31658027,0.0,07,23,NYM,OAK
1.8,0.5099311,2.09,0.4839318,0.0,07,23,TBD,TEX
2.18,0.32878625,1.73,0.6393411,1.0,07,23,BAL,HOU
1.89,0.54128844,1.98,0.33682528,1.0,07,23,PHI,MIL
1.87,0.52914,1.99,0.47942796,0.0,07,23,MIN,DET
1.76,0.65795356,2.15,0.14385703,1.0,07,23,KCR,CHW
1.88,0.3722819,1.99,0.7079886,1.0,07,23,COL,PIT
2.07,0.41037378,1.81,0.62278116,1.0,07,23,ANA,BOS
1.9,0.55340624,1.96,0.4576642,0.0,07,23,SFG,SDP
2.01,0.41654548,1.86,0.618089,0.0,07,23,ARI,WSN
1.25,0.64726156,4.29,0.42954546,1.0,07,23,LAD,ATL
1.99,0.43104938,1.88,0.61719304,0.0,07,23,SEA,NYY
1.6,0.573457,2.46,0.45560762,1.0,07,23,CHC,STL
1.36,0.7031803,3.34,0.11451489,0.0,07,24,CHC,CHW
2.41,0.29972443,1.62,0.64338,0.0,07,24,PHI,HOU
1.61,0.51487684,2.45,0.47958794,1.0,07,24,TOR,OAK
1.52,0.58040684,2.66,0.4529557,1.0,07,24,CLE,CIN
1.7,0.3173978,2.23,0.7825997,0.0,07,24,DET,KCR
1.91,0.44576746,1.94,0.6130439,0.0,07,24,TBD,BAL
1.71,0.37285358,2.22,0.70550925,1.0,07,24,STL,COL
1.69,0.5365568,2.26,0.4726345,0.0,07,24,TEX,FLA
1.45,0.57060724,2.91,0.4615945,1.0,07,24,ARI,ATL
1.37,0.6155515,3.32,0.44789696,1.0,07,24,LAD,MIN
2.39,0.2699828,1.63,0.7272106,0.0,07,24,SDP,NYM
1.66,0.52375317,2.34,0.48364988,1.0,07,24,SEA,BOS
2.34,0.39168978,1.65,0.6184178,0.0,07,24,SFG,PIT
1.47,0.62430054,2.81,0.308702,1.0,07,25,CHC,CHW
1.59,0.6298862,2.48,0.29813457,1.0,07,25,NYY,CIN
2.38,0.29097328,1.63,0.6458063,0.0,07,25,PHI,HOU
1.77,0.58519554,2.14,0.3260869,0.0,07,25,WSN,MIL
1.89,0.50586456,1.97,0.4839676,1.0,07,25,TOR,OAK
1.6,0.49553725,2.47,0.5956894,1.0,07,25,CLE,ANA
1.79,0.29731068,2.11,0.7855681,0.0,07,25,DET,KCR
1.81,0.47982532,2.07,0.6017226,1.0,07,25,TBD,BAL
1.65,0.46985382,2.35,0.60149056,1.0,07,25,TEX,FLA
1.81,0.4621647,2.07,0.6008552,1.0,07,25,STL,COL
1.64,0.5488949,2.36,0.47118887,0.0,07,25,ARI,ATL
1.51,0.60204077,2.69,0.45422214,1.0,07,25,LAD,MIN
2.18,0.33197555,1.74,0.7158502,0.0,07,25,SDP,NYM
1.96,0.5601613,1.9,0.34249043,1.0,07,25,SEA,BOS
1.89,0.4447883,1.98,0.60321224,1.0,07,25,SFG,PIT
1.67,0.54881185,2.3,0.47313,1.0,07,26,TBD,BAL
1.4,0.6547704,3.12,0.284501,1.0,07,26,NYY,CIN
1.48,0.55913764,2.81,0.46636763,1.0,07,26,ARI,ATL
2.81,0.48803,1.47,0.3744015,0.0,07,26,SEA,BOS
1.65,0.50795037,2.36,0.47751313,1.0,07,26,SFG,PIT
1.92,0.22565413,1.93,0.734744,1.0,07,26,PHI,HOU
1.77,0.56127477,2.12,0.46377674,1.0,07,26,WSN,MIL
1.62,0.5988733,2.41,0.3158419,1.0,07,26,TOR,OAK
1.44,0.5007985,2.92,0.59298784,1.0,07,26,CLE,ANA
1.87,0.26348788,1.99,0.7903953,0.0,07,26,DET,KCR
3.35,0.32326415,1.36,0.63566464,0.0,07,26,CHW,CHC
1.43,0.5136414,2.97,0.587631,0.0,07,26,TEX,FLA
1.57,0.55565375,2.54,0.46211538,1.0,07,26,STL,COL
1.44,0.6248028,2.97,0.3148553,1.0,07,26,LAD,MIN
1.93,0.3327464,1.94,0.7156931,1.0,07,26,SDP,NYM
1.34,0.61770743,3.42,0.43924525,1.0,07,27,WSN,MIL
1.65,0.5437111,2.36,0.47223362,1.0,07,27,CLE,ANA
1.52,0.60074455,2.66,0.31577286,1.0,07,27,TOR,OAK
1.77,0.5313287,2.13,0.4806383,1.0,07,27,NYY,TBD
3.25,0.25302508,1.38,0.72809607,0.0,07,27,CHW,CHC
1.99,0.50897616,1.87,0.48092434,0.0,07,27,STL,ARI
2.03,0.40704066,1.84,0.617659,1.0,07,27,SDP,NYM
1.5,0.5499378,2.72,0.47341532,1.0,07,28,NYY,TBD
2.25,0.5411183,1.7,0.3387878,1.0,07,28,PHI,ATL
1.68,0.52123797,2.29,0.47934493,0.0,07,28,TOR,ANA
1.64,0.30355135,2.39,0.78496444,0.0,07,28,BOS,KCR
2.42,0.27165303,1.61,0.6514401,0.0,07,28,DET,HOU
1.72,0.5361089,2.21,0.47891897,1.0,07,28,TEX,BAL
3.18,0.17220846,1.39,0.8018468,0.0,07,28,CHW,CLE
2.23,0.3030017,1.71,0.7218986,1.0,07,28,MIL,CHC
1.77,0.43451256,2.13,0.60935247,1.0,07,28,STL,ARI
1.94,0.5609894,1.93,0.3342313,0.0,07,28,OAK,MIN
1.32,0.58582854,3.6,0.5615372,1.0,07,28,LAD,SFG
2.42,0.55188304,1.63,0.33488956,1.0,07,28,SDP,PIT
1.62,0.56978416,2.42,0.45889536,0.0,07,28,SEA,NYM
1.61,0.5286857,2.45,0.48098862,1.0,07,29,NYY,TBD
1.85,0.49747044,2.02,0.48803696,0.0,07,29,TOR,ANA
1.32,0.63793045,3.62,0.42754582,1.0,07,29,LAD,SFG
2.12,0.40511742,1.77,0.6191591,1.0,07,29,SEA,NYM
2.03,0.30630165,1.84,0.64376336,1.0,07,29,DET,HOU
1.91,0.5735019,1.95,0.32475126,1.0,07,29,PHI,ATL
1.69,0.5351322,2.27,0.47357327,0.0,07,29,WSN,COL
1.65,0.33471522,2.35,0.78009033,1.0,07,29,BOS,KCR
3.66,0.12567961,1.31,0.80745924,0.0,07,29,CHW,CLE
2.57,0.38282466,1.56,0.62500113,0.0,07,29,MIL,CHC
2.02,0.4136473,1.85,0.6146374,0.0,07,29,STL,ARI
2.01,0.52223253,1.86,0.4843746,0.0,07,29,TEX,BAL
2.01,0.54690427,1.86,0.3373043,1.0,07,29,SDP,PIT
1.97,0.5654047,1.9,0.3302896,1.0,07,29,OAK,MIN
1.63,0.53517544,2.4,0.47857946,0.0,07,30,NYY,TBD
1.86,0.51519066,2.0,0.48172075,1.0,07,30,TOR,ANA
2.04,0.3516916,1.83,0.6333722,1.0,07,30,DET,HOU
1.56,0.39841726,2.55,0.7057118,0.0,07,30,BOS,KCR
1.73,0.55802375,2.19,0.33225238,1.0,07,30,PHI,ATL
1.79,0.5350157,2.15,0.4735364,0.0,07,30,WSN,COL
2.29,0.21771143,1.68,0.7950996,1.0,07,30,CHW,CLE
1.88,0.33840317,1.98,0.7152288,0.0,07,30,MIL,CHC
1.8,0.45776084,2.1,0.6028302,1.0,07,30,STL,ARI
1.88,0.54528135,1.99,0.47494873,0.0,07,30,TEX,BAL
1.7,0.60155135,2.22,0.31438708,1.0,07,30,OAK,MIN
1.42,0.5700554,3.05,0.45878842,1.0,07,30,SEA,NYM
2.39,0.52740014,1.62,0.3465402,0.0,07,30,SDP,PIT
1.79,0.49309608,2.15,0.48864162,1.0,07,30,WSN,COL
1.62,0.57521003,2.42,0.4566258,1.0,07,30,LAD,SFG
1.94,0.5482774,1.92,0.33727908,1.0,07,31,PHI,ATL
2.11,0.31306967,1.77,0.7230744,1.0,07,31,BOS,CLE
1.94,0.3061316,1.91,0.7230114,1.0,07,31,BAL,KCR
1.43,0.5425604,2.99,0.47446546,1.0,07,31,NYY,DET
1.91,0.46244478,1.96,0.60460114,0.0,07,31,TEX,SEA
2.64,0.38300005,1.53,0.62576646,1.0,07,31,CHW,TOR
1.69,0.5562231,2.26,0.47437543,1.0,07,31,HOU,TBD
1.69,0.57752335,2.27,0.4473416,1.0,07,31,OAK,SFG
1.79,0.4277668,2.1,0.6154383,1.0,08,01,BAL,KCR
1.57,0.5722961,2.53,0.46237022,0.0,08,01,NYY,DET
1.57,0.6422534,2.53,0.28777277,0.0,08,01,PIT,CIN
1.6,0.48108026,2.45,0.6022531,1.0,08,01,BOS,CLE
2.58,0.16982634,1.55,0.7977662,0.0,08,01,ATL,LAD
1.91,0.43917897,1.96,0.60767657,1.0,08,01,MIL,STL
1.52,0.5193884,2.66,0.58458865,1.0,08,01,CHC,ARI
1.93,0.4059928,1.94,0.6193744,0.0,08,01,TEX,SEA
2.93,0.45266795,1.44,0.50411224,0.0,08,01,CHW,TOR
1.98,0.6214269,1.89,0.3164633,0.0,08,01,HOU,TBD
1.85,0.58157706,2.01,0.32709664,1.0,08,01,COL,NYM
1.78,0.6132162,2.12,0.29997146,0.0,08,01,OAK,SFG
1.79,0.32382473,2.1,0.77994335,1.0,08,01,ANA,PHI
1.91,0.58548766,1.96,0.32580233,1.0,08,01,SDP,MIN
1.38,0.5189094,3.26,0.5898962,0.0,08,02,NYY,DET
2.79,0.44835815,1.48,0.50546616,0.0,08,02,CHW,TOR
1.89,0.54379684,1.98,0.34546152,0.0,08,02,SDP,MIN
1.7,0.4999815,2.25,0.48907757,1.0,08,02,BAL,KCR
1.58,0.58278537,2.51,0.44918114,0.0,08,02,PIT,CIN
2.52,0.1973828,1.58,0.79413545,1.0,08,02,ATL,LAD
1.63,0.55713683,2.38,0.463363,0.0,08,02,CHC,ARI
1.89,0.34602475,1.98,0.7141523,1.0,08,02,TEX,SEA
1.46,0.6075233,2.86,0.45195368,0.0,08,02,HOU,TBD
1.88,0.5398874,1.98,0.46899876,0.0,08,02,MIL,STL
1.74,0.6089575,2.18,0.31429595,0.0,08,02,COL,NYM
1.46,0.44813728,2.88,0.6910937,1.0,08,02,ANA,PHI
1.67,0.46847343,2.3,0.5998077,0.0,08,02,SFG,OAK
2.16,0.4306006,1.75,0.610831,1.0,08,03,MIL,STL
1.67,0.53542036,2.29,0.4719716,0.0,08,03,CHC,ARI
1.56,0.5682116,2.54,0.46202135,1.0,08,03,COL,NYM
1.72,0.37371722,2.2,0.7078578,0.0,08,03,BAL,DET
1.7,0.4932178,2.25,0.59152687,1.0,08,03,PIT,CIN
1.34,0.575205,3.45,0.4614477,1.0,08,03,BOS,CHW
1.54,0.5697855,2.63,0.4660166,1.0,08,03,CLE,NYY
3.0,0.23332755,1.43,0.7305791,0.0,08,03,ATL,LAD
1.74,0.52522534,2.18,0.5910128,0.0,08,03,HOU,TBD
1.79,0.5724964,2.1,0.32964173,0.0,08,03,MIN,TEX
1.69,0.3506429,2.25,0.71380174,1.0,08,03,KCR,SEA
1.56,0.51753604,2.54,0.58499044,1.0,08,03,ANA,PHI
1.73,0.35955626,2.2,0.71009135,1.0,08,03,SFG,OAK
1.6,0.5585447,2.46,0.46512434,0.0,08,04,CHC,WSN
1.84,0.47084832,2.03,0.4915798,1.0,08,04,CIN,STL
1.65,0.35211855,2.35,0.7135125,0.0,08,04,BAL,DET
1.53,0.5081858,2.66,0.58552635,1.0,08,04,PIT,SDP
1.45,0.56855494,2.89,0.46405134,1.0,08,04,BOS,CHW
1.84,0.5904724,2.03,0.32909268,1.0,08,04,CLE,NYY
2.07,0.29462376,1.8,0.7198364,0.0,08,04,NYM,LAD
1.63,0.54943943,2.38,0.46570244,0.0,08,04,TBD,MIL
1.79,0.42951426,2.11,0.6116256,1.0,08,04,ATL,FLA
1.61,0.536048,2.42,0.5868159,1.0,08,04,HOU,TOR
1.93,0.46430638,1.93,0.4983969,1.0,08,04,MIN,TEX
2.38,0.3930847,1.63,0.6241561,0.0,08,04,KCR,SEA
1.63,0.57953,2.4,0.45589316,1.0,08,04,COL,PHI
1.76,0.49568713,2.15,0.59445286,1.0,08,04,ANA,OAK
1.69,0.47550422,2.27,0.5948305,0.0,08,04,SFG,ARI
1.61,0.49341017,2.44,0.5948058,1.0,08,05,CHC,WSN
2.86,0.24335852,1.46,0.7288259,0.0,08,05,NYM,LAD
1.67,0.46525025,2.3,0.60115063,0.0,08,05,TBD,MIL
1.63,0.35342783,2.39,0.7140376,1.0,08,05,BAL,DET
1.64,0.5739502,2.37,0.45238784,0.0,08,05,PIT,SDP
1.78,0.4901186,2.12,0.48905545,1.0,08,05,ATL,FLA
1.31,0.6668522,3.73,0.28491133,1.0,08,05,BOS,CHW
1.71,0.49236417,2.23,0.48399413,0.0,08,05,CIN,STL
1.77,0.58991224,2.13,0.32946673,0.0,08,05,CLE,NYY
1.57,0.5159085,2.53,0.594311,0.0,08,05,HOU,TOR
2.14,0.45130676,1.76,0.50374305,0.0,08,05,MIN,TEX
1.49,0.6470283,2.75,0.29167578,1.0,08,05,COL,PHI
2.34,0.38995066,1.65,0.6184156,1.0,08,05,SFG,ARI
1.58,0.560177,2.51,0.46446866,0.0,08,05,ANA,OAK
1.84,0.47978175,2.04,0.48852035,0.0,08,06,CIN,STL
1.85,0.57237655,2.03,0.3378564,0.0,08,06,CLE,NYY
1.59,0.3867206,2.49,0.7039817,1.0,08,06,TBD,MIL
1.71,0.50094104,2.23,0.48561004,0.0,08,06,ATL,FLA
1.64,0.37063015,2.37,0.71065927,1.0,08,06,BAL,DET
1.45,0.6795795,2.89,0.13204174,1.0,08,06,BOS,CHW
1.53,0.5883656,2.64,0.44539076,1.0,08,06,PIT,SDP
1.91,0.49769533,1.96,0.59923023,1.0,08,06,HOU,TOR
1.72,0.44551718,2.22,0.6088814,1.0,08,06,MIN,TEX
1.75,0.47344044,2.17,0.60130364,0.0,08,06,KCR,SEA
1.5,0.56619334,2.73,0.46135837,0.0,08,06,CHC,WSN
1.91,0.6602043,1.96,0.13871144,0.0,08,06,COL,PHI
1.75,0.53273594,2.16,0.47537166,0.0,08,06,ANA,OAK
1.93,0.45510763,1.93,0.6011209,1.0,08,06,SFG,ARI
1.75,0.39494866,2.17,0.622909,1.0,08,06,KCR,SEA
2.42,0.29174495,1.61,0.72021306,0.0,08,06,NYM,LAD
1.57,0.47129634,2.52,0.604248,1.0,08,07,PIT,DET
1.31,0.5517856,3.67,0.57768023,1.0,08,07,WSN,FLA
1.76,0.50834256,2.15,0.47557718,1.0,08,07,CIN,SDP
1.94,0.45910627,1.91,0.6026678,1.0,08,07,MIN,MIL
2.07,0.43459305,1.81,0.6094059,0.0,08,07,KCR,STL
2.6,0.5028189,1.53,0.3561153,0.0,08,07,SFG,CHC
1.7,0.4415908,2.25,0.61466825,0.0,08,07,ANA,BAL
1.58,0.5374826,2.5,0.47591054,1.0,08,08,PIT,DET
1.68,0.5352717,2.27,0.47666606,0.0,08,08,WSN,FLA
1.72,0.47877353,2.2,0.4988301,1.0,08,08,TOR,NYY
1.73,0.607848,2.2,0.3023192,0.0,08,08,CIN,SDP
1.38,0.52992123,3.25,0.58031464,1.0,08,08,CLE,COL
1.95,0.43482286,1.91,0.61063904,1.0,08,08,NYM,TEX
2.86,0.17343888,1.46,0.8035331,0.0,08,08,TBD,BOS
1.57,0.6333203,2.55,0.29496652,0.0,08,08,ATL,PHI
3.19,0.33944342,1.38,0.53484166,1.0,08,08,CHW,HOU
1.7,0.4408028,2.24,0.6079343,1.0,08,08,MIN,MIL
2.12,0.4460554,1.77,0.6061223,0.0,08,08,KCR,STL
2.1,0.30860656,1.79,0.71941215,1.0,08,08,ARI,LAD
2.04,0.47940275,1.84,0.49396417,0.0,08,08,OAK,SEA
1.83,0.44198135,2.05,0.6144781,1.0,08,08,ANA,BAL
2.73,0.44500855,1.5,0.50162417,1.0,08,08,SFG,CHC
1.54,0.48874372,2.62,0.59374285,0.0,08,09,CLE,COL
1.87,0.5114945,2.0,0.4807762,0.0,08,09,NYM,TEX
1.9,0.40845558,1.96,0.6185822,0.0,08,09,OAK,SEA
2.17,0.41840014,1.75,0.620955,1.0,08,09,ANA,BAL
1.81,0.48824525,2.08,0.48694792,1.0,08,09,SFG,CHC
1.99,0.23788723,1.88,0.79550856,0.0,08,09,TBD,BOS
1.58,0.57289714,2.49,0.46121493,1.0,08,09,WSN,FLA
2.67,0.43976927,1.52,0.5120047,0.0,08,09,TOR,NYY
1.8,0.5297224,2.09,0.4674585,1.0,08,09,CIN,SDP
1.87,0.40471765,1.99,0.69881916,1.0,08,09,DET,PIT
1.64,0.54256076,2.37,0.46728113,0.0,08,09,ATL,PHI
2.91,0.38580224,1.45,0.52284193,1.0,08,09,CHW,HOU
1.64,0.4213075,2.38,0.70074654,0.0,08,09,MIL,MIN
1.69,0.61232847,2.26,0.31513107,1.0,08,09,STL,KCR
1.96,0.3155479,1.91,0.71820146,0.0,08,09,ARI,LAD
1.68,0.5474471,2.28,0.46051535,1.0,08,10,CIN,SDP
2.45,0.44070664,1.61,0.6060548,0.0,08,10,DET,PIT
2.38,0.5222462,1.64,0.34757975,0.0,08,10,PHI,NYM
1.64,0.53778327,2.35,0.47563687,1.0,08,10,WSN,FLA
2.3,0.3946487,1.67,0.6258844,1.0,08,10,TOR,NYY
2.19,0.4600536,1.73,0.50376606,1.0,08,10,TBD,CLE
1.66,0.60849327,2.32,0.31725335,1.0,08,10,STL,KCR
2.4,0.43260306,1.62,0.5092294,1.0,08,10,CHW,HOU
1.64,0.40070274,2.36,0.704591,0.0,08,10,MIL,MIN
2.55,0.25200257,1.56,0.72945446,0.0,08,10,ARI,LAD
1.95,0.43459964,1.91,0.6154081,0.0,08,10,OAK,BAL
1.53,0.56431454,2.63,0.46419296,0.0,08,10,SEA,ANA
1.77,0.24755804,2.13,0.79405206,1.0,08,11,NYY,BOS
1.9,0.4745157,1.97,0.4916401,0.0,08,11,PHI,NYM
1.68,0.40055174,2.26,0.7002442,0.0,08,11,TOR,PIT
1.95,0.29975933,1.91,0.78469473,0.0,08,11,DET,MIN
2.09,0.55309093,1.8,0.34367085,0.0,08,11,TBD,CLE
2.03,0.5515179,1.85,0.34282523,1.0,08,11,TEX,HOU
2.1,0.5266639,1.79,0.35048378,1.0,08,11,CHW,KCR
1.53,0.5212046,2.64,0.5816008,0.0,08,11,MIL,CIN
1.61,0.552812,2.43,0.4667914,1.0,08,11,STL,ATL
1.86,0.51707333,2.02,0.47991544,0.0,08,11,ARI,CHC
2.03,0.4359368,1.85,0.61496794,1.0,08,11,OAK,BAL
1.35,0.70876116,3.41,0.25504324,0.0,08,11,LAD,SDP
1.76,0.44862032,2.15,0.60984385,0.0,08,11,SEA,ANA
2.02,0.35107255,1.85,0.7106118,1.0,08,12,TOR,PIT
1.59,0.37580708,2.47,0.7118567,0.0,08,12,NYY,BOS
2.06,0.28295943,1.81,0.7871317,1.0,08,12,DET,MIN
1.63,0.5057728,2.38,0.48848033,0.0,08,12,TBD,CLE
1.68,0.44124818,2.29,0.6067339,1.0,08,12,PHI,NYM
1.79,0.42949083,2.11,0.6939297,1.0,08,12,WSN,SFG
2.31,0.58302915,1.66,0.18212292,0.0,08,12,CHW,KCR
1.6,0.40473118,2.48,0.69904137,1.0,08,12,MIL,CIN
1.42,0.6435092,3.03,0.29484653,1.0,08,12,STL,ATL
2.0,0.5222349,1.88,0.3566638,1.0,08,12,TEX,HOU
1.88,0.4493709,1.99,0.5038217,1.0,08,12,ARI,CHC
1.97,0.48135376,1.89,0.49752873,0.0,08,12,OAK,BAL
1.4,0.6214085,3.14,0.43723083,1.0,08,12,LAD,SDP
1.67,0.3799015,2.29,0.7087895,0.0,08,12,SEA,ANA
1.69,0.5125787,2.34,0.58588827,0.0,08,13,WSN,SFG
1.83,0.46913436,2.05,0.59876436,1.0,08,13,TOR,PIT
2.08,0.327796,1.81,0.7186615,0.0,08,13,DET,MIN
2.53,0.32167628,1.57,0.64240694,0.0,08,13,TBD,CLE
1.94,0.410584,1.92,0.61516684,0.0,08,13,PHI,NYM
2.21,0.5282312,1.72,0.35010263,0.0,08,13,CHW,KCR
1.85,0.48035413,2.02,0.5961618,1.0,08,13,MIL,CIN
1.52,0.6727527,2.66,0.13233025,0.0,08,13,STL,ATL
2.23,0.57583135,1.71,0.19027042,0.0,08,13,TEX,HOU
1.96,0.4740789,1.91,0.4990993,1.0,08,13,OAK,BAL
1.93,0.502788,1.94,0.48629057,0.0,08,13,ARI,CHC
1.34,0.6446944,3.45,0.42561218,1.0,08,13,LAD,SDP
1.75,0.2813533,2.17,0.78798515,0.0,08,13,SEA,ANA
1.69,0.58529675,2.34,0.56061214,1.0,08,13,WSN,SFG
2.39,0.27971596,1.62,0.73016846,0.0,08,13,NYY,BOS
2.03,0.41682294,1.85,0.6202057,0.0,08,14,BOS,CLE
1.54,0.4977472,2.61,0.5929712,1.0,08,14,NYY,NYM
1.93,0.56708413,1.92,0.33756715,1.0,08,14,TOR,TBD
1.45,0.5484187,2.9,0.5752683,1.0,08,14,CHC,CIN
1.86,0.49620762,2.01,0.49101993,1.0,08,14,TEX,DET
1.8,0.62047297,2.09,0.30611104,1.0,08,14,COL,ATL
1.6,0.56002665,2.47,0.34050867,1.0,08,14,ARI,HOU
1.94,0.49499127,1.93,0.48983845,0.0,08,14,OAK,KCR
1.84,0.51999843,2.05,0.4744728,1.0,08,14,SDP,PHI
2.04,0.49886158,1.84,0.49210912,0.0,08,14,SEA,BAL
1.96,0.5320568,1.9,0.3545482,0.0,08,15,ARI,HOU
1.68,0.45443892,2.29,0.6059922,1.0,08,15,NYY,NYM
1.93,0.34775177,1.93,0.7782755,1.0,08,15,WSN,ANA
1.86,0.59276843,2.0,0.3254892,0.0,08,15,TOR,TBD
1.66,0.40000153,2.33,0.70132965,1.0,08,15,BOS,STL
1.75,0.53549236,2.16,0.47085094,1.0,08,15,MIL,PIT
1.62,0.5999915,2.42,0.44467986,0.0,08,15,CHC,CIN
1.92,0.55466497,1.94,0.34193325,1.0,08,15,TEX,DET
2.43,0.2774401,1.62,0.7283899,0.0,08,15,MIN,CLE
1.51,0.6114741,2.69,0.31238538,0.0,08,15,COL,ATL
2.1,0.39802572,1.79,0.6227226,1.0,08,15,OAK,KCR
1.27,0.57288367,4.06,0.57572174,1.0,08,15,LAD,CHW
1.59,0.61509997,2.48,0.30328104,1.0,08,15,SDP,PHI
1.89,0.44442895,1.98,0.61191577,1.0,08,15,SEA,BAL
1.75,0.40776992,2.17,0.70389277,0.0,08,16,WSN,ANA
1.78,0.5294994,2.12,0.4737706,1.0,08,16,MIL,PIT
2.09,0.4064991,1.8,0.62061316,0.0,08,16,OAK,KCR
1.68,0.5962151,2.28,0.31413236,1.0,08,16,SDP,PHI
1.83,0.5123156,2.04,0.48715237,1.0,08,16,SEA,BAL
2.4,0.39486173,1.63,0.6259068,0.0,08,16,NYM,NYY
1.73,0.58954215,2.19,0.32673556,1.0,08,16,TOR,TBD
1.61,0.46514973,2.43,0.60153204,1.0,08,16,BOS,STL
1.43,0.601127,3.0,0.44407153,1.0,08,16,CHC,CIN
1.54,0.64469033,2.62,0.29622012,1.0,08,16,TEX,DET
1.6,0.56499034,2.47,0.46114996,1.0,08,16,HOU,ARI
1.53,0.5583581,2.63,0.46483585,1.0,08,16,COL,ATL
1.32,0.6270715,3.63,0.44348574,1.0,08,16,LAD,CHW
2.48,0.18943052,1.6,0.8008609,0.0,08,17,MIN,CLE
1.81,0.5800872,2.07,0.45522967,0.0,08,17,HOU,ARI
1.4,0.6588641,3.13,0.2823593,0.0,08,17,CHC,CIN
1.55,0.55762434,2.58,0.46635696,0.0,08,17,COL,ATL
2.5,0.5515993,1.58,0.34506276,1.0,08,17,TOR,TBD
1.73,0.5077224,2.19,0.47939345,0.0,08,17,PIT,STL
2.48,0.22720607,1.6,0.7962085,1.0,08,17,MIN,CLE
2.8,0.38629654,1.48,0.62735,0.0,08,17,NYM,NYY
1.54,0.63168985,2.6,0.30357528,1.0,08,17,TEX,CHW
1.82,0.42494148,2.07,0.6131422,0.0,08,17,SDP,WSN
1.8,0.5978717,2.09,0.31021228,1.0,08,17,SFG,PHI
1.56,0.41520664,2.57,0.7034296,1.0,08,18,CHC,TOR
1.79,0.36048445,2.1,0.71194506,1.0,08,18,BAL,ANA
2.13,0.47611603,1.77,0.48910493,0.0,08,18,PIT,STL
1.83,0.3788933,2.06,0.71070737,1.0,08,18,BOS,NYY
2.87,0.20720999,1.46,0.734376,0.0,08,18,DET,LAD
1.93,0.36614406,1.93,0.7089593,0.0,08,18,NYM,FLA
1.74,0.49803987,2.17,0.4870022,0.0,08,18,TBD,SEA
1.81,0.5584386,2.07,0.46030986,0.0,08,18,ATL,CIN
1.39,0.7008465,3.17,0.1145148,0.0,08,18,TEX,CHW
1.46,0.60884,2.85,0.44653517,1.0,08,18,HOU,OAK
1.98,0.5081848,1.88,0.4804607,1.0,08,18,MIN,ARI
2.78,0.24321447,1.48,0.7341519,0.0,08,18,KCR,CLE
1.56,0.43005583,2.57,0.6960429,1.0,08,18,COL,MIL
1.97,0.36525697,1.89,0.62831825,0.0,08,18,SDP,WSN
1.55,0.679478,2.59,0.11551297,1.0,08,18,SFG,PHI
1.41,0.51909345,3.1,0.5914439,1.0,08,19,CHC,TOR
2.28,0.20198354,1.68,0.79316163,0.0,08,19,DET,LAD
2.04,0.4889121,1.84,0.48444456,1.0,08,19,PIT,STL
1.88,0.41657865,1.98,0.6163996,0.0,08,19,TBD,SEA
1.63,0.45367974,2.39,0.60743093,0.0,08,19,BAL,ANA
1.61,0.48038673,2.41,0.5955761,0.0,08,19,ATL,CIN
1.37,0.44194204,3.3,0.69709355,0.0,08,19,BOS,NYY
1.6,0.59655434,2.45,0.452239,1.0,08,19,HOU,OAK
2.25,0.4567202,1.69,0.49905983,1.0,08,19,MIN,ARI
1.89,0.3347641,1.98,0.7140302,1.0,08,19,NYM,FLA
2.28,0.3175617,1.68,0.72185946,0.0,08,19,KCR,CLE
1.43,0.6400721,2.97,0.29894558,1.0,08,19,TEX,CHW
1.74,0.41233975,2.19,0.70011795,0.0,08,19,COL,MIL
2.45,0.22798324,1.6,0.7339031,1.0,08,19,SDP,WSN
1.72,0.66771954,2.22,0.124814264,0.0,08,19,SFG,PHI
2.27,0.19515489,1.69,0.79401684,1.0,08,20,DET,LAD
1.55,0.48641348,2.6,0.59490997,0.0,08,20,NYM,FLA
1.61,0.36434272,2.43,0.7102804,1.0,08,20,TBD,SEA
1.93,0.35926643,1.93,0.7154445,1.0,08,20,BOS,NYY
1.9,0.35576776,1.96,0.7101231,1.0,08,20,ATL,CIN
1.83,0.38611788,2.06,0.6254603,0.0,08,20,BAL,ANA
1.41,0.6621812,3.09,0.2881847,0.0,08,20,HOU,OAK
1.94,0.55681837,1.94,0.33466697,1.0,08,20,MIN,ARI
2.49,0.29526916,1.58,0.7260806,1.0,08,20,KCR,CLE
1.57,0.5747938,2.53,0.4633027,1.0,08,20,CHC,TOR
1.51,0.61596227,2.7,0.3121934,0.0,08,20,TEX,CHW
1.81,0.3667372,2.08,0.7096428,0.0,08,20,COL,MIL
1.42,0.6576938,3.05,0.27849647,0.0,08,20,SFG,PHI
1.85,0.34589398,2.02,0.63297176,0.0,08,20,SDP,WSN
1.99,0.5069422,1.88,0.4796018,1.0,08,20,PIT,STL
1.94,0.3732717,1.98,0.70844686,1.0,08,21,CHW,MIN
1.54,0.54888237,2.61,0.4670311,1.0,08,21,BAL,OAK
2.17,0.2526257,1.74,0.72815466,0.0,08,21,PIT,LAD
1.88,0.35427997,1.99,0.71668786,1.0,08,21,CLE,BOS
2.17,0.55861217,1.75,0.32926995,0.0,08,21,NYM,ARI
2.0,0.3453424,1.86,0.71444863,0.0,08,21,ATL,SEA
1.94,0.35347873,1.98,0.71232194,0.0,08,21,CHW,MIN
1.62,0.42900255,2.42,0.614358,0.0,08,21,ANA,TEX
2.12,0.35899755,1.78,0.7086813,1.0,08,21,SFG,MIL
1.84,0.41084465,2.04,0.615324,0.0,08,22,PHI,FLA
1.6,0.6045007,2.47,0.31376344,0.0,08,22,BAL,OAK
2.04,0.29661724,1.83,0.7203147,0.0,08,22,PIT,LAD
2.39,0.28160885,1.63,0.72412854,0.0,08,22,CIN,CHC
1.53,0.48831612,2.65,0.60237455,0.0,08,22,CLE,BOS
2.62,0.3575369,1.54,0.6339895,0.0,08,22,DET,NYY
2.46,0.50060457,1.6,0.48046762,0.0,08,22,NYM,ARI
1.48,0.54157805,2.77,0.4735652,1.0,08,22,TBD,TOR
2.06,0.34984645,1.82,0.7135054,1.0,08,22,ATL,SEA
1.84,0.2878615,2.04,0.7230878,0.0,08,22,PHI,FLA
2.18,0.33162168,1.74,0.71651936,0.0,08,22,CHW,MIN
1.57,0.47798774,2.54,0.60104054,0.0,08,22,HOU,WSN
1.8,0.5290518,2.09,0.47203088,1.0,08,22,KCR,COL
1.56,0.6176746,2.55,0.43253943,0.0,08,22,STL,SDP
1.62,0.4467495,2.42,0.6093989,1.0,08,22,ANA,TEX
1.99,0.43696597,1.87,0.60747755,0.0,08,22,SFG,MIL
1.51,0.57235825,2.71,0.4581494,1.0,08,23,BAL,OAK
1.84,0.4520896,2.03,0.60295534,1.0,08,23,SFG,MIL
2.04,0.30857897,1.84,0.7192525,1.0,08,23,PHI,FLA
2.42,0.23285128,1.61,0.7313703,1.0,08,23,PIT,LAD
2.01,0.2863002,1.86,0.7232386,0.0,08,23,CIN,CHC
1.63,0.48974362,2.39,0.60185426,0.0,08,23,CLE,BOS
3.26,0.33814442,1.38,0.6385241,0.0,08,23,DET,NYY
2.63,0.47505775,1.53,0.48957023,1.0,08,23,NYM,ARI
1.87,0.5451404,1.99,0.34659094,0.0,08,23,TBD,TOR
1.88,0.41315982,1.98,0.61762255,0.0,08,23,ATL,SEA
2.47,0.26554814,1.6,0.72875214,1.0,08,23,CHW,MIN
1.65,0.41322455,2.35,0.7008913,1.0,08,23,HOU,WSN
1.74,0.58791393,2.17,0.3191296,1.0,08,23,KCR,COL
1.56,0.56559175,2.58,0.4559982,1.0,08,23,STL,SDP
1.62,0.5170921,2.41,0.48188952,0.0,08,23,ANA,TEX
2.27,0.47759223,1.69,0.48976773,0.0,08,24,NYM,ARI
2.25,0.36859915,1.7,0.626117,0.0,08,24,PHI,FLA
1.89,0.43253753,1.98,0.6145785,1.0,08,24,DET,NYY
1.64,0.6156489,2.38,0.31209943,1.0,08,24,TBD,TOR
1.91,0.56860477,1.96,0.32857278,0.0,08,24,KCR,COL
2.18,0.35019648,1.74,0.63007367,0.0,08,24,PIT,LAD
2.51,0.16767311,1.58,0.8006576,1.0,08,24,CIN,CHC
2.44,0.35669878,1.61,0.63741535,1.0,08,24,CLE,BOS
1.43,0.6138246,3.01,0.43439677,0.0,08,24,STL,SDP
2.59,0.36387855,1.55,0.6295952,1.0,08,24,CHW,MIN
1.71,0.46125054,2.22,0.6058925,0.0,08,24,HOU,WSN
1.66,0.46028036,2.31,0.60555685,0.0,08,24,ANA,TEX
1.57,0.47235817,2.53,0.6025035,0.0,08,25,NYY,SEA
2.91,0.26455337,1.45,0.7262179,1.0,08,25,PHI,CHC
2.22,0.5790196,1.73,0.3301854,0.0,08,25,WSN,NYM
1.51,0.5607959,2.68,0.4637381,0.0,08,25,TOR,MIN
1.58,0.54795456,2.52,0.47634873,0.0,08,25,BOS,BAL
2.01,0.4951071,1.86,0.48330966,1.0,08,25,CIN,PIT
1.74,0.48018005,2.18,0.60232764,1.0,08,25,CLE,KCR
1.81,0.55703425,2.08,0.33105603,1.0,08,25,ATL,COL
2.53,0.47054398,1.58,0.4968822,1.0,08,25,CHW,DET
1.54,0.48529425,2.61,0.60086703,0.0,08,25,STL,TBD
1.38,0.5945468,3.22,0.44436675,1.0,08,25,ARI,SFG
1.7,0.44228858,2.28,0.60886437,1.0,08,25,OAK,TEX
1.89,0.48107067,1.98,0.4966483,0.0,08,25,ANA,HOU
1.55,0.5240535,2.59,0.58805084,1.0,08,25,LAD,MIL
1.49,0.4966893,2.75,0.5950418,1.0,08,26,NYY,SEA
1.78,0.4607021,2.12,0.60512257,1.0,08,26,TOR,MIN
1.72,0.47508824,2.2,0.60632235,0.0,08,26,BOS,BAL
1.98,0.37057397,1.89,0.6277239,1.0,08,26,OAK,TEX
1.48,0.61023235,2.79,0.44403458,1.0,08,26,WSN,NYM
1.87,0.588955,2.0,0.3153806,0.0,08,26,CIN,PIT
2.75,0.33332813,1.49,0.6334815,0.0,08,26,PHI,CHC
1.88,0.5670761,1.99,0.32730088,0.0,08,26,ATL,COL
1.93,0.5536201,1.93,0.46587503,0.0,08,26,CHW,DET
1.63,0.4847847,2.4,0.60104173,1.0,08,26,CLE,KCR
1.75,0.3714706,2.17,0.71207494,1.0,08,26,STL,TBD
1.81,0.52211094,2.08,0.4744483,1.0,08,26,ARI,SFG
1.96,0.48083317,1.91,0.49570584,1.0,08,26,ANA,HOU
1.56,0.5919079,2.57,0.45440054,0.0,08,26,LAD,MIL
1.56,0.49590883,2.58,0.5953829,1.0,08,27,NYY,SEA
1.69,0.50320846,2.27,0.48720446,0.0,08,27,TOR,MIN
1.94,0.5045252,1.93,0.47989646,0.0,08,27,CIN,PIT
1.45,0.5852402,2.95,0.45771962,1.0,08,27,CLE,KCR
2.13,0.479695,1.77,0.48883957,0.0,08,27,ATL,COL
1.64,0.38030207,2.36,0.7117777,0.0,08,27,BOS,BAL
2.48,0.3405543,1.6,0.6317239,1.0,08,27,PHI,CHC
1.59,0.5651486,2.51,0.46406117,0.0,08,27,WSN,NYM
1.95,0.50747985,1.92,0.4837653,1.0,08,27,CHW,DET
2.1,0.46061605,1.8,0.60896915,0.0,08,27,STL,TBD
2.24,0.46275473,1.71,0.50294083,0.0,08,27,ANA,HOU
1.82,0.47344756,2.07,0.4954455,1.0,08,27,OAK,TEX
1.51,0.55125934,2.7,0.46305826,1.0,08,27,ARI,SFG
1.48,0.61590797,2.8,0.44319215,0.0,08,27,LAD,MIL
1.59,0.50353324,2.51,0.59338343,1.0,08,27,WSN,NYM
1.93,0.29965934,1.94,0.72537756,0.0,08,28,NYY,CLE
1.85,0.51240283,2.02,0.4827425,1.0,08,28,BAL,SEA
1.66,0.53212345,2.31,0.47100252,1.0,08,28,PHI,ATL
1.44,0.4674208,2.97,0.6895019,1.0,08,28,WSN,FLA
1.89,0.5385985,1.98,0.35123602,0.0,08,28,TOR,BOS
1.57,0.4941882,2.54,0.59302235,1.0,08,28,CHC,PIT
1.98,0.4543048,1.89,0.6095284,0.0,08,28,KCR,TBD
1.44,0.55614114,2.95,0.47008303,0.0,08,28,COL,DET
1.7,0.42441243,2.24,0.6982273,1.0,08,28,ANA,OAK
1.92,0.5888035,1.95,0.31062385,0.0,08,28,SDP,SFG
1.68,0.52770007,2.3,0.47623435,1.0,08,29,BAL,SEA
1.66,0.38521832,2.32,0.7080344,1.0,08,29,WSN,FLA
3.09,0.43741536,1.41,0.39105132,0.0,08,29,TOR,BOS
1.62,0.51760703,2.4,0.47694507,1.0,08,29,CIN,NYM
1.64,0.5375329,2.38,0.47657347,0.0,08,29,HOU,TEX
2.19,0.48252866,1.74,0.4910015,0.0,08,29,MIL,STL
1.42,0.59393895,3.06,0.4469444,1.0,08,29,CHC,PIT
1.42,0.4647988,3.04,0.69107145,1.0,08,29,MIN,CHW
1.99,0.3393806,1.88,0.7170099,1.0,08,29,KCR,TBD
1.49,0.45468146,2.76,0.6102256,1.0,08,29,COL,DET
2.0,0.42684665,1.87,0.51062626,1.0,08,29,ARI,LAD
1.7,0.49855083,2.25,0.5943159,1.0,08,29,ANA,OAK
1.68,0.5163597,2.29,0.4715867,1.0,08,29,SDP,SFG
1.95,0.57418656,1.92,0.32461864,0.0,08,30,PHI,ATL
1.76,0.24033286,2.13,0.7945284,0.0,08,30,NYY,CLE
1.99,0.5052083,1.88,0.48229754,1.0,08,30,MIL,STL
1.77,0.56426185,2.13,0.3354779,1.0,08,30,BAL,SEA
1.67,0.5116053,2.31,0.48740804,0.0,08,30,COL,DET
1.95,0.49938908,1.92,0.48343664,0.0,08,30,PHI,ATL
1.43,0.5163487,2.98,0.58986896,1.0,08,30,WSN,FLA
1.76,0.27694252,2.13,0.78938067,0.0,08,30,NYY,CLE
1.46,0.5478103,2.86,0.4720206,0.0,08,30,HOU,TEX
2.16,0.48674574,1.75,0.49532843,0.0,08,30,TOR,BOS
1.6,0.5130277,2.46,0.47920325,0.0,08,30,CIN,NYM
1.5,0.5873099,2.73,0.4505516,1.0,08,30,CHC,PIT
1.37,0.5199559,3.28,0.58973694,1.0,08,30,MIN,CHW
1.76,0.4542433,2.15,0.6095476,0.0,08,30,KCR,TBD
1.64,0.5856657,2.36,0.31225327,1.0,08,30,SDP,SFG
2.12,0.4605316,1.77,0.49919704,1.0,08,30,ARI,LAD
1.68,0.51004475,2.28,0.59084404,1.0,08,30,ANA,OAK
2.24,0.45574987,1.7,0.49909705,1.0,08,31,CIN,NYM
1.57,0.5655644,2.54,0.46462005,1.0,08,31,HOU,TEX
1.62,0.5167897,2.42,0.48435995,1.0,08,31,MIN,CHW
1.97,0.5326525,1.89,0.34922278,1.0,08,31,ARI,LAD
1.61,0.6004072,2.43,0.321425,0.0,08,31,BAL,TOR
1.69,0.43155915,2.26,0.61775947,1.0,08,31,NYY,BOS
1.41,0.60886025,3.08,0.44385284,1.0,08,31,CHC,ATL
1.76,0.30222905,2.15,0.7221425,1.0,08,31,MIL,WSN
2.58,0.4582428,1.55,0.49412122,0.0,08,31,SFG,STL
3.01,0.14693472,1.43,0.80529195,0.0,09,01,DET,CLE
1.45,0.5842046,2.9,0.45506138,1.0,09,01,CHC,ATL
1.49,0.6296498,2.75,0.30613208,1.0,09,01,BAL,TOR
1.55,0.45997718,2.59,0.6099014,0.0,09,01,NYY,BOS
1.87,0.53077775,2.0,0.4717654,0.0,09,01,PIT,CIN
3.01,0.16336286,1.43,0.8035889,0.0,09,01,DET,CLE
2.24,0.39156288,1.7,0.70625824,1.0,09,01,TEX,ANA
2.73,0.3771484,1.5,0.6276805,0.0,09,01,CHW,TBD
1.64,0.3375345,2.37,0.71498907,1.0,09,01,MIL,WSN
1.89,0.57000643,1.98,0.33623073,0.0,09,01,MIN,KCR
1.89,0.28564358,1.98,0.7850237,0.0,09,01,COL,ARI
3.48,0.49614114,1.34,0.21906592,0.0,09,01,SDP,LAD
1.71,0.54027176,2.25,0.46956563,1.0,09,01,SEA,OAK
1.98,0.42680755,1.89,0.60824114,0.0,09,01,SFG,STL
1.63,0.3564939,2.39,0.71546996,1.0,09,02,NYY,BOS
1.35,0.5897881,3.38,0.45246443,1.0,09,02,HOU,NYM
1.38,0.5910798,3.22,0.451489,1.0,09,02,CHC,ATL
2.08,0.48675996,1.81,0.3625544,1.0,09,02,SDP,LAD
1.95,0.3976353,1.9,0.6159862,1.0,09,02,SFG,STL
3.59,0.08052051,1.32,0.81324613,0.0,09,02,DET,CLE
1.87,0.57679737,1.99,0.3332444,0.0,09,02,BAL,TOR
1.73,0.47492987,2.19,0.5969919,1.0,09,02,PIT,CIN
2.71,0.3082515,1.5,0.7222243,1.0,09,02,CHW,TBD
2.72,0.33739558,1.5,0.63602656,0.0,09,02,MIL,WSN
1.71,0.5282858,2.25,0.47980425,1.0,09,02,MIN,KCR
2.1,0.44426736,1.8,0.6109499,0.0,09,02,TEX,ANA
1.76,0.3002,2.14,0.78291166,0.0,09,02,COL,ARI
1.35,0.64189994,3.38,0.29684803,1.0,09,02,HOU,NYM
1.76,0.6039605,2.16,0.31352437,1.0,09,02,SEA,OAK
2.08,0.43880364,1.81,0.38214046,1.0,09,02,SDP,LAD
2.72,0.1947397,1.5,0.79935586,0.0,09,03,DET,CLE
1.69,0.54059005,2.26,0.4755614,1.0,09,03,BAL,TOR
1.85,0.48461732,2.02,0.5941285,1.0,09,03,PIT,CIN
2.38,0.3921295,1.63,0.62393117,1.0,09,03,CHW,TBD
1.37,0.6509481,3.3,0.29172295,1.0,09,03,HOU,NYM
1.77,0.42915645,2.14,0.61350554,1.0,09,03,MIL,WSN
1.54,0.57102615,2.62,0.4626789,0.0,09,03,MIN,KCR
1.4,0.5845969,3.14,0.45440695,0.0,09,03,CHC,ATL
2.15,0.3654714,1.76,0.7115308,1.0,09,03,TEX,ANA
1.74,0.2766127,2.18,0.7858741,0.0,09,03,COL,ARI
2.04,0.44080174,1.83,0.6043898,0.0,09,03,SFG,STL
1.68,0.6590665,2.29,0.13770719,1.0,09,03,SEA,OAK
2.82,0.46748248,1.47,0.3717357,1.0,09,03,SDP,LAD
2.0,0.3865585,1.87,0.62954265,1.0,09,03,NYY,BOS
2.26,0.30538288,1.7,0.71941644,1.0,09,04,CIN,MIL
2.38,0.422356,1.64,0.6152507,0.0,09,04,DET,KCR
1.85,0.48182368,2.02,0.5946162,1.0,09,04,NYM,PHI
1.72,0.44655025,2.2,0.6126821,0.0,09,04,BAL,NYY
3.04,0.1327579,1.42,0.80679923,0.0,09,04,CHW,CLE
1.57,0.6231362,2.53,0.29622304,1.0,09,04,COL,SFG
2.55,0.28074962,1.57,0.7252413,1.0,09,04,PIT,CHC
2.3,0.36191007,1.68,0.6287687,0.0,09,04,OAK,ANA
2.27,0.37134877,1.69,0.6246281,0.0,09,04,SDP,STL
2.2,0.30950317,1.73,0.7225442,0.0,09,04,SEA,HOU
1.59,0.5366813,2.5,0.47847146,0.0,09,04,BOS,TOR
1.76,0.4425621,2.15,0.6114229,1.0,09,04,TBD,MIN
1.83,0.405062,2.04,0.61925477,0.0,09,04,ATL,TEX
1.59,0.36529383,2.49,0.773321,0.0,09,04,LAD,ARI
2.45,0.35741645,1.61,0.6304059,1.0,09,05,PIT,CHC
1.5,0.48764268,2.73,0.60032123,1.0,09,05,BOS,TOR
2.22,0.40173978,1.71,0.617427,1.0,09,05,CIN,MIL
2.06,0.41084716,1.83,0.6169989,1.0,09,05,DET,KCR
1.49,0.53479236,2.77,0.5775632,0.0,09,05,NYM,PHI
1.7,0.5204875,2.25,0.48173928,1.0,09,05,TBD,MIN
3.38,0.14175496,1.35,0.8056854,0.0,09,05,CHW,CLE
1.53,0.6314839,2.64,0.29172382,1.0,09,05,COL,SFG
1.99,0.3168204,1.89,0.7228362,1.0,09,05,BAL,NYY
2.28,0.3643488,1.68,0.62810737,0.0,09,05,OAK,ANA
1.67,0.30029187,2.3,0.78357714,0.0,09,05,LAD,ARI
2.38,0.3137884,1.63,0.7177691,0.0,09,05,SDP,STL
2.34,0.18693684,1.65,0.80042344,0.0,09,05,SEA,HOU
1.73,0.5565667,2.19,0.46108767,1.0,09,06,CIN,MIL
1.55,0.58068794,2.58,0.32945082,0.0,09,06,TBD,MIN
2.0,0.38442686,1.88,0.62384427,0.0,09,06,ATL,TEX
2.09,0.3939331,1.8,0.6205754,1.0,09,06,OAK,ANA
2.12,0.47729534,1.78,0.49354705,0.0,09,06,PIT,CHC
1.55,0.558964,2.58,0.46947786,1.0,09,06,BOS,TOR
2.17,0.41386315,1.75,0.61755306,0.0,09,06,DET,KCR
1.9,0.47699168,1.97,0.59612054,1.0,09,06,NYM,PHI
2.0,0.29901126,1.88,0.72231114,1.0,09,06,ATL,TEX
3.21,0.12038268,1.39,0.8081765,0.0,09,06,CHW,CLE
1.5,0.61713296,2.73,0.30105767,0.0,09,06,COL,SFG
1.52,0.3369998,2.66,0.77673405,0.0,09,06,LAD,ARI
1.72,0.3619918,2.23,0.70839083,0.0,09,06,SDP,STL
2.37,0.19837268,1.65,0.7989315,0.0,09,06,SEA,HOU
1.9,0.41877672,1.97,0.6202168,0.0,09,07,BAL,NYY
2.18,0.472767,1.74,0.49503273,0.0,09,07,PIT,CHC
1.71,0.58488023,2.23,0.454679,1.0,09,07,WSN,PHI
2.18,0.4646898,1.74,0.5999356,1.0,09,07,NYM,CIN
2.11,0.55919033,1.79,0.3335695,1.0,09,07,ATL,FLA
3.61,0.047178302,1.33,0.8163782,0.0,09,07,CHW,CLE
1.97,0.48067427,1.9,0.49656966,0.0,09,07,KCR,MIN
2.02,0.27057478,1.85,0.72554433,1.0,09,07,SDP,STL
1.31,0.6296712,3.69,0.4295702,0.0,09,07,LAD,COL
1.26,0.6549241,4.1,0.42091617,1.0,09,08,WSN,PHI
1.46,0.63330567,2.84,0.29942134,0.0,09,08,TOR,DET
1.83,0.53762645,2.06,0.4788285,1.0,09,08,BOS,TBD
1.61,0.56558055,2.43,0.46923482,1.0,09,08,CLE,BAL
1.93,0.51904064,1.93,0.5833222,1.0,09,08,NYM,CIN
1.82,0.61993396,2.07,0.15913922,0.0,09,08,ATL,FLA
1.81,0.6100642,2.08,0.31037793,0.0,09,08,CHC,MIL
2.36,0.32263988,1.64,0.7220786,1.0,09,08,TEX,NYY
1.8,0.54432416,2.08,0.45860386,0.0,09,08,CHW,SFG
2.17,0.45927906,1.75,0.50381064,0.0,09,08,KCR,MIN
1.52,0.49958125,2.67,0.5907846,1.0,09,08,STL,PIT
1.43,0.5979562,2.98,0.44443536,0.0,09,08,ARI,SDP
2.55,0.15111595,1.57,0.804064,1.0,09,08,OAK,HOU
1.44,0.5179961,2.95,0.58459866,0.0,09,08,LAD,COL
1.77,0.43383047,2.14,0.61359495,1.0,09,08,SEA,ANA
1.55,0.5531607,2.58,0.47435114,1.0,09,09,CLE,BAL
2.65,0.41469207,1.53,0.6213136,0.0,09,09,TEX,NYY
1.61,0.5415729,2.43,0.47013813,0.0,09,09,CHC,MIL
2.38,0.24935627,1.63,0.7321257,1.0,09,09,OAK,HOU
1.73,0.5101658,2.2,0.48326716,1.0,09,09,TOR,DET
1.58,0.64559996,2.52,0.29468212,0.0,09,09,WSN,PHI
2.01,0.5672693,1.86,0.3298069,1.0,09,09,ATL,FLA
1.36,0.5938928,3.34,0.45559034,1.0,09,09,BOS,TBD
2.22,0.47296408,1.72,0.48407972,1.0,09,09,CHW,SFG
1.94,0.4767097,1.93,0.59615695,1.0,09,09,NYM,CIN
1.95,0.4263624,1.92,0.6161046,1.0,09,09,KCR,MIN
1.52,0.5800443,2.68,0.45309928,1.0,09,09,STL,PIT
2.38,0.34073514,1.63,0.6362438,1.0,09,09,OAK,HOU
1.52,0.5840011,2.67,0.4510516,0.0,09,09,ARI,SDP
1.41,0.45398554,3.07,0.68853515,0.0,09,09,LAD,COL
1.96,0.4962054,1.91,0.49002236,1.0,09,09,SEA,ANA
1.6,0.5676565,2.47,0.4613895,1.0,09,10,TOR,DET
1.65,0.5759361,2.35,0.45264697,0.0,09,10,NYM,CIN
1.69,0.5676252,2.28,0.33054626,1.0,09,10,ATL,FLA
1.68,0.52265745,2.29,0.48462814,0.0,09,10,BOS,TBD
1.42,0.6309725,3.07,0.4332154,1.0,09,10,WSN,PHI
2.44,0.47096255,1.61,0.48634213,1.0,09,10,CHW,SFG
1.74,0.43735254,2.17,0.61317396,1.0,09,10,KCR,MIN
1.6,0.6214386,2.45,0.3037011,1.0,09,10,STL,PIT
1.63,0.56352246,2.39,0.46107703,0.0,09,10,CHC,MIL
2.09,0.41985238,1.8,0.62048626,0.0,09,10,TEX,NYY
2.58,0.42238966,1.55,0.51408184,1.0,09,10,OAK,HOU
1.41,0.5522692,3.08,0.5732295,1.0,09,10,ARI,SDP
1.42,0.46780565,3.03,0.6850672,0.0,09,10,LAD,COL
1.78,0.5196867,2.11,0.48140627,0.0,09,10,SEA,ANA
1.5,0.62856966,2.73,0.31276146,1.0,09,10,CLE,BAL
2.02,0.5836227,1.85,0.3295834,1.0,09,11,TOR,BAL
1.24,0.61942863,4.35,0.4421214,1.0,09,11,CLE,DET
2.25,0.34770247,1.7,0.6378699,0.0,09,11,TBD,NYY
1.62,0.6809149,2.42,0.12147721,0.0,09,11,MIL,PIT
1.75,0.5541058,2.16,0.46700236,1.0,09,11,TEX,SEA
1.56,0.55859673,2.57,0.46745965,0.0,09,11,KCR,CHW
1.51,0.45078197,2.72,0.6905822,0.0,09,11,ARI,COL
2.76,0.56291837,1.49,0.18371733,1.0,09,11,SFG,LAD
1.52,0.4944126,2.66,0.5972363,1.0,09,12,KCR,CHW
2.05,0.52922726,1.83,0.34328496,1.0,09,12,PHI,FLA
1.58,0.47707558,2.51,0.6868628,0.0,09,12,WSN,ATL
2.0,0.5816549,1.87,0.18855843,1.0,09,12,TOR,BAL
1.57,0.34928012,2.54,0.7765832,1.0,09,12,BOS,OAK
1.22,0.7027483,4.69,0.26399258,1.0,09,12,CLE,DET
2.21,0.26465797,1.72,0.7317435,1.0,09,12,TBD,NYY
1.89,0.5816035,1.98,0.3235199,1.0,09,12,MIL,PIT
1.31,0.47179678,3.71,0.6870262,1.0,09,12,CHC,NYM
1.87,0.56466955,1.99,0.4626972,0.0,09,12,TEX,SEA
1.59,0.5220479,2.5,0.58156294,1.0,09,12,MIN,SDP
1.61,0.5981416,2.43,0.44566143,1.0,09,12,STL,CIN
1.81,0.31508762,2.08,0.7808553,0.0,09,12,ARI,COL
1.95,0.543139,1.92,0.34751812,0.0,09,12,ANA,HOU
3.35,0.5260743,1.36,0.2033085,0.0,09,12,SFG,LAD
1.32,0.6734139,3.62,0.28297246,1.0,09,13,CLE,DET
1.77,0.40005553,2.13,0.62499046,0.0,09,13,TBD,NYY
1.66,0.4427969,2.32,0.6124138,0.0,09,13,KCR,CHW
1.52,0.44584775,2.67,0.69342023,0.0,09,13,BOS,OAK
1.66,0.57409984,2.33,0.32402682,1.0,09,13,PHI,FLA
1.31,0.502889,3.68,0.68076116,0.0,09,13,WSN,ATL
1.81,0.6260405,2.09,0.16512272,0.0,09,13,TOR,BAL
1.33,0.51628023,3.55,0.58800936,1.0,09,13,CHC,NYM
1.92,0.4575296,1.94,0.6064398,0.0,09,13,TEX,SEA
1.61,0.65438396,2.43,0.285284,1.0,09,13,MIL,PIT
1.66,0.4997645,2.32,0.5887982,1.0,09,13,MIN,SDP
1.65,0.6282612,2.34,0.300558,0.0,09,13,STL,CIN
1.7,0.30208537,2.26,0.78230697,1.0,09,13,ARI,COL
3.06,0.4835614,1.42,0.3613288,0.0,09,13,SFG,LAD
1.83,0.57259864,2.05,0.3325168,1.0,09,13,ANA,HOU
1.82,0.3918482,2.07,0.70432955,0.0,09,14,DET,CHW
1.45,0.44328377,2.92,0.6947392,1.0,09,14,BOS,OAK
1.45,0.62387574,2.92,0.43354738,1.0,09,14,STL,CIN
1.55,0.41714612,2.59,0.6981417,1.0,09,14,ARI,COL
1.5,0.6228884,2.73,0.31344455,1.0,09,14,NYY,BAL
1.81,0.5327976,2.1,0.34399515,1.0,09,14,PHI,FLA
1.71,0.43845668,2.23,0.69660103,1.0,09,14,WSN,ATL
1.56,0.5117749,2.57,0.59212095,1.0,09,14,CLE,KCR
1.46,0.56043404,2.85,0.4637572,1.0,09,14,CHC,NYM
1.96,0.46375492,1.91,0.6038339,0.0,09,14,TEX,SEA
1.7,0.42773837,2.26,0.70018476,1.0,09,14,MIN,TOR
2.22,0.54578894,1.72,0.34630617,0.0,09,14,ANA,HOU
1.81,0.3711165,2.07,0.7080017,1.0,09,15,CHC,STL
1.29,0.6336841,3.81,0.3076505,1.0,09,15,NYY,BAL
1.78,0.43355435,2.11,0.6102509,0.0,09,15,PHI,OAK
2.32,0.46100706,1.66,0.5000923,0.0,09,15,WSN,LAD
1.75,0.56242377,2.17,0.32817435,1.0,09,15,CIN,PIT
1.47,0.5971799,2.83,0.45304868,0.0,09,15,CLE,KCR
1.84,0.35036242,2.04,0.71289593,1.0,09,15,DET,CHW
2.82,0.32653892,1.47,0.6430439,0.0,09,15,TBD,BOS
1.8,0.595839,2.09,0.3163398,1.0,09,15,ATL,NYM
1.78,0.43152624,2.12,0.61572886,1.0,09,15,HOU,SEA
2.0,0.41819346,1.86,0.6203661,0.0,09,15,MIN,TOR
1.64,0.57611054,2.38,0.4533155,1.0,09,15,COL,SDP
1.48,0.6127325,2.81,0.31053144,1.0,09,15,ANA,TEX
2.38,0.37195843,1.63,0.6223475,0.0,09,15,SFG,ARI
1.5,0.48465917,2.72,0.60062754,1.0,09,16,HOU,SEA
2.41,0.39219785,1.62,0.6220206,0.0,09,16,WSN,LAD
1.66,0.50180393,2.33,0.59064704,1.0,09,16,CHC,STL
1.53,0.6157318,2.64,0.31737658,1.0,09,16,NYY,BAL
1.67,0.58891,2.32,0.31634593,1.0,09,16,CIN,PIT
1.43,0.6090784,2.98,0.4482396,1.0,09,16,CLE,KCR
1.93,0.44171333,1.93,0.6101549,0.0,09,16,DET,CHW
1.75,0.4204321,2.17,0.6198706,0.0,09,16,TBD,BOS
1.96,0.43412748,1.91,0.61061335,1.0,09,16,PHI,OAK
2.02,0.6239933,1.85,0.15697142,0.0,09,16,ATL,NYM
1.81,0.45492542,2.08,0.6102561,0.0,09,16,MIN,TOR
1.46,0.643465,2.85,0.28931203,1.0,09,16,COL,SDP
2.26,0.37451762,1.69,0.62165016,0.0,09,16,SFG,ARI
1.75,0.5716265,2.16,0.33197808,1.0,09,16,ANA,TEX
1.41,0.640657,3.07,0.30390695,0.0,09,17,NYY,BAL
1.97,0.5622282,1.9,0.32933155,1.0,09,17,CIN,PIT
1.39,0.625808,3.18,0.4403187,1.0,09,17,CLE,KCR
1.79,0.4658426,2.1,0.6031825,1.0,09,17,DET,CHW
2.19,0.28159988,1.74,0.72887653,1.0,09,17,TBD,BOS
1.58,0.61980045,2.52,0.30352396,0.0,09,17,ATL,NYM
2.06,0.49518672,1.82,0.4864189,0.0,09,17,PHI,OAK
1.43,0.5248695,3.0,0.58752614,1.0,09,17,HOU,SEA
1.72,0.4772107,2.21,0.60373664,1.0,09,17,MIN,TOR
1.53,0.542012,2.63,0.4692532,1.0,09,17,CHC,STL
1.42,0.68910617,3.0,0.11418832,0.0,09,17,COL,SDP
1.51,0.66541773,2.69,0.13568628,0.0,09,17,ANA,TEX
2.33,0.2955113,1.66,0.719193,1.0,09,17,SFG,ARI
1.59,0.41466367,2.49,0.697822,1.0,09,17,WSN,LAD
1.81,0.43147817,2.08,0.6167447,0.0,09,18,BAL,BOS
1.61,0.44204772,2.44,0.6120532,1.0,09,18,NYY,MIN
3.83,0.18966877,1.29,0.73700285,1.0,09,18,PHI,LAD
1.93,0.35017782,1.94,0.7096073,0.0,09,18,PIT,MIL
1.95,0.4276591,1.92,0.6127029,0.0,09,18,DET,OAK
2.25,0.30045745,1.7,0.7193497,1.0,09,18,SDP,ARI
1.59,0.55136913,2.49,0.4710023,1.0,09,19,NYY,MIN
1.91,0.31113988,1.96,0.7234083,0.0,09,19,BAL,BOS
2.47,0.37493747,1.6,0.621972,1.0,09,19,PHI,LAD
1.91,0.3229637,1.95,0.71490693,0.0,09,19,PIT,MIL
1.56,0.6133637,2.55,0.31107533,1.0,09,19,TOR,KCR
1.96,0.5572013,1.91,0.33265036,0.0,09,19,CIN,STL
2.1,0.4096386,1.79,0.617484,0.0,09,19,DET,OAK
1.7,0.26407635,2.26,0.78810644,0.0,09,19,TBD,CHC
2.84,0.40638757,1.47,0.5162517,0.0,09,19,ATL,WSN
1.37,0.5285509,3.31,0.5884245,1.0,09,19,HOU,CHW
1.96,0.3074451,1.92,0.7238681,0.0,09,19,ANA,CLE
2.61,0.31722227,1.54,0.6375505,1.0,09,19,SDP,ARI
1.67,0.5914522,2.32,0.320942,0.0,09,19,SEA,TEX
2.0,0.491217,1.87,0.48179966,1.0,09,19,SFG,COL
1.32,0.6582373,3.69,0.29041216,1.0,09,20,NYY,MIN
1.98,0.32031515,1.89,0.71852344,0.0,09,20,DET,OAK
2.17,0.47063637,1.75,0.49029067,1.0,09,20,SFG,COL
3.08,0.22997567,1.41,0.73754406,0.0,09,20,BAL,BOS
3.29,0.4076673,1.37,0.51166755,1.0,09,20,PHI,LAD
2.11,0.34703603,1.79,0.7101381,1.0,09,20,PIT,MIL
1.85,0.552022,2.03,0.34194344,0.0,09,20,TOR,KCR
2.67,0.4315672,1.52,0.5058332,0.0,09,20,CIN,STL
2.01,0.23436828,1.86,0.7919517,1.0,09,20,TBD,CHC
2.41,0.3419586,1.62,0.6330477,0.0,09,20,ATL,WSN
1.27,0.6051909,4.02,0.44971412,1.0,09,20,HOU,CHW
2.46,0.46310446,1.6,0.49590257,0.0,09,20,SDP,ARI
2.0,0.29864556,1.87,0.7255867,0.0,09,20,ANA,CLE
1.67,0.5160756,2.32,0.4802248,0.0,09,20,SEA,TEX
2.84,0.50129145,1.47,0.35561723,0.0,09,21,PHI,LAD
1.94,0.30384365,1.93,0.7245891,0.0,09,21,ANA,CLE
2.02,0.52630395,1.86,0.47969088,1.0,09,21,BAL,TBD
1.68,0.54308444,2.29,0.4722967,0.0,09,21,TOR,KCR
2.71,0.4412007,1.5,0.5026433,0.0,09,21,CIN,STL
2.17,0.52380204,1.74,0.35028273,0.0,09,21,DET,MIN
2.29,0.37059253,1.67,0.62604254,1.0,09,21,ATL,WSN
1.32,0.6569394,3.63,0.29372558,0.0,09,21,HOU,CHW
2.16,0.33333752,1.75,0.7163489,0.0,09,21,MIL,CHC
2.03,0.46892837,1.85,0.49319044,1.0,09,21,SDP,COL
1.61,0.46295014,2.44,0.60207415,0.0,09,21,SEA,TEX
2.16,0.4838891,1.75,0.496236,0.0,09,22,BAL,TBD
2.34,0.4040894,1.65,0.61588246,0.0,09,22,PIT,STL
2.57,0.2831414,1.56,0.72846836,1.0,09,22,TOR,NYY
2.18,0.29548198,1.74,0.7264334,0.0,09,22,CIN,BOS
2.19,0.45760027,1.73,0.5004819,0.0,09,22,DET,MIN
1.87,0.41166013,2.02,0.6158275,1.0,09,22,NYM,WSN
2.02,0.34409955,1.85,0.71422374,0.0,09,22,MIL,CHC
1.74,0.4633187,2.18,0.6007979,1.0,09,22,ATL,PHI
2.36,0.49760017,1.64,0.48733044,1.0,09,22,CHW,KCR
1.72,0.62222815,2.23,0.31194726,1.0,09,22,HOU,ANA
1.42,0.47392872,3.02,0.68750376,1.0,09,22,ARI,FLA
1.74,0.389126,2.18,0.70441717,1.0,09,22,OAK,TEX
1.44,0.5455719,2.95,0.57477,1.0,09,22,LAD,SFG
2.31,0.5199397,1.67,0.3491391,0.0,09,22,SDP,COL
2.24,0.20947216,1.71,0.7971952,1.0,09,22,SEA,CLE
1.74,0.66716635,2.2,0.14157432,1.0,09,23,HOU,ANA
2.16,0.30206287,1.75,0.722157,1.0,09,23,MIL,CHC
2.59,0.33626202,1.55,0.6400767,0.0,09,23,TOR,NYY
2.18,0.2653202,1.74,0.7312592,0.0,09,23,CIN,BOS
2.39,0.24466664,1.63,0.73437065,0.0,09,23,SEA,CLE
2.43,0.42980513,1.61,0.50816727,0.0,09,23,DET,MIN
2.0,0.4339485,1.86,0.6144864,0.0,09,23,BAL,TBD
1.82,0.32386482,2.06,0.7153252,1.0,09,23,PIT,STL
1.66,0.4925394,2.32,0.59280556,1.0,09,23,ATL,PHI
2.45,0.42918387,1.6,0.51075876,0.0,09,23,CHW,KCR
2.74,0.3815546,1.5,0.6236653,0.0,09,23,NYM,WSN
1.64,0.5064703,2.37,0.5925486,0.0,09,23,ARI,FLA
1.94,0.57076114,1.92,0.32562816,1.0,09,23,SDP,COL
1.99,0.32943553,1.88,0.71506155,1.0,09,23,OAK,TEX
1.77,0.51511127,2.14,0.5860705,0.0,09,23,LAD,SFG
2.67,0.3479962,1.52,0.6321,0.0,09,24,DET,MIN
1.85,0.3345475,2.04,0.7190238,1.0,09,24,TOR,NYY
2.17,0.18765572,1.75,0.8004763,0.0,09,24,CIN,BOS
2.32,0.3569319,1.66,0.6290168,0.0,09,24,NYM,WSN
1.79,0.5564509,2.1,0.46220362,0.0,09,24,ATL,PHI
2.12,0.3897724,1.78,0.626111,1.0,09,24,BAL,TBD
2.02,0.34032354,1.85,0.7127485,1.0,09,24,PIT,STL
2.15,0.4468532,1.76,0.60845965,1.0,09,24,CHW,KCR
2.14,0.42421734,1.77,0.61441576,0.0,09,24,MIL,CHC
1.87,0.41451374,1.99,0.61529654,1.0,09,24,OAK,TEX
1.54,0.4073598,2.62,0.7029807,1.0,09,24,ARI,FLA
1.28,0.51618814,3.96,0.67337,1.0,09,24,LAD,SFG
2.77,0.19678189,1.49,0.7421418,0.0,09,24,SEA,CLE
2.14,0.5487588,1.77,0.3359689,0.0,09,24,SDP,COL
1.56,0.662936,2.55,0.14431249,0.0,09,24,HOU,ANA
1.48,0.5014069,2.8,0.5955598,1.0,09,25,NYY,KCR
2.06,0.42489403,1.85,0.61238796,0.0,09,25,NYM,ATL
1.5,0.42029986,2.73,0.61283785,0.0,09,25,PHI,WSN
1.52,0.6025754,2.66,0.45059726,0.0,09,25,BOS,TOR
2.06,0.37303448,1.85,0.70738786,1.0,09,25,NYM,ATL
2.21,0.40261817,1.72,0.622382,0.0,09,25,TEX,HOU
2.92,0.53226995,1.45,0.3472158,1.0,09,25,CHW,ANA
1.69,0.4609047,2.26,0.60428697,0.0,09,25,STL,CHC
1.59,0.47730827,2.5,0.60067576,0.0,09,25,COL,FLA
1.84,0.5363866,2.04,0.5779794,0.0,09,25,ARI,SFG
1.95,0.55967337,1.93,0.33646095,0.0,09,25,OAK,SEA
1.36,0.64120084,3.34,0.42545557,1.0,09,25,LAD,SDP
1.58,0.4912644,2.54,0.60030615,1.0,09,26,NYY,TBD
2.67,0.3178758,1.52,0.6374813,1.0,09,26,PHI,WSN
2.02,0.48851722,1.85,0.4959356,1.0,09,26,PIT,BAL
1.45,0.52791107,2.92,0.5881497,0.0,09,26,BOS,TOR
1.54,0.4589593,2.63,0.6924136,0.0,09,26,CLE,MIN
2.09,0.43124634,1.8,0.61138177,1.0,09,26,NYM,ATL
1.62,0.6901533,2.41,0.112358995,1.0,09,26,MIL,CIN
2.03,0.34625128,1.85,0.71372443,1.0,09,26,STL,CHC
2.29,0.40418366,1.68,0.62122804,0.0,09,26,TEX,HOU
2.61,0.53563315,1.55,0.34608197,0.0,09,26,CHW,ANA
1.59,0.67399174,2.5,0.129188,1.0,09,26,KCR,DET
1.61,0.46937716,2.45,0.6029625,1.0,09,26,COL,FLA
1.4,0.5486075,3.14,0.573697,1.0,09,26,ARI,SFG
2.05,0.47495568,1.83,0.49554133,0.0,09,26,OAK,SEA
1.42,0.59814954,3.04,0.44635764,1.0,09,26,LAD,SDP
2.91,0.21849284,1.45,0.7368218,0.0,09,27,TEX,HOU
1.48,0.57123023,2.79,0.46037945,1.0,09,27,COL,FLA
1.93,0.42583078,1.93,0.6142649,1.0,09,27,OAK,SEA
1.74,0.5482781,2.19,0.4649114,1.0,09,27,ARI,SFG
1.83,0.42911875,2.06,0.6129802,0.0,09,27,STL,CHC
1.41,0.59914047,3.08,0.45300862,1.0,09,27,NYY,TBD
2.34,0.3517643,1.65,0.6302514,1.0,09,27,PHI,WSN
1.68,0.50033575,2.28,0.49156216,1.0,09,27,PIT,BAL
1.71,0.39307225,2.23,0.70812404,1.0,09,27,BOS,TOR
1.5,0.3574344,2.74,0.77739954,1.0,09,27,CLE,MIN
2.06,0.5003845,1.82,0.48455247,1.0,09,27,NYM,ATL
2.79,0.43055072,1.49,0.5095155,1.0,09,27,CHW,ANA
1.71,0.6869824,2.24,0.116256885,0.0,09,27,MIL,CIN
1.57,0.67525834,2.53,0.12845233,1.0,09,27,KCR,DET
1.39,0.67574155,3.18,0.2741856,1.0,09,27,LAD,SDP
1.36,0.43596458,3.41,0.69846064,1.0,09,28,CLE,MIN
1.61,0.622732,2.43,0.30195034,1.0,09,28,MIL,CIN
1.48,0.56987906,2.79,0.46560872,0.0,09,28,NYY,TBD
1.83,0.39715385,2.05,0.7035118,1.0,09,28,WSN,PIT
1.96,0.3662212,1.9,0.71216047,0.0,09,28,BOS,HOU
1.7,0.39381784,2.25,0.621466,0.0,09,28,STL,CHC
2.1,0.46426648,1.79,0.60209775,0.0,09,28,TEX,OAK
2.03,0.44157314,1.84,0.50604075,1.0,09,28,CHW,ANA
1.49,0.6908329,2.76,0.119327135,0.0,09,28,KCR,DET
1.41,0.5269459,3.07,0.588645,1.0,09,29,NYY,TOR
1.56,0.67014736,2.57,0.27761477,1.0,09,29,CHC,CIN
1.69,0.473975,2.25,0.5979435,1.0,09,29,PHI,NYM
1.49,0.47551426,2.75,0.6854799,1.0,09,29,WSN,PIT
2.0,0.32007307,1.87,0.7212531,0.0,09,29,BOS,HOU
1.32,0.50785786,3.59,0.6808901,1.0,09,29,CLE,CHW
1.83,0.5939855,2.05,0.32495236,1.0,09,29,TBD,BAL
1.77,0.4595754,2.14,0.60341704,1.0,09,29,TEX,OAK
2.29,0.33182913,1.68,0.7148916,1.0,09,29,COL,LAD
1.56,0.63714755,2.56,0.30034897,1.0,09,29,MIN,DET
2.37,0.35370484,1.64,0.6295307,1.0,09,29,KCR,ARI
1.98,0.43441996,1.88,0.6098309,0.0,09,29,STL,MIL
1.75,0.5434338,2.16,0.47084248,1.0,09,29,ANA,SEA
1.79,0.613805,2.1,0.2983507,1.0,09,29,SFG,SDP
1.93,0.26499856,1.94,0.7902305,1.0,09,30,BOS,HOU
1.63,0.4851008,2.38,0.60124606,1.0,09,30,NYY,TOR
1.48,0.65665793,2.8,0.28577927,1.0,09,30,CHC,CIN
1.97,0.6188023,1.9,0.14952315,0.0,09,30,SFG,SDP
1.74,0.47997054,2.2,0.5965909,1.0,09,30,STL,MIL
1.5,0.59405744,2.76,0.32500005,1.0,09,30,TBD,BAL
1.8,0.44714764,2.11,0.60525095,0.0,09,30,PHI,NYM
1.36,0.55905676,3.37,0.5730383,0.0,09,30,WSN,PIT
1.26,0.5994351,4.2,0.56301683,0.0,09,30,CLE,CHW
1.5,0.6519847,2.75,0.2919526,0.0,09,30,MIN,DET
1.83,0.41720116,2.05,0.6135207,1.0,09,30,KCR,ARI
1.79,0.54971904,2.1,0.46730083,1.0,09,30,TEX,OAK
2.9,0.27061862,1.46,0.7254991,0.0,09,30,COL,LAD
1.82,0.52811444,2.07,0.47694233,0.0,09,30,ANA,SEA
2.16,0.30483392,1.76,0.7240611,0.0,10,01,BOS,HOU
1.54,0.5973435,2.64,0.45318082,0.0,10,01,NYY,TOR
1.71,0.30831048,2.23,0.7195083,1.0,10,01,PHI,NYM
1.67,0.62313247,2.3,0.29340768,1.0,10,01,SFG,SDP
1.67,0.5455812,2.3,0.4700723,0.0,10,01,TEX,OAK
1.49,0.5350365,2.76,0.58109474,0.0,10,01,WSN,PIT
2.12,0.41688624,1.77,0.61731833,1.0,10,01,ANA,SEA
1.47,0.54473996,2.87,0.5837088,1.0,10,01,CLE,CHW
2.31,0.3594402,1.68,0.70949453,0.0,10,01,COL,LAD
1.64,0.56186444,2.38,0.46574047,1.0,10,01,MIN,DET
1.82,0.5746654,2.06,0.3352627,1.0,10,01,TBD,BAL
2.12,0.4593893,1.78,0.4976925,0.0,10,01,KCR,ARI
1.77,0.47054392,2.15,0.60034066,0.0,10,01,STL,MIL
1.54,0.66382396,2.63,0.2815747,0.0,10,01,CHC,CIN
