1.56,0.6154445,2.55,0.38455555,1.0,05,28,NYY,OAK
1.57,0.55910224,2.53,0.4408977,0.0,05,28,TOR,TEX
1.78,0.5936428,2.12,0.40635723,1.0,05,28,CLE,KCR
1.51,0.6233037,2.7,0.37669638,0.0,05,28,BOS,SEA
2.05,0.46099833,1.83,0.53900164,0.0,05,28,PHI,CIN
1.67,0.67151535,2.29,0.32848465,0.0,05,28,WSN,SDP
2.0,0.5825959,1.87,0.41740417,1.0,05,28,CHW,DET
1.43,0.6475815,2.96,0.35241842,1.0,05,28,HOU,BAL
1.79,0.5412167,2.1,0.45878333,1.0,05,28,MIL,ARI
1.93,0.46469602,1.93,0.53530395,0.0,05,28,MIN,TBD
1.77,0.53749037,2.13,0.4625096,1.0,05,28,COL,STL
1.49,0.61026365,2.75,0.38973635,1.0,05,28,SFG,ATL
1.61,0.5977719,2.42,0.40222818,1.0,05,28,LAD,CHC
1.82,0.49759528,2.06,0.5024047,0.0,05,28,PIT,NYM
1.9,0.53778815,1.96,0.46221188,1.0,05,29,BAL,NYY
2.5,0.4528814,1.58,0.54711866,1.0,05,29,CHW,BOS
2.04,0.53506696,1.83,0.46493295,0.0,05,29,MIN,HOU
1.9,0.4585731,1.96,0.54142696,0.0,05,29,STL,LAD
1.67,0.56525546,2.3,0.43474457,0.0,05,29,COL,SEA
1.94,0.46736893,1.92,0.53263116,0.0,05,29,SFG,WSN
1.96,0.5248285,1.9,0.4751715,1.0,05,29,PIT,ARI
1.37,0.69189715,3.29,0.30810282,1.0,05,29,CLE,OAK
1.72,0.53990006,2.2,0.46009994,1.0,05,29,NYM,MIL
2.9,0.33242387,1.45,0.66757613,1.0,05,29,SDP,CHC
1.93,0.48046094,1.93,0.519539,0.0,05,29,KCR,DET
1.47,0.6197517,2.82,0.38024837,1.0,05,29,TOR,CIN
1.74,0.5266339,2.18,0.4733661,0.0,05,29,TEX,TBD
1.83,0.5658991,2.05,0.43410096,0.0,05,29,ANA,ATL
1.6,0.624519,2.46,0.37548095,1.0,05,30,CLE,OAK
2.05,0.45443273,1.83,0.5455673,0.0,05,30,STL,LAD
2.41,0.5257254,1.62,0.4742746,0.0,05,30,BAL,NYY
1.81,0.54116154,2.07,0.4588384,0.0,05,30,PIT,ARI
1.49,0.63019913,2.73,0.36980084,1.0,05,30,TOR,CIN
1.69,0.55658025,2.26,0.44341975,0.0,05,30,COL,SEA
1.78,0.5591063,2.12,0.44089377,1.0,05,30,NYM,MIL
1.96,0.4887376,1.9,0.5112624,1.0,05,30,TEX,TBD
2.5,0.44456598,1.58,0.55543405,0.0,05,30,CHW,BOS
1.89,0.43611953,1.96,0.56388044,0.0,05,30,MIN,HOU
2.18,0.42370123,1.73,0.57629883,1.0,05,30,KCR,DET
1.8,0.49599028,2.08,0.5040097,0.0,05,30,SFG,WSN
1.79,0.5784492,2.1,0.42155078,1.0,05,30,ANA,ATL
2.26,0.45579395,1.69,0.5442061,1.0,05,30,SDP,CHC
1.92,0.5214834,1.93,0.4785166,0.0,05,31,PIT,ARI
1.8,0.5425039,2.08,0.4574961,1.0,05,31,TOR,CIN
2.28,0.44186443,1.69,0.55813557,0.0,05,31,MIN,HOU
2.94,0.37774915,1.44,0.6222508,1.0,05,31,SDP,CHC
1.62,0.5985482,2.41,0.40145192,0.0,05,31,CLE,OAK
1.87,0.4902814,1.99,0.5097186,1.0,05,31,BAL,NYY
1.48,0.5607958,2.76,0.43920413,0.0,05,31,NYM,MIL
2.23,0.48206595,1.71,0.51793414,0.0,05,31,TEX,TBD
2.27,0.45619443,1.69,0.54380554,0.0,05,31,CHW,BOS
1.85,0.5549837,2.02,0.44501638,0.0,05,31,KCR,DET
1.79,0.52460176,2.11,0.47539824,1.0,05,31,STL,LAD
1.81,0.55938286,2.07,0.4406171,1.0,05,31,ANA,ATL
1.55,0.5963868,2.59,0.4036132,1.0,05,31,SEA,COL
2.48,0.36306876,1.59,0.6369313,0.0,05,31,SFG,WSN
1.45,0.6852076,2.92,0.31479242,1.0,06,01,CLE,OAK
1.71,0.56226,2.24,0.43774012,0.0,06,01,NYM,MIL
1.97,0.4455299,1.9,0.5544701,1.0,06,01,STL,LAD
1.82,0.5576575,2.06,0.4423426,0.0,06,01,SEA,COL
2.08,0.48302588,1.8,0.51697415,1.0,06,01,BAL,BOS
1.67,0.5883348,2.3,0.4116652,0.0,06,01,TOR,NYY
1.86,0.58616674,2.01,0.4138333,0.0,06,01,ANA,MIN
1.54,0.5844204,2.61,0.41557962,1.0,06,02,CHC,STL
2.14,0.49360517,1.77,0.5063948,1.0,06,02,BAL,BOS
1.8,0.51225275,2.09,0.4877473,0.0,06,02,PHI,SFG
2.08,0.4789678,1.8,0.5210323,1.0,06,02,TOR,NYY
1.84,0.5409703,2.04,0.45902964,1.0,06,02,CIN,ATL
1.52,0.61087483,2.67,0.3891251,1.0,06,02,DET,CHW
1.88,0.5440036,1.99,0.4559964,0.0,06,02,NYM,PIT
2.07,0.46386227,1.81,0.53613776,0.0,06,02,TEX,HOU
2.83,0.3641657,1.47,0.63583434,0.0,06,02,MIL,LAD
2.0,0.4717401,1.87,0.52825993,1.0,06,02,KCR,CLE
2.26,0.39790797,1.69,0.602092,0.0,06,02,OAK,WSN
1.79,0.62108237,2.11,0.3789176,0.0,06,02,ANA,MIN
2.01,0.45154935,1.86,0.54845065,1.0,06,02,SDP,COL
2.04,0.5053801,1.84,0.4946199,1.0,06,02,SEA,TBD
1.67,0.52118504,2.3,0.47881493,0.0,06,03,TOR,NYY
2.6,0.3670645,1.54,0.63293546,1.0,06,03,KCR,CLE
1.66,0.620758,2.33,0.379242,1.0,06,03,CHC,STL
1.89,0.4127516,1.98,0.5872484,1.0,06,03,OAK,WSN
2.26,0.41735214,1.7,0.5826479,1.0,06,03,PHI,SFG
1.56,0.5894594,2.56,0.41054052,0.0,06,03,CIN,ATL
1.73,0.50502515,2.19,0.49497488,1.0,06,03,DET,CHW
2.4,0.39804015,1.63,0.6019599,0.0,06,03,MIL,LAD
1.96,0.4588149,1.9,0.54118514,0.0,06,03,SDP,COL
2.07,0.5147928,1.81,0.4852073,0.0,06,03,BAL,BOS
1.7,0.5728139,2.24,0.4271861,1.0,06,03,NYM,PIT
2.52,0.39534977,1.57,0.60465014,0.0,06,03,TEX,HOU
1.93,0.5126476,1.93,0.4873524,1.0,06,03,ANA,MIN
1.93,0.5399188,1.94,0.4600812,1.0,06,03,SEA,TBD
1.86,0.5328809,2.01,0.46711907,1.0,06,04,TOR,NYY
1.86,0.5138088,2.01,0.48619115,0.0,06,04,CIN,ATL
1.39,0.6368134,3.18,0.36318663,1.0,06,04,DET,CHW
1.81,0.56129646,2.07,0.4387036,0.0,06,04,NYM,PIT
2.65,0.42932883,1.52,0.5706712,0.0,06,04,BAL,BOS
1.96,0.4869024,1.9,0.5130976,1.0,06,04,PHI,SFG
2.26,0.4452313,1.69,0.5547687,1.0,06,04,MIL,LAD
2.21,0.4526809,1.72,0.5473191,0.0,06,04,KCR,CLE
2.25,0.46617046,1.7,0.5338296,0.0,06,04,TEX,HOU
2.16,0.5850239,1.75,0.41497618,0.0,06,04,ANA,MIN
1.97,0.4237732,1.88,0.5762268,0.0,06,04,OAK,WSN
1.74,0.5680078,2.17,0.43199217,1.0,06,04,SEA,TBD
2.28,0.45301226,1.69,0.5469878,0.0,06,04,SDP,COL
1.57,0.6565974,2.54,0.34340265,1.0,06,04,CHC,STL
2.35,0.45321688,1.65,0.54678315,1.0,06,05,CIN,STL
1.75,0.5806608,2.14,0.41933915,0.0,06,05,ATL,PHI
2.1,0.59992397,1.79,0.400076,0.0,06,05,MIL,SFG
1.82,0.533094,2.06,0.466906,1.0,06,05,CHC,FLA
2.2,0.42773974,1.72,0.5722603,0.0,06,05,KCR,HOU
1.71,0.54264414,2.22,0.45735586,0.0,06,05,LAD,WSN
1.96,0.50667906,1.9,0.49332088,1.0,06,05,OAK,TOR
1.79,0.5194043,2.11,0.48059565,1.0,06,06,BAL,PIT
1.78,0.5384815,2.11,0.46151853,0.0,06,06,NYY,BOS
2.16,0.5204378,1.74,0.47956216,1.0,06,06,CIN,STL
1.68,0.5784275,2.29,0.42157245,0.0,06,06,DET,ANA
1.55,0.5951529,2.57,0.40484712,0.0,06,06,TBD,CHW
1.95,0.59134936,1.91,0.40865058,0.0,06,06,ATL,PHI
1.83,0.602237,2.05,0.3977631,1.0,06,06,MIL,SFG
1.48,0.64836127,2.78,0.3516387,1.0,06,06,CHC,FLA
2.2,0.48934123,1.73,0.51065886,1.0,06,06,TEX,NYM
2.15,0.3935574,1.76,0.6064426,1.0,06,06,KCR,HOU
1.97,0.527699,1.89,0.47230098,1.0,06,06,COL,CLE
1.6,0.641381,2.45,0.358619,1.0,06,06,ARI,SDP
2.11,0.44289878,1.79,0.5571012,1.0,06,06,OAK,TOR
1.98,0.48179644,1.89,0.5182035,0.0,06,06,LAD,WSN
1.5,0.6627806,2.73,0.33721948,1.0,06,06,SEA,MIN
1.98,0.50723195,1.89,0.49276808,1.0,06,07,COL,CLE
1.59,0.59179157,2.49,0.40820834,1.0,06,07,LAD,WSN
2.0,0.5029411,1.87,0.49705896,0.0,06,07,OAK,TOR
1.65,0.57808346,2.35,0.42191657,1.0,06,07,BAL,PIT
1.9,0.54007596,1.95,0.45992404,1.0,06,07,NYY,BOS
1.95,0.49324885,1.91,0.5067511,1.0,06,07,CIN,STL
1.73,0.5325007,2.19,0.46749935,1.0,06,07,DET,ANA
1.55,0.57156354,2.59,0.42843652,1.0,06,07,TBD,CHW
1.76,0.57605356,2.14,0.4239464,1.0,06,07,ATL,PHI
1.49,0.64285785,2.76,0.35714218,0.0,06,07,CHC,FLA
1.67,0.6057968,2.31,0.39420313,0.0,06,07,TEX,NYM
1.82,0.5541328,2.06,0.44586718,1.0,06,07,MIL,SFG
2.42,0.36925063,1.62,0.63074946,1.0,06,07,KCR,HOU
1.46,0.66973245,2.85,0.33026752,1.0,06,07,ARI,SDP
1.94,0.5924669,1.94,0.40753308,1.0,06,07,SEA,MIN
1.98,0.52072144,1.88,0.4792786,1.0,06,08,CIN,STL
1.51,0.624475,2.69,0.37552497,0.0,06,08,DET,ANA
2.02,0.501535,1.85,0.49846506,0.0,06,08,MIL,SFG
1.72,0.5948863,2.21,0.4051138,1.0,06,08,ARI,SDP
1.79,0.52437884,2.1,0.4756211,1.0,06,08,NYY,BOS
1.71,0.5579363,2.23,0.44206363,0.0,06,08,PIT,FLA
1.62,0.56243366,2.42,0.43756634,1.0,06,08,WSN,BAL
1.55,0.5903769,2.59,0.40962306,1.0,06,08,TBD,CHW
1.81,0.57411236,2.06,0.4258876,1.0,06,08,ATL,PHI
1.52,0.62097794,2.67,0.37902215,0.0,06,08,CHC,COL
2.66,0.3506188,1.52,0.6493812,0.0,06,08,KCR,HOU
1.86,0.619941,2.01,0.380059,0.0,06,08,SEA,MIN
1.7,0.5663068,2.26,0.4336932,0.0,06,09,CHC,COL
1.78,0.4949607,2.11,0.5050394,0.0,06,09,PIT,FLA
1.55,0.6350677,2.57,0.36493233,0.0,06,09,WSN,TEX
1.74,0.61475736,2.18,0.38524267,1.0,06,09,BOS,DET
1.34,0.6583501,3.47,0.34164992,1.0,06,09,CLE,CHW
1.75,0.5829888,2.17,0.41701117,1.0,06,09,TBD,OAK
2.04,0.5270378,1.83,0.47296223,1.0,06,09,ATL,NYM
1.6,0.5650003,2.46,0.43499973,1.0,06,09,NYY,BAL
1.57,0.61589396,2.51,0.38410607,0.0,06,09,HOU,ANA
1.53,0.5771567,2.63,0.4228433,1.0,06,09,STL,PHI
1.68,0.5781637,2.28,0.42183638,0.0,06,09,ARI,MIL
1.48,0.6910706,2.8,0.30892932,1.0,06,09,LAD,CIN
1.83,0.5106749,2.05,0.48932508,1.0,06,09,SDP,KCR
2.09,0.5723846,1.8,0.42761537,1.0,06,09,SEA,TOR
1.78,0.49376467,2.13,0.5062354,0.0,06,09,SFG,MIN
1.6,0.60465455,2.46,0.39534554,0.0,06,10,WSN,TEX
2.11,0.54371285,1.83,0.45628715,0.0,06,10,ATL,NYM
1.87,0.6049865,1.99,0.39501354,1.0,06,10,TBD,OAK
1.4,0.66399294,3.12,0.33600706,1.0,06,10,STL,PHI
1.71,0.5337703,2.22,0.46622968,0.0,06,10,CHC,COL
2.02,0.4968704,1.85,0.5031296,1.0,06,10,PIT,FLA
1.64,0.5963222,2.37,0.4036778,0.0,06,10,SFG,MIN
1.52,0.6186992,2.67,0.38130087,1.0,06,10,HOU,ANA
2.04,0.5013045,1.84,0.49869543,0.0,06,10,SDP,KCR
2.11,0.45626158,1.83,0.5437385,0.0,06,10,ATL,NYM
1.87,0.55927837,1.99,0.44072166,0.0,06,10,TBD,OAK
1.51,0.6202115,2.69,0.3797886,1.0,06,10,BOS,DET
1.42,0.6216638,3.0,0.37833622,0.0,06,10,CLE,CHW
1.38,0.60574156,3.23,0.3942584,1.0,06,10,NYY,BAL
1.68,0.5056858,2.29,0.49431422,1.0,06,10,ARI,MIL
1.43,0.65886754,2.99,0.3411325,1.0,06,10,LAD,CIN
2.09,0.57386607,1.8,0.42613387,0.0,06,10,SEA,TOR
1.58,0.5757759,2.52,0.42422417,1.0,06,11,NYY,BAL
1.52,0.6318085,2.66,0.3681914,1.0,06,11,CLE,CHW
1.48,0.63521266,2.79,0.3647874,1.0,06,11,TBD,OAK
1.7,0.5009113,2.26,0.49908876,0.0,06,11,ATL,NYM
1.58,0.5825891,2.51,0.41741097,1.0,06,11,PIT,FLA
1.54,0.62337685,2.61,0.37662312,0.0,06,11,HOU,ANA
1.7,0.6036475,2.24,0.39635253,1.0,06,11,STL,PHI
1.45,0.5706664,2.9,0.42933363,1.0,06,11,CHC,COL
1.8,0.51852596,2.1,0.481474,1.0,06,11,SFG,MIN
1.37,0.67133814,3.33,0.32866186,0.0,06,11,WSN,TEX
1.67,0.58731455,2.3,0.41268545,1.0,06,11,ARI,MIL
1.56,0.6106554,2.58,0.38934454,1.0,06,11,LAD,CIN
1.64,0.5968833,2.36,0.4031167,0.0,06,11,SEA,TOR
1.88,0.52245885,1.99,0.47754118,0.0,06,11,SDP,KCR
1.62,0.610055,2.41,0.38994497,0.0,06,11,BOS,DET
1.8,0.54372555,2.07,0.45627436,1.0,06,12,PIT,COL
1.4,0.6680544,3.13,0.33194563,0.0,06,12,WSN,ATL
1.41,0.66390085,3.07,0.33609918,1.0,06,12,BOS,PHI
1.75,0.5060439,2.16,0.4939561,1.0,06,12,NYM,CHC
2.01,0.50093526,1.86,0.49906477,1.0,06,12,CHW,BAL
1.81,0.5453974,2.07,0.45460257,0.0,06,12,HOU,TEX
1.79,0.50351495,2.1,0.4964851,0.0,06,12,MIN,SEA
2.22,0.49426955,1.71,0.5057304,0.0,06,12,ANA,NYY
1.8,0.48489994,2.09,0.5151,1.0,06,12,SDP,CIN
1.63,0.59914476,2.36,0.4008552,1.0,06,13,STL,MIL
1.84,0.49416697,2.02,0.505833,1.0,06,13,PIT,COL
1.52,0.62498707,2.69,0.37501293,1.0,06,13,WSN,ATL
1.65,0.5981957,2.33,0.4018043,0.0,06,13,TOR,TBD
1.35,0.6835409,3.38,0.3164591,1.0,06,13,BOS,PHI
2.58,0.40778753,1.56,0.5922125,0.0,06,13,CLE,LAD
1.97,0.46377686,1.89,0.5362231,0.0,06,13,DET,ARI
2.16,0.47262442,1.74,0.5273756,0.0,06,13,NYM,CHC
2.08,0.5075687,1.8,0.49243137,1.0,06,13,CHW,BAL
1.52,0.632004,2.66,0.36799598,0.0,06,13,HOU,TEX
1.96,0.46627986,1.9,0.5337201,1.0,06,13,MIN,SEA
1.63,0.53212905,2.36,0.46787098,0.0,06,13,STL,MIL
2.09,0.45558354,1.8,0.5444164,1.0,06,13,ANA,NYY
1.88,0.4533436,1.98,0.5466564,1.0,06,13,SDP,CIN
1.88,0.54156524,1.99,0.45843473,0.0,06,13,SFG,KCR
1.76,0.548241,2.14,0.45175907,1.0,06,14,SDP,CIN
1.59,0.6044833,2.47,0.3955167,0.0,06,14,SFG,KCR
1.57,0.63481146,2.52,0.36518857,0.0,06,14,WSN,ATL
2.06,0.42980668,1.82,0.57019335,0.0,06,14,PHI,BOS
1.97,0.51296115,1.89,0.48703882,0.0,06,14,PIT,COL
1.68,0.51480633,2.28,0.48519367,1.0,06,14,TOR,TBD
1.73,0.5532115,2.2,0.44678846,0.0,06,14,CLE,LAD
1.8,0.47681293,2.08,0.5231871,0.0,06,14,DET,ARI
2.07,0.50617486,1.81,0.4938251,1.0,06,14,NYM,CHC
2.16,0.5020884,1.74,0.4979116,0.0,06,14,CHW,BAL
1.69,0.5908659,2.26,0.4091341,1.0,06,14,HOU,TEX
1.74,0.55672884,2.18,0.44327116,0.0,06,14,MIN,SEA
1.56,0.59002274,2.56,0.40997726,0.0,06,14,STL,MIL
2.32,0.49434024,1.66,0.50565976,1.0,06,14,ANA,NYY
1.98,0.452729,1.88,0.5472711,1.0,06,15,CLE,LAD
1.74,0.44218817,2.17,0.55781186,1.0,06,15,MIN,SEA
2.05,0.54326224,1.82,0.45673782,1.0,06,15,CHW,BAL
3.23,0.32888222,1.38,0.6711177,1.0,06,15,PHI,BOS
1.62,0.56949395,2.4,0.4305061,1.0,06,15,DET,TBD
2.08,0.48170322,1.8,0.5182968,0.0,06,15,NYM,WSN
1.69,0.52523834,2.26,0.4747616,0.0,06,15,STL,MIL
1.57,0.60781264,2.52,0.39218736,1.0,06,15,COL,SFG
1.95,0.42409447,1.91,0.57590556,1.0,06,15,OAK,NYY
1.85,0.6061067,2.01,0.39389324,0.0,06,15,ANA,KCR
2.29,0.44559503,1.68,0.5544049,0.0,06,16,NYM,WSN
2.15,0.46881485,1.76,0.53118515,0.0,06,16,BAL,STL
1.8,0.49222383,2.09,0.50777614,0.0,06,16,PHI,ARI
1.96,0.52263737,1.91,0.47736266,0.0,06,16,PIT,CHC
1.48,0.56836236,2.78,0.43163761,0.0,06,16,TOR,CHW
2.43,0.40887877,1.61,0.5911212,0.0,06,16,CIN,LAD
1.76,0.52440226,2.14,0.47559774,1.0,06,16,DET,TBD
1.88,0.48675513,1.99,0.51324487,0.0,06,16,ATL,FLA
2.02,0.51014125,1.85,0.48985872,1.0,06,16,TEX,SEA
1.76,0.58678067,2.14,0.41321927,0.0,06,16,HOU,BOS
1.63,0.6557306,2.38,0.34426942,1.0,06,16,MIL,SDP
2.35,0.4111796,1.65,0.58882046,0.0,06,16,MIN,CLE
1.83,0.575172,2.03,0.4248279,1.0,06,16,COL,SFG
2.11,0.47267878,1.78,0.5273213,1.0,06,16,OAK,NYY
1.87,0.5572986,1.99,0.44270143,0.0,06,16,ANA,KCR
1.42,0.6190288,3.03,0.3809712,0.0,06,17,TOR,CHW
2.1,0.44315478,1.83,0.5568453,0.0,06,17,MIN,CLE
1.52,0.6341308,2.66,0.36586916,1.0,06,17,COL,SFG
1.86,0.53764236,2.0,0.46235767,1.0,06,17,BAL,STL
2.05,0.43964562,1.83,0.56035435,1.0,06,17,OAK,NYY
2.1,0.4423736,1.8,0.55762637,0.0,06,17,PHI,ARI
1.85,0.53355837,2.02,0.46644157,1.0,06,17,ATL,FLA
2.33,0.44170228,1.66,0.55829775,0.0,06,17,CIN,LAD
1.97,0.55443174,1.89,0.4455682,0.0,06,17,DET,TBD
1.61,0.66247,2.43,0.33753002,0.0,06,17,MIL,SDP
2.5,0.4595802,1.58,0.5404198,0.0,06,17,NYM,WSN
1.74,0.55968976,2.18,0.4403102,1.0,06,17,TEX,SEA
2.1,0.4460743,1.83,0.5539257,0.0,06,17,MIN,CLE
1.71,0.6049869,2.22,0.39501306,1.0,06,17,ANA,KCR
1.85,0.5493401,2.02,0.45065987,1.0,06,17,HOU,BOS
2.1,0.48927158,1.78,0.51072836,1.0,06,17,PIT,CHC
1.46,0.61751276,2.86,0.38248727,1.0,06,18,TOR,CHW
2.54,0.38993472,1.57,0.6100652,0.0,06,18,CIN,LAD
1.92,0.50046533,1.94,0.49953467,0.0,06,18,DET,TBD
1.77,0.53457195,2.13,0.46542805,1.0,06,18,NYM,WSN
1.91,0.5105644,1.95,0.48943552,1.0,06,18,ATL,FLA
1.94,0.50656193,1.92,0.4934381,1.0,06,18,BAL,STL
2.56,0.38194162,1.56,0.6180583,0.0,06,18,PHI,ARI
1.88,0.51873535,1.99,0.48126465,0.0,06,18,PIT,CHC
1.64,0.620096,2.37,0.379904,1.0,06,18,MIL,SDP
2.3,0.43475237,1.68,0.5652476,0.0,06,18,MIN,CLE
1.5,0.6440398,2.72,0.3559602,0.0,06,18,TEX,SEA
1.54,0.6240596,2.6,0.37594044,1.0,06,18,COL,SFG
1.96,0.5422773,1.9,0.45772272,0.0,06,18,ANA,KCR
2.2,0.43104377,1.72,0.5689562,1.0,06,18,OAK,NYY
1.81,0.55389905,2.06,0.44610098,0.0,06,18,HOU,BOS
2.46,0.44715482,1.6,0.55284524,0.0,06,19,BAL,CLE
1.66,0.5930263,2.32,0.40697372,0.0,06,19,TBD,CIN
2.21,0.4972743,1.72,0.5027257,1.0,06,19,ATL,SFG
2.1,0.5287503,1.78,0.4712497,0.0,06,19,MIL,PIT
1.45,0.69969475,2.89,0.3003053,1.0,06,19,CHC,SDP
2.06,0.53559357,1.83,0.46440643,0.0,06,19,TEX,TOR
1.95,0.5122945,1.91,0.48770556,1.0,06,19,KCR,BOS
1.7,0.59348166,2.26,0.40651837,1.0,06,19,SEA,DET
2.41,0.40908763,1.61,0.59091234,0.0,06,19,OAK,HOU
1.32,0.6962232,3.59,0.30377677,1.0,06,19,LAD,NYM
2.31,0.46688953,1.66,0.5331105,1.0,06,20,BAL,CLE
1.33,0.60869074,3.51,0.39130923,0.0,06,20,NYY,ANA
2.4,0.440336,1.63,0.559664,0.0,06,20,PHI,STL
1.67,0.63715845,2.31,0.36284155,1.0,06,20,TBD,CIN
1.87,0.57404757,1.99,0.42595235,0.0,06,20,ATL,SFG
1.81,0.54726315,2.07,0.4527369,0.0,06,20,MIL,PIT
1.51,0.65679723,2.69,0.34320268,1.0,06,20,CHC,SDP
2.13,0.52517724,1.76,0.4748227,1.0,06,20,TEX,TOR
1.56,0.5986192,2.55,0.4013808,1.0,06,20,MIN,CHW
2.68,0.38980144,1.52,0.61019856,0.0,06,20,KCR,BOS
1.83,0.50956,2.04,0.49044,1.0,06,20,COL,ARI
1.46,0.66523623,2.86,0.3347638,1.0,06,20,LAD,NYM
1.91,0.42765078,1.95,0.57234925,0.0,06,20,OAK,HOU
1.79,0.61935306,2.11,0.38064694,1.0,06,20,SEA,DET
1.89,0.5718715,1.98,0.42812845,1.0,06,21,TBD,CIN
2.22,0.47865707,1.71,0.521343,1.0,06,21,KCR,BOS
1.49,0.64998335,2.76,0.35001665,0.0,06,21,CHC,SDP
2.57,0.4127338,1.55,0.5872662,0.0,06,21,BAL,CLE
1.46,0.5865904,2.85,0.41340962,1.0,06,21,NYY,ANA
2.17,0.47202608,1.74,0.527974,0.0,06,21,PHI,STL
2.13,0.5283674,1.77,0.4716326,1.0,06,21,ATL,SFG
1.85,0.6034182,2.02,0.3965819,0.0,06,21,TEX,TOR
1.79,0.58437335,2.1,0.41562665,1.0,06,21,MIL,PIT
1.53,0.5257017,2.65,0.4742983,1.0,06,21,MIN,CHW
1.68,0.5505861,2.3,0.44941387,0.0,06,21,COL,ARI
1.43,0.65930116,3.0,0.3406988,1.0,06,21,LAD,NYM
2.01,0.45416975,1.87,0.5458302,0.0,06,21,OAK,HOU
1.72,0.5774888,2.22,0.42251116,1.0,06,21,SEA,DET
2.26,0.38521832,1.69,0.6147817,1.0,06,22,PHI,STL
2.01,0.46792498,1.86,0.53207505,0.0,06,22,MIN,CHW
2.03,0.52333385,1.84,0.47666615,1.0,06,22,TEX,TOR
1.77,0.5303367,2.13,0.4696633,1.0,06,22,MIL,PIT
1.69,0.54617,2.27,0.45383,0.0,06,22,COL,ARI
1.93,0.42723462,1.93,0.5727654,0.0,06,22,OAK,HOU
2.15,0.4656204,1.76,0.53437954,0.0,06,22,BAL,CLE
1.37,0.6123654,3.28,0.38763458,0.0,06,22,NYY,ANA
1.57,0.6024559,2.54,0.39754403,1.0,06,22,ATL,SFG
1.57,0.58635014,2.53,0.4136498,1.0,06,22,LAD,NYM
1.71,0.58772045,2.23,0.41227952,1.0,06,22,SEA,DET
1.39,0.6671724,3.19,0.33282757,1.0,06,23,WSN,CIN
1.6,0.5551061,2.47,0.4448939,1.0,06,23,BOS,ANA
1.59,0.65912557,2.48,0.34087443,0.0,06,23,CLE,MIN
1.43,0.6336136,2.97,0.36638638,1.0,06,23,TBD,BAL
1.92,0.5234852,1.94,0.47651488,1.0,06,23,ATL,MIL
1.99,0.5830502,1.87,0.41694987,0.0,06,23,CHW,OAK
2.23,0.4477821,1.71,0.55221796,1.0,06,23,KCR,TOR
1.88,0.48722675,1.98,0.5127732,0.0,06,23,STL,PIT
1.83,0.496795,2.05,0.503205,1.0,06,23,NYY,TEX
1.54,0.64129674,2.63,0.3587032,0.0,06,23,ARI,PHI
1.43,0.65421146,2.97,0.3457886,1.0,06,23,LAD,COL
2.1,0.40872827,1.79,0.5912717,1.0,06,23,SDP,DET
1.93,0.51028556,1.94,0.48971444,1.0,06,23,SEA,HOU
1.82,0.494739,2.07,0.50526106,0.0,06,23,SFG,NYM
1.62,0.570996,2.41,0.42900407,0.0,06,24,NYY,TEX
1.98,0.5603288,1.89,0.4396712,0.0,06,24,CHW,OAK
2.03,0.54340416,1.84,0.4565959,1.0,06,24,KCR,TOR
1.66,0.5929814,2.32,0.40701854,1.0,06,24,WSN,CIN
1.9,0.5475491,1.96,0.45245087,1.0,06,24,ATL,MIL
1.36,0.70059574,3.36,0.29940432,0.0,06,24,CLE,MIN
1.61,0.5772301,2.45,0.4227699,0.0,06,24,TBD,BAL
1.6,0.6084982,2.46,0.3915018,0.0,06,24,BOS,ANA
1.94,0.49778864,1.92,0.50221133,0.0,06,24,SFG,NYM
1.81,0.54469883,2.06,0.4553012,0.0,06,24,STL,PIT
1.42,0.687844,3.07,0.31215608,1.0,06,24,ARI,PHI
1.37,0.67058337,3.3,0.32941666,1.0,06,24,LAD,COL
1.84,0.4758113,2.04,0.5241887,1.0,06,24,SDP,DET
2.38,0.4409405,1.63,0.55905956,0.0,06,24,SEA,HOU
1.59,0.5556651,2.47,0.44433495,0.0,06,25,CLE,MIN
1.62,0.60291356,2.41,0.39708647,0.0,06,25,TBD,BAL
1.93,0.5617528,1.93,0.43824723,0.0,06,25,ATL,MIL
1.6,0.54911774,2.46,0.4508823,0.0,06,25,BOS,ANA
1.64,0.62432915,2.36,0.37567088,0.0,06,25,WSN,CIN
1.41,0.6026896,3.08,0.39731035,0.0,06,25,NYY,TEX
2.11,0.53743595,1.78,0.462564,0.0,06,25,CHW,OAK
2.15,0.54178286,1.76,0.45821714,0.0,06,25,KCR,TOR
1.63,0.53607637,2.39,0.46392357,0.0,06,25,SFG,NYM
1.55,0.6623572,2.59,0.33764276,1.0,06,25,ARI,PHI
1.6,0.62107253,2.45,0.37892744,1.0,06,25,LAD,COL
1.9,0.5164132,1.96,0.48358682,0.0,06,25,SEA,HOU
2.06,0.50674915,1.82,0.49325088,0.0,06,25,SDP,DET
1.65,0.56584436,2.35,0.43415564,1.0,06,25,STL,PIT
1.44,0.69365656,2.94,0.3063434,1.0,06,26,ARI,PHI
1.68,0.52331364,2.28,0.47668636,1.0,06,26,STL,CIN
1.62,0.6067881,2.4,0.3932118,0.0,06,26,WSN,CHC
1.45,0.66425526,2.87,0.33574474,1.0,06,26,BOS,MIN
1.56,0.58595514,2.54,0.41404486,1.0,06,26,CLE,TEX
2.42,0.46649405,1.61,0.5335059,0.0,06,26,CHW,NYY
1.74,0.4907183,2.17,0.50928175,1.0,06,26,SFG,COL
1.43,0.661972,3.0,0.338028,0.0,06,26,LAD,ANA
1.92,0.51639026,1.94,0.48360977,0.0,06,27,PIT,TBD
1.56,0.6114715,2.54,0.38852862,1.0,06,27,WSN,CHC
1.57,0.552962,2.52,0.44703797,0.0,06,27,TOR,BAL
1.5,0.624231,2.72,0.375769,1.0,06,27,BOS,MIN
1.76,0.4827003,2.13,0.5172997,1.0,06,27,CIN,MIL
1.57,0.5550752,2.53,0.4449247,0.0,06,27,CLE,TEX
1.66,0.6082949,2.31,0.39170513,1.0,06,27,DET,KCR
2.24,0.5017467,1.71,0.49825335,1.0,06,27,CHW,NYY
1.64,0.6346065,2.35,0.36539355,0.0,06,27,HOU,OAK
2.07,0.54891276,1.81,0.4510872,1.0,06,27,ARI,STL
1.46,0.6385329,2.85,0.36146715,1.0,06,27,LAD,ANA
1.81,0.49477682,2.07,0.50522316,0.0,06,27,SDP,ATL
1.51,0.6863463,2.69,0.31365377,0.0,06,27,SEA,PHI
2.03,0.43379545,1.85,0.56620455,1.0,06,27,SFG,COL
1.43,0.6575106,3.0,0.34248948,0.0,06,28,SEA,PHI
2.04,0.48714983,1.83,0.51285017,1.0,06,28,SFG,COL
1.86,0.56628484,2.0,0.43371516,1.0,06,28,PIT,TBD
1.56,0.578977,2.56,0.42102298,1.0,06,28,WSN,CHC
1.46,0.58167255,2.85,0.4183275,1.0,06,28,TOR,BAL
1.59,0.6231487,2.48,0.37685138,0.0,06,28,BOS,MIN
1.94,0.48106968,1.92,0.5189303,1.0,06,28,CIN,MIL
1.72,0.48909363,2.2,0.5109064,1.0,06,28,CLE,TEX
1.67,0.54756194,2.3,0.45243806,0.0,06,28,DET,KCR
2.05,0.5003928,1.83,0.4996072,0.0,06,28,CHW,NYY
1.57,0.6540749,2.54,0.34592512,1.0,06,28,HOU,OAK
1.73,0.61584985,2.2,0.38415018,0.0,06,28,ARI,STL
2.17,0.49150103,1.74,0.50849897,1.0,06,28,ANA,LAD
1.77,0.53070545,2.11,0.46929455,1.0,06,28,SDP,ATL
1.37,0.6580363,3.28,0.34196368,1.0,06,29,CLE,TEX
1.57,0.6288379,2.54,0.3711621,1.0,06,29,DET,KCR
1.46,0.6646467,2.88,0.33535334,1.0,06,29,HOU,OAK
1.76,0.5438001,2.15,0.45619988,0.0,06,29,ARI,STL
1.89,0.47953779,1.98,0.52046216,0.0,06,29,WSN,CHC
1.5,0.64262176,2.72,0.35737833,1.0,06,29,BOS,MIN
1.98,0.5238385,1.87,0.47616148,1.0,06,29,PIT,TBD
1.5,0.6214767,2.71,0.37852335,0.0,06,29,TOR,BAL
1.87,0.52867323,1.99,0.47132677,0.0,06,29,CIN,MIL
2.48,0.43372294,1.59,0.5662771,1.0,06,29,CHW,NYY
1.73,0.4891705,2.19,0.5108295,1.0,06,29,SDP,ATL
3.12,0.37846056,1.4,0.6215395,0.0,06,29,ANA,LAD
2.12,0.48659688,1.77,0.5134031,0.0,06,30,BAL,TBD
1.81,0.5613616,2.07,0.43863842,0.0,06,30,PIT,SFG
1.82,0.5600208,2.07,0.43997917,0.0,06,30,TOR,BOS
1.81,0.47156063,2.08,0.5284394,1.0,06,30,CIN,CHC
1.37,0.67942977,3.31,0.3205703,1.0,06,30,NYM,PHI
2.18,0.474197,1.74,0.52580297,1.0,06,30,CHW,TEX
1.55,0.6549244,2.57,0.3450756,0.0,06,30,HOU,NYY
1.98,0.5257172,1.88,0.47428277,1.0,06,30,MIL,FLA
1.79,0.5362085,2.1,0.46379146,1.0,06,30,KCR,MIN
1.83,0.5159541,2.05,0.48404595,1.0,06,30,STL,WSN
1.64,0.5756258,2.34,0.42437422,0.0,06,30,ARI,COL
1.56,0.55391294,2.57,0.44608703,0.0,06,30,OAK,ATL
2.14,0.5191143,1.78,0.48088562,0.0,06,30,ANA,SEA
2.85,0.33410954,1.47,0.66589046,0.0,06,30,SDP,LAD
2.43,0.3997776,1.61,0.60022247,0.0,07,01,TOR,BOS
2.1,0.4651668,1.81,0.5348332,1.0,07,01,DET,CLE
2.06,0.44932273,1.82,0.5506773,0.0,07,01,CHW,TEX
2.05,0.53489715,1.84,0.46510285,1.0,07,01,KCR,MIN
1.78,0.55235934,2.11,0.44764063,0.0,07,01,BAL,TBD
1.74,0.53679776,2.18,0.4632022,0.0,07,01,OAK,ATL
1.84,0.5646726,2.03,0.4353274,0.0,07,01,PIT,SFG
2.02,0.48557007,1.85,0.51443,1.0,07,01,CIN,CHC
1.79,0.5719886,2.11,0.4280114,1.0,07,01,MIL,FLA
1.55,0.62659305,2.57,0.37340692,1.0,07,01,NYM,PHI
2.1,0.40696982,1.81,0.59303015,0.0,07,01,DET,CLE
1.76,0.56272864,2.13,0.43727142,1.0,07,01,HOU,NYY
1.96,0.44931778,1.9,0.5506822,1.0,07,01,STL,WSN
2.05,0.57711864,1.84,0.42288136,0.0,07,01,KCR,MIN
2.0,0.51922715,1.87,0.4807728,1.0,07,01,ANA,SEA
1.56,0.58958423,2.55,0.41041574,1.0,07,01,ARI,COL
2.87,0.32360378,1.47,0.67639625,0.0,07,01,SDP,LAD
1.84,0.4583205,2.03,0.5416795,0.0,07,02,TOR,BOS
2.36,0.4417092,1.64,0.55829084,0.0,07,02,CIN,CHC
2.12,0.5196465,1.78,0.48035344,0.0,07,02,DET,CLE
1.68,0.63064253,2.29,0.36935744,0.0,07,02,NYM,PHI
1.78,0.49361312,2.12,0.5063868,1.0,07,02,BAL,TBD
2.44,0.5378506,1.61,0.46214938,0.0,07,02,PIT,SFG
1.86,0.5125032,2.01,0.48749688,1.0,07,02,CHW,TEX
1.95,0.5817089,1.91,0.4182911,1.0,07,02,HOU,NYY
2.23,0.5306341,1.71,0.46936584,0.0,07,02,MIL,FLA
1.82,0.5575812,2.06,0.4424188,1.0,07,02,KCR,MIN
2.36,0.48158583,1.65,0.5184142,0.0,07,02,ANA,SEA
1.54,0.582592,2.61,0.41740808,0.0,07,02,OAK,ATL
1.81,0.569332,2.07,0.43066806,1.0,07,02,ARI,COL
2.92,0.36419687,1.44,0.6358031,1.0,07,02,SDP,LAD
2.36,0.45430213,1.64,0.5456979,0.0,07,02,STL,WSN
1.82,0.5429152,2.06,0.45708483,1.0,07,03,MIL,BAL
1.54,0.5926759,2.61,0.40732408,1.0,07,03,WSN,NYM
1.69,0.5810323,2.26,0.41896772,1.0,07,03,NYY,TOR
1.81,0.46160087,2.06,0.5383991,1.0,07,03,PHI,PIT
1.67,0.56714296,2.29,0.43285707,1.0,07,03,STL,FLA
2.02,0.5161684,1.85,0.48383158,0.0,07,03,TEX,BOS
1.61,0.5908473,2.42,0.4091527,1.0,07,03,COL,CIN
1.83,0.48684606,2.04,0.513154,1.0,07,03,MIN,ANA
1.69,0.4959342,2.25,0.5040658,0.0,07,03,OAK,CHW
1.69,0.57793677,2.27,0.42206317,0.0,07,03,SEA,KCR
1.58,0.57396907,2.52,0.426031,1.0,07,04,WSN,NYM
1.98,0.5897089,1.89,0.41029114,0.0,07,04,NYY,TOR
1.47,0.65080094,2.83,0.34919912,1.0,07,04,DET,SFG
1.84,0.4923158,2.04,0.5076842,1.0,07,04,MIN,ANA
1.77,0.56540126,2.13,0.43459874,0.0,07,04,STL,FLA
1.71,0.6048453,2.23,0.3951547,0.0,07,04,CHC,TBD
2.3,0.43570364,1.67,0.5642964,0.0,07,04,PHI,PIT
1.65,0.5347638,2.34,0.46523613,1.0,07,04,OAK,CHW
1.54,0.5797686,2.6,0.42023143,1.0,07,04,MIL,BAL
1.78,0.55319566,2.12,0.44680437,0.0,07,04,SEA,KCR
1.3,0.718921,3.73,0.28107902,0.0,07,04,CLE,SDP
2.19,0.42961106,1.73,0.5703889,0.0,07,04,ATL,HOU
1.93,0.562064,1.92,0.43793598,0.0,07,04,TEX,BOS
1.69,0.5841474,2.25,0.41585264,0.0,07,04,COL,CIN
1.31,0.7063363,3.71,0.2936637,1.0,07,04,LAD,ARI
1.54,0.5904726,2.62,0.40952742,0.0,07,05,NYY,TOR
1.58,0.5956716,2.5,0.40432844,1.0,07,05,CHC,TBD
1.52,0.56224024,2.67,0.4377597,1.0,07,05,OAK,CHW
2.4,0.4632483,1.63,0.5367517,0.0,07,05,PHI,PIT
1.4,0.66748863,3.13,0.33251134,0.0,07,05,CLE,SDP
1.5,0.56205726,2.72,0.43794277,0.0,07,05,DET,SFG
1.69,0.54451483,2.26,0.4554852,1.0,07,05,MIL,BAL
1.99,0.42468238,1.88,0.5753177,0.0,07,05,ATL,HOU
2.03,0.5182312,1.84,0.4817687,1.0,07,05,TEX,BOS
1.6,0.5737045,2.45,0.42629558,0.0,07,05,MIN,ANA
1.74,0.57297623,2.18,0.42702374,0.0,07,05,STL,FLA
1.65,0.588139,2.33,0.41186097,1.0,07,05,COL,CIN
1.42,0.6453099,3.04,0.35469013,1.0,07,05,LAD,ARI
1.75,0.55599713,2.15,0.44400284,0.0,07,05,SEA,KCR
1.74,0.5550448,2.2,0.44495526,1.0,07,06,DET,SFG
1.52,0.57303196,2.65,0.42696807,1.0,07,06,STL,FLA
1.6,0.59853053,2.46,0.4014694,0.0,07,06,CHC,MIL
1.62,0.6112584,2.41,0.38874167,0.0,07,06,COL,CIN
1.96,0.48383236,1.91,0.51616764,0.0,07,06,PHI,PIT
2.4,0.36597216,1.62,0.63402784,1.0,07,06,TOR,HOU
1.48,0.62368256,2.79,0.37631747,1.0,07,06,CLE,SDP
2.68,0.42313206,1.51,0.57686794,1.0,07,06,TBD,BOS
1.68,0.5259381,2.28,0.474062,1.0,07,06,MIN,BAL
1.68,0.62172776,2.29,0.37827232,1.0,07,06,LAD,ARI
1.68,0.6067563,2.28,0.39324367,0.0,07,06,SEA,OAK
1.57,0.6524381,2.54,0.34756187,0.0,07,06,WSN,ATL
1.65,0.56266975,2.33,0.43733028,1.0,07,07,CHC,PIT
1.81,0.5456874,2.06,0.4543126,0.0,07,07,PHI,SDP
1.44,0.58774716,2.91,0.41225287,0.0,07,07,NYY,MIL
1.37,0.69994134,3.31,0.3000587,1.0,07,07,WSN,ATL
1.89,0.4772397,1.97,0.5227603,0.0,07,07,TOR,HOU
1.4,0.66380095,3.11,0.33619902,1.0,07,07,CLE,DET
2.21,0.4853021,1.72,0.5146979,0.0,07,07,TBD,BOS
1.7,0.5892845,2.26,0.41071555,1.0,07,07,TEX,ANA
2.07,0.52438843,1.81,0.4756116,1.0,07,07,MIN,BAL
1.87,0.5482129,1.99,0.4517871,0.0,07,07,STL,NYM
1.57,0.59406054,2.54,0.4059394,1.0,07,07,COL,CHW
1.49,0.6466989,2.77,0.35330108,1.0,07,07,ARI,CIN
1.49,0.6443558,2.77,0.35564426,1.0,07,07,LAD,KCR
1.6,0.589667,2.45,0.41033295,1.0,07,07,SEA,OAK
1.96,0.4690695,1.91,0.53093046,0.0,07,07,SFG,FLA
1.52,0.5922497,2.66,0.40775034,1.0,07,08,NYY,MIL
1.71,0.44394073,2.23,0.5560592,1.0,07,08,TOR,HOU
1.91,0.5765807,1.97,0.4234193,0.0,07,08,MIN,BAL
1.65,0.53243405,2.34,0.46756592,0.0,07,08,PHI,SDP
1.41,0.6707574,3.09,0.32924265,0.0,07,08,WSN,ATL
1.79,0.54302734,2.09,0.45697263,1.0,07,08,STL,NYM
2.0,0.5113464,1.86,0.48865354,1.0,07,08,TBD,BOS
1.51,0.6180572,2.69,0.38194278,0.0,07,08,CHC,PIT
1.67,0.59488714,2.31,0.4051129,1.0,07,08,CLE,DET
1.54,0.6385303,2.62,0.36146972,1.0,07,08,LAD,KCR
1.67,0.5938192,2.3,0.40618077,1.0,07,08,TEX,ANA
1.68,0.5507019,2.27,0.44929805,0.0,07,08,COL,CHW
1.7,0.55034876,2.31,0.4496513,0.0,07,08,SFG,FLA
1.76,0.619207,2.15,0.38079304,0.0,07,08,ARI,CIN
1.59,0.6155705,2.49,0.3844295,0.0,07,08,SEA,OAK
1.61,0.576171,2.43,0.42382908,0.0,07,09,NYY,MIL
2.02,0.4758903,1.85,0.52410966,0.0,07,09,TOR,HOU
1.51,0.6471158,2.7,0.35288417,0.0,07,09,CHC,PIT
1.96,0.50694543,1.9,0.49305454,1.0,07,09,TBD,BOS
2.01,0.5166184,1.86,0.48338166,1.0,07,09,PHI,SDP
1.73,0.60412866,2.21,0.3958713,1.0,07,09,WSN,ATL
1.82,0.53706175,2.06,0.46293828,0.0,07,09,MIN,BAL
1.76,0.505128,2.15,0.49487188,1.0,07,09,STL,NYM
1.46,0.6419833,2.84,0.35801667,0.0,07,09,TEX,ANA
1.85,0.52658594,2.02,0.4734141,1.0,07,09,COL,CHW
1.85,0.5367446,2.02,0.46325544,0.0,07,09,SFG,FLA
1.63,0.5538082,2.38,0.44619182,0.0,07,09,ARI,CIN
1.31,0.69007766,3.69,0.30992237,1.0,07,09,LAD,KCR
1.59,0.61669034,2.49,0.38330963,1.0,07,09,SEA,OAK
1.45,0.65104425,2.89,0.34895578,0.0,07,09,CLE,DET
1.95,0.5056844,1.91,0.49431565,0.0,07,14,BAL,CHC
1.79,0.5372618,2.11,0.46273825,1.0,07,14,PIT,STL
1.73,0.55767536,2.21,0.44232464,1.0,07,14,BOS,NYY
2.08,0.43881235,1.8,0.5611877,0.0,07,14,CIN,WSN
1.83,0.5497336,2.05,0.45026636,0.0,07,14,DET,TOR
1.61,0.54898804,2.42,0.451012,1.0,07,14,NYM,COL
1.9,0.5000143,1.96,0.49998567,1.0,07,14,ATL,ARI
2.65,0.40749726,1.52,0.5925027,0.0,07,14,CHW,SEA
1.61,0.6733536,2.44,0.32664633,1.0,07,14,HOU,MIN
1.58,0.64542836,2.5,0.35457158,1.0,07,14,MIL,PHI
1.81,0.5147481,2.07,0.48525187,0.0,07,14,KCR,TEX
2.26,0.43058485,1.69,0.5694152,1.0,07,14,OAK,CLE
1.84,0.5093921,2.04,0.4906079,0.0,07,14,ANA,TBD
2.0,0.45968664,1.87,0.54031336,0.0,07,14,SDP,SFG
1.59,0.6277614,2.48,0.37223858,0.0,07,15,BOS,NYY
1.68,0.5990771,2.29,0.40092286,1.0,07,15,DET,TOR
2.1,0.43183017,1.79,0.56816983,0.0,07,15,BAL,CHC
1.78,0.57160455,2.11,0.42839545,0.0,07,15,PIT,STL
2.13,0.545426,1.78,0.45457402,1.0,07,15,ATL,ARI
2.25,0.45537454,1.7,0.54462546,0.0,07,15,CHW,SEA
2.34,0.37628886,1.65,0.62371117,0.0,07,15,CIN,WSN
1.58,0.6198249,2.5,0.38017514,0.0,07,15,HOU,MIN
1.62,0.6378037,2.4,0.3621964,1.0,07,15,MIL,PHI
1.87,0.5293851,1.99,0.47061482,1.0,07,15,NYM,COL
1.79,0.49691972,2.09,0.5030802,0.0,07,15,KCR,TEX
2.2,0.43909782,1.73,0.56090224,1.0,07,15,SDP,SFG
2.99,0.37169513,1.43,0.62830484,1.0,07,15,OAK,CLE
1.76,0.50779074,2.15,0.4922093,0.0,07,15,ANA,TBD
1.72,0.5372598,2.21,0.46274015,0.0,07,16,BOS,NYY
1.87,0.48380622,1.99,0.5161938,0.0,07,16,CIN,WSN
1.83,0.52190846,2.04,0.47809148,1.0,07,16,DET,TOR
1.79,0.58051854,2.1,0.41948146,0.0,07,16,NYM,COL
1.93,0.47778493,1.93,0.5222151,1.0,07,16,ATL,ARI
2.41,0.4278491,1.62,0.5721509,0.0,07,16,BAL,CHC
2.04,0.49525008,1.84,0.50474995,1.0,07,16,PIT,STL
2.14,0.45720094,1.77,0.542799,0.0,07,16,CHW,SEA
1.49,0.69773865,2.74,0.30226135,1.0,07,16,HOU,MIN
1.62,0.63662994,2.42,0.36337,0.0,07,16,MIL,PHI
2.19,0.45550418,1.73,0.5444958,1.0,07,16,KCR,TEX
2.21,0.48890465,1.73,0.51109535,1.0,07,16,ANA,TBD
1.93,0.5105857,1.93,0.48941427,1.0,07,16,OAK,CLE
2.21,0.48017526,1.72,0.5198248,1.0,07,16,SDP,SFG
1.72,0.5611612,2.21,0.43883884,1.0,07,16,BOS,NYY
2.29,0.43131185,1.68,0.5686881,0.0,07,17,CIN,WSN
1.93,0.5889026,1.93,0.41109735,0.0,07,17,BOS,TOR
1.89,0.4846518,1.97,0.5153482,1.0,07,17,BAL,TEX
1.84,0.5321288,2.04,0.46787122,1.0,07,17,PIT,MIL
1.88,0.5427969,1.97,0.45720315,0.0,07,17,NYM,STL
2.55,0.46089894,1.57,0.53910106,0.0,07,17,ATL,CHC
1.43,0.6578737,2.99,0.34212634,0.0,07,17,HOU,SEA
1.91,0.47681192,1.95,0.52318805,1.0,07,17,MIN,NYY
1.79,0.6130735,2.08,0.3869265,0.0,07,17,KCR,DET
1.61,0.6240381,2.44,0.37596187,1.0,07,17,COL,SDP
1.96,0.48522577,1.91,0.51477426,0.0,07,17,OAK,TBD
2.13,0.4572205,1.77,0.54277956,0.0,07,17,SFG,CLE
1.79,0.4992715,2.1,0.50072855,1.0,07,18,BAL,TEX
1.62,0.55418533,2.4,0.4458147,1.0,07,18,PIT,MIL
2.41,0.4519292,1.62,0.5480708,0.0,07,18,CIN,ARI
2.01,0.51096565,1.85,0.48903438,0.0,07,18,NYM,STL
2.19,0.4667041,1.73,0.5332958,0.0,07,18,ATL,CHC
2.13,0.43608406,1.77,0.563916,0.0,07,18,MIN,NYY
2.2,0.53865355,1.73,0.46134648,1.0,07,18,BOS,TOR
3.82,0.32496607,1.29,0.6750339,0.0,07,18,CHW,LAD
1.55,0.6404135,2.58,0.3595864,1.0,07,18,HOU,SEA
1.95,0.55521184,1.91,0.44478813,0.0,07,18,KCR,DET
1.73,0.6231616,2.18,0.37683836,1.0,07,18,COL,SDP
1.94,0.50283307,1.94,0.49716693,0.0,07,18,OAK,TBD
1.69,0.5535107,2.26,0.44648927,0.0,07,18,ANA,WSN
2.26,0.4333592,1.7,0.5666408,1.0,07,18,SFG,CLE
2.14,0.49698034,1.77,0.5030197,0.0,07,19,ATL,CHC
1.94,0.4593264,1.92,0.5406737,1.0,07,19,MIN,NYY
1.92,0.58166164,1.95,0.41833833,0.0,07,19,HOU,SEA
1.5,0.65190214,2.71,0.34809783,1.0,07,19,COL,SDP
1.84,0.49086523,2.02,0.50913477,1.0,07,19,OAK,TBD
2.99,0.38343334,1.43,0.61656666,1.0,07,19,SFG,CLE
1.56,0.57932395,2.54,0.42067602,1.0,07,19,NYM,STL
1.68,0.51078916,2.3,0.4892108,1.0,07,19,BAL,TEX
1.61,0.56135124,2.44,0.43864876,1.0,07,19,PIT,MIL
1.72,0.5886526,2.2,0.41134745,1.0,07,19,BOS,TOR
2.46,0.41325304,1.59,0.586747,1.0,07,19,CIN,ARI
2.71,0.41763568,1.5,0.58236426,0.0,07,19,CHW,LAD
1.94,0.48901156,1.91,0.5109884,1.0,07,19,KCR,DET
1.85,0.45796254,2.02,0.5420375,1.0,07,19,ANA,WSN
1.82,0.51586497,2.06,0.4841351,1.0,07,20,NYM,STL
1.73,0.53720784,2.2,0.46279222,0.0,07,20,CIN,ARI
1.8,0.5604404,2.09,0.43955964,1.0,07,20,PIT,MIL
1.87,0.5869682,2.0,0.41303182,0.0,07,20,BOS,TOR
1.86,0.43921268,1.99,0.5607873,1.0,07,20,BAL,TEX
1.95,0.50568664,1.91,0.49431342,1.0,07,20,KCR,DET
1.45,0.6733986,2.87,0.32660136,0.0,07,20,LAD,ATL
2.26,0.51807374,1.69,0.48192626,0.0,07,20,SEA,NYY
1.47,0.63665307,2.83,0.36334693,0.0,07,20,SFG,SDP
1.69,0.58418065,2.26,0.41581935,0.0,07,21,CHC,STL
2.17,0.39007854,1.74,0.60992146,0.0,07,21,BAL,HOU
1.67,0.5060773,2.3,0.49392262,1.0,07,21,PHI,MIL
1.75,0.5030912,2.15,0.4969088,0.0,07,21,CIN,FLA
1.69,0.576569,2.26,0.42343098,1.0,07,21,CLE,TOR
1.62,0.59189993,2.41,0.4081001,1.0,07,21,NYM,OAK
2.14,0.50676143,1.76,0.4932386,0.0,07,21,TBD,TEX
1.75,0.59524345,2.16,0.40475652,0.0,07,21,MIN,DET
1.54,0.63502866,2.6,0.36497134,1.0,07,21,KCR,CHW
1.73,0.56858337,2.19,0.43141663,0.0,07,21,COL,PIT
2.33,0.40380412,1.66,0.5961959,1.0,07,21,ARI,WSN
2.82,0.41163158,1.47,0.5883685,0.0,07,21,ANA,BOS
1.35,0.7054305,3.37,0.29456946,0.0,07,21,LAD,ATL
2.01,0.49177784,1.86,0.5082222,0.0,07,21,SEA,NYY
1.59,0.5879275,2.49,0.41207248,0.0,07,21,SFG,SDP
1.63,0.6213294,2.4,0.37867057,1.0,07,22,CHC,STL
1.83,0.56154954,2.04,0.43845043,1.0,07,22,SFG,SDP
2.05,0.38261884,1.83,0.6173811,0.0,07,22,BAL,HOU
2.12,0.4802957,1.77,0.51970434,0.0,07,22,PHI,MIL
1.89,0.4794714,1.98,0.5205287,0.0,07,22,CIN,FLA
1.84,0.5615071,2.03,0.4384929,1.0,07,22,CLE,TOR
1.8,0.5234747,2.07,0.47652534,1.0,07,22,MIN,DET
1.84,0.5162909,2.03,0.48370904,1.0,07,22,NYM,OAK
1.54,0.58417517,2.62,0.41582483,0.0,07,22,TBD,TEX
1.56,0.6198475,2.57,0.38015252,1.0,07,22,KCR,CHW
2.03,0.5155655,1.85,0.48443446,0.0,07,22,ARI,WSN
1.84,0.56047475,2.03,0.43952522,1.0,07,22,COL,PIT
2.13,0.4504737,1.77,0.5495263,1.0,07,22,ANA,BOS
1.38,0.6799354,3.21,0.32006454,1.0,07,22,LAD,ATL
2.22,0.5221895,1.72,0.47781044,1.0,07,22,SEA,NYY
1.72,0.515044,2.21,0.48495597,1.0,07,23,CIN,FLA
1.51,0.66205645,2.7,0.33794355,1.0,07,23,CLE,TOR
1.68,0.5797154,2.27,0.42028463,0.0,07,23,NYM,OAK
1.8,0.5331069,2.09,0.46689308,0.0,07,23,TBD,TEX
2.18,0.3972112,1.73,0.6027888,1.0,07,23,BAL,HOU
1.89,0.4641408,1.98,0.5358592,1.0,07,23,PHI,MIL
1.87,0.5671533,1.99,0.43284672,0.0,07,23,MIN,DET
1.76,0.5931398,2.15,0.4068602,1.0,07,23,KCR,CHW
1.88,0.5317942,1.99,0.46820578,1.0,07,23,COL,PIT
2.07,0.50185436,1.81,0.49814564,1.0,07,23,ANA,BOS
1.9,0.57693434,1.96,0.42306566,0.0,07,23,SFG,SDP
2.01,0.49584812,1.86,0.50415194,0.0,07,23,ARI,WSN
1.25,0.724319,4.29,0.27568102,1.0,07,23,LAD,ATL
1.99,0.5268163,1.88,0.47318363,0.0,07,23,SEA,NYY
1.6,0.62339056,2.46,0.37660947,1.0,07,23,CHC,STL
1.36,0.67298174,3.34,0.3270183,0.0,07,24,CHC,CHW
2.41,0.35875833,1.62,0.64124167,0.0,07,24,PHI,HOU
1.61,0.5356419,2.45,0.46435806,1.0,07,24,TOR,OAK
1.52,0.63629204,2.66,0.363708,1.0,07,24,CLE,CIN
1.7,0.57568747,2.23,0.42431256,0.0,07,24,DET,KCR
1.91,0.55005735,1.94,0.4499426,0.0,07,24,TBD,BAL
1.71,0.52785826,2.22,0.47214177,1.0,07,24,STL,COL
1.69,0.5693064,2.26,0.43069366,0.0,07,24,TEX,FLA
1.45,0.61986285,2.91,0.3801371,1.0,07,24,ARI,ATL
1.37,0.69129723,3.32,0.30870277,1.0,07,24,LAD,MIN
2.39,0.3982579,1.63,0.601742,0.0,07,24,SDP,NYM
1.66,0.5631302,2.34,0.4368698,1.0,07,24,SEA,BOS
2.34,0.44302475,1.65,0.55697525,0.0,07,24,SFG,PIT
1.47,0.62021196,2.81,0.37978804,1.0,07,25,CHC,CHW
1.59,0.6259948,2.48,0.37400523,1.0,07,25,NYY,CIN
2.38,0.3472737,1.63,0.6527263,0.0,07,25,PHI,HOU
1.77,0.5485636,2.14,0.45143643,0.0,07,25,WSN,MIL
1.89,0.5234885,1.97,0.4765115,1.0,07,25,TOR,OAK
1.6,0.6174532,2.47,0.38254675,1.0,07,25,CLE,ANA
1.79,0.5515261,2.11,0.44847387,0.0,07,25,DET,KCR
1.81,0.5927841,2.07,0.40721592,1.0,07,25,TBD,BAL
1.65,0.57031995,2.35,0.42968002,1.0,07,25,TEX,FLA
1.81,0.5507668,2.07,0.44923326,1.0,07,25,STL,COL
1.64,0.58924794,2.36,0.41075203,0.0,07,25,ARI,ATL
1.51,0.6741161,2.69,0.32588392,1.0,07,25,LAD,MIN
2.18,0.47526258,1.74,0.5247374,0.0,07,25,SDP,NYM
1.96,0.5179922,1.9,0.48200774,1.0,07,25,SEA,BOS
1.89,0.5170768,1.98,0.48292327,1.0,07,25,SFG,PIT
1.67,0.60045004,2.3,0.39954996,1.0,07,26,TBD,BAL
1.4,0.6686427,3.12,0.3313573,1.0,07,26,NYY,CIN
1.48,0.602535,2.81,0.39746505,1.0,07,26,ARI,ATL
2.81,0.40633336,1.47,0.5936666,0.0,07,26,SEA,BOS
1.65,0.5079774,2.36,0.49202254,1.0,07,26,SFG,PIT
1.92,0.3646292,1.93,0.63537085,1.0,07,26,PHI,HOU
1.77,0.606031,2.12,0.39396897,1.0,07,26,WSN,MIL
1.62,0.5739266,2.41,0.4260734,1.0,07,26,TOR,OAK
1.44,0.62504905,2.92,0.37495095,1.0,07,26,CLE,ANA
1.87,0.50971645,1.99,0.4902835,0.0,07,26,DET,KCR
3.35,0.37140003,1.36,0.62859994,0.0,07,26,CHW,CHC
1.43,0.63294625,2.97,0.36705378,0.0,07,26,TEX,FLA
1.57,0.5936955,2.54,0.40630454,1.0,07,26,STL,COL
1.44,0.62785614,2.97,0.3721439,1.0,07,26,LAD,MIN
1.93,0.47552723,1.94,0.52447283,1.0,07,26,SDP,NYM
1.34,0.6880256,3.42,0.3119744,1.0,07,27,WSN,MIL
1.65,0.59388924,2.36,0.40611076,1.0,07,27,CLE,ANA
1.52,0.5800608,2.66,0.41993925,1.0,07,27,TOR,OAK
1.77,0.58239484,2.13,0.41760513,1.0,07,27,NYY,TBD
3.25,0.38604552,1.38,0.6139545,0.0,07,27,CHW,CHC
1.99,0.52024645,1.87,0.4797535,0.0,07,27,STL,ARI
2.03,0.46999946,1.84,0.53000057,1.0,07,27,SDP,NYM
1.5,0.61084026,2.72,0.3891598,1.0,07,28,NYY,TBD
2.25,0.46398303,1.7,0.536017,1.0,07,28,PHI,ATL
1.68,0.5551793,2.29,0.44482067,0.0,07,28,TOR,ANA
1.64,0.56139743,2.39,0.43860257,0.0,07,28,BOS,KCR
2.42,0.33216956,1.61,0.66783047,0.0,07,28,DET,HOU
1.72,0.581523,2.21,0.418477,1.0,07,28,TEX,BAL
3.18,0.40261206,1.39,0.59738797,0.0,07,28,CHW,CLE
2.23,0.44219983,1.71,0.5578002,1.0,07,28,MIL,CHC
1.77,0.51341426,2.13,0.48658574,1.0,07,28,STL,ARI
1.94,0.50597084,1.93,0.49402922,0.0,07,28,OAK,MIN
1.32,0.7119289,3.6,0.28807107,1.0,07,28,LAD,SFG
2.42,0.47792503,1.63,0.522075,1.0,07,28,SDP,PIT
1.62,0.6214514,2.42,0.3785486,0.0,07,28,SEA,NYM
1.61,0.5795668,2.45,0.4204332,1.0,07,29,NYY,TBD
1.85,0.517611,2.02,0.48238903,0.0,07,29,TOR,ANA
1.32,0.709368,3.62,0.29063195,1.0,07,29,LAD,SFG
2.12,0.47510892,1.77,0.5248911,1.0,07,29,SEA,NYM
2.03,0.36671698,1.84,0.6332831,1.0,07,29,DET,HOU
1.91,0.5221407,1.95,0.47785926,1.0,07,29,PHI,ATL
1.69,0.56904984,2.27,0.43095016,0.0,07,29,WSN,COL
1.65,0.5971904,2.35,0.40280965,1.0,07,29,BOS,KCR
3.66,0.35486144,1.31,0.64513856,0.0,07,29,CHW,CLE
2.57,0.44213447,1.56,0.5578655,0.0,07,29,MIL,CHC
2.02,0.4848149,1.85,0.51518506,0.0,07,29,STL,ARI
2.01,0.5596021,1.86,0.44039786,0.0,07,29,TEX,BAL
2.01,0.4694542,1.86,0.53054583,1.0,07,29,SDP,PIT
1.97,0.51194954,1.9,0.48805046,1.0,07,29,OAK,MIN
1.63,0.58946806,2.4,0.41053197,0.0,07,30,NYY,TBD
1.86,0.543678,2.0,0.45632195,1.0,07,30,TOR,ANA
2.04,0.41934127,1.83,0.58065873,1.0,07,30,DET,HOU
1.56,0.5855571,2.55,0.41444284,0.0,07,30,BOS,KCR
1.73,0.49505547,2.19,0.50494456,1.0,07,30,PHI,ATL
1.79,0.5667215,2.15,0.43327853,0.0,07,30,WSN,COL
2.29,0.4547545,1.68,0.5452455,1.0,07,30,CHW,CLE
1.88,0.48810765,1.98,0.5118924,0.0,07,30,MIL,CHC
1.8,0.5474455,2.1,0.45255446,1.0,07,30,STL,ARI
1.88,0.59318113,1.99,0.40681887,0.0,07,30,TEX,BAL
1.7,0.57589954,2.22,0.42410043,1.0,07,30,OAK,MIN
1.42,0.6218856,3.05,0.3781144,1.0,07,30,SEA,NYM
2.39,0.44176263,1.62,0.5582374,0.0,07,30,SDP,PIT
1.79,0.49759573,2.15,0.5024043,1.0,07,30,WSN,COL
1.62,0.62248355,2.42,0.3775165,1.0,07,30,LAD,SFG
1.94,0.48186773,1.92,0.51813227,1.0,07,31,PHI,ATL
2.11,0.4761716,1.77,0.5238283,1.0,07,31,BOS,CLE
1.94,0.46349367,1.91,0.53650635,1.0,07,31,BAL,KCR
1.43,0.5940866,2.99,0.4059135,1.0,07,31,NYY,DET
1.91,0.56144214,1.96,0.4385579,0.0,07,31,TEX,SEA
2.64,0.4540474,1.53,0.54595256,1.0,07,31,CHW,TOR
1.69,0.6156147,2.26,0.3843853,1.0,07,31,HOU,TBD
1.69,0.61717343,2.27,0.38282654,1.0,07,31,OAK,SFG
1.79,0.5245924,2.1,0.47540757,1.0,08,01,BAL,KCR
1.57,0.6387773,2.53,0.3612227,0.0,08,01,NYY,DET
1.57,0.63009936,2.53,0.3699006,0.0,08,01,PIT,CIN
1.6,0.6042035,2.45,0.3957965,1.0,08,01,BOS,CLE
2.58,0.3901517,1.55,0.6098484,0.0,08,01,ATL,LAD
1.91,0.514895,1.96,0.485105,1.0,08,01,MIL,STL
1.52,0.6385127,2.66,0.36148736,1.0,08,01,CHC,ARI
1.93,0.47903475,1.94,0.5209653,0.0,08,01,TEX,SEA
2.93,0.44707176,1.44,0.5529282,0.0,08,01,CHW,TOR
1.98,0.62579125,1.89,0.3742087,0.0,08,01,HOU,TBD
1.85,0.5356959,2.01,0.46430406,1.0,08,01,COL,NYM
1.78,0.58280855,2.12,0.41719145,0.0,08,01,OAK,SFG
1.79,0.56982297,2.1,0.43017697,1.0,08,01,ANA,PHI
1.91,0.55065066,1.96,0.44934934,1.0,08,01,SDP,MIN
1.38,0.6493952,3.26,0.35060477,0.0,08,02,NYY,DET
2.79,0.44100946,1.48,0.55899054,0.0,08,02,CHW,TOR
1.89,0.47866714,1.98,0.52133286,0.0,08,02,SDP,MIN
1.7,0.5288245,2.25,0.47117543,1.0,08,02,BAL,KCR
1.58,0.62507474,2.51,0.37492532,0.0,08,02,PIT,CIN
2.52,0.419936,1.58,0.580064,1.0,08,02,ATL,LAD
1.63,0.60201776,2.38,0.39798224,0.0,08,02,CHC,ARI
1.89,0.5033199,1.98,0.49668005,1.0,08,02,TEX,SEA
1.46,0.68468356,2.86,0.31531644,0.0,08,02,HOU,TBD
1.88,0.5655487,1.98,0.43445122,0.0,08,02,MIL,STL
1.74,0.58715767,2.18,0.4128423,0.0,08,02,COL,NYM
1.46,0.6314916,2.88,0.36850843,1.0,08,02,ANA,PHI
1.67,0.5568984,2.3,0.44310153,0.0,08,02,SFG,OAK
2.16,0.50411344,1.75,0.49588662,1.0,08,03,MIL,STL
1.67,0.56556225,2.29,0.43443775,0.0,08,03,CHC,ARI
1.56,0.61651874,2.54,0.3834813,1.0,08,03,COL,NYM
1.72,0.5529605,2.2,0.44703954,0.0,08,03,BAL,DET
1.7,0.58894116,2.25,0.4110588,1.0,08,03,PIT,CIN
1.34,0.64023083,3.45,0.3597691,1.0,08,03,BOS,CHW
1.54,0.6348884,2.63,0.36511162,1.0,08,03,CLE,NYY
3.0,0.36606088,1.43,0.6339391,0.0,08,03,ATL,LAD
1.74,0.6537121,2.18,0.34628794,0.0,08,03,HOU,TBD
1.79,0.5265923,2.1,0.47340766,0.0,08,03,MIN,TEX
1.69,0.5128963,2.25,0.48710367,1.0,08,03,KCR,SEA
1.56,0.6344643,2.54,0.36553568,1.0,08,03,ANA,PHI
1.73,0.51060194,2.2,0.4893981,1.0,08,03,SFG,OAK
1.6,0.6070328,2.46,0.39296722,0.0,08,04,CHC,WSN
1.84,0.45534402,2.03,0.544656,1.0,08,04,CIN,STL
1.65,0.5239677,2.35,0.4760323,0.0,08,04,BAL,DET
1.53,0.6095545,2.66,0.3904454,1.0,08,04,PIT,SDP
1.45,0.63241297,2.89,0.367587,1.0,08,04,BOS,CHW
1.84,0.5737072,2.03,0.42629278,1.0,08,04,CLE,NYY
2.07,0.43470392,1.8,0.5652961,0.0,08,04,NYM,LAD
1.63,0.59571743,2.38,0.40428263,0.0,08,04,TBD,MIL
1.79,0.50777686,2.11,0.49222308,1.0,08,04,ATL,FLA
1.61,0.66436934,2.42,0.33563069,1.0,08,04,HOU,TOR
1.93,0.45693138,1.93,0.5430686,1.0,08,04,MIN,TEX
2.38,0.46587577,1.63,0.53412426,0.0,08,04,KCR,SEA
1.63,0.62899184,2.4,0.3710082,1.0,08,04,COL,PHI
1.76,0.6117569,2.15,0.3882431,1.0,08,04,ANA,OAK
1.69,0.5656258,2.27,0.43437418,0.0,08,04,SFG,ARI
1.61,0.6036572,2.44,0.3963428,1.0,08,05,CHC,WSN
2.86,0.37600616,1.46,0.6239939,0.0,08,05,NYM,LAD
1.67,0.56737286,2.3,0.43262708,0.0,08,05,TBD,MIL
1.63,0.52508146,2.39,0.47491848,1.0,08,05,BAL,DET
1.64,0.6155223,2.37,0.38447765,0.0,08,05,PIT,SDP
1.78,0.49264342,2.12,0.5073566,1.0,08,05,ATL,FLA
1.31,0.6949757,3.73,0.3050243,1.0,08,05,BOS,CHW
1.71,0.49079868,2.23,0.50920135,0.0,08,05,CIN,STL
1.77,0.5726501,2.13,0.4273499,0.0,08,05,CLE,NYY
1.57,0.6448369,2.53,0.35516307,0.0,08,05,HOU,TOR
2.14,0.43911338,1.76,0.5608866,0.0,08,05,MIN,TEX
1.49,0.6474168,2.75,0.35258326,1.0,08,05,COL,PHI
2.34,0.4434477,1.65,0.5565523,1.0,08,05,SFG,ARI
1.58,0.61176765,2.51,0.38823238,0.0,08,05,ANA,OAK
1.84,0.46889076,2.04,0.5311092,0.0,08,06,CIN,STL
1.85,0.5423698,2.03,0.45763025,0.0,08,06,CLE,NYY
1.59,0.559962,2.49,0.440038,1.0,08,06,TBD,MIL
1.71,0.51171625,2.23,0.48828384,0.0,08,06,ATL,FLA
1.64,0.54810953,2.37,0.4518904,1.0,08,06,BAL,DET
1.45,0.6396987,2.89,0.36030132,1.0,08,06,BOS,CHW
1.53,0.63425094,2.64,0.36574906,1.0,08,06,PIT,SDP
1.91,0.6179296,1.96,0.38207036,1.0,08,06,HOU,TOR
1.72,0.5374734,2.22,0.46252665,1.0,08,06,MIN,TEX
1.75,0.5778684,2.17,0.42213154,0.0,08,06,KCR,SEA
1.5,0.61533856,2.73,0.38466147,0.0,08,06,CHC,WSN
1.91,0.5815085,1.96,0.41849148,0.0,08,06,COL,PHI
1.75,0.5688451,2.16,0.431155,0.0,08,06,ANA,OAK
1.93,0.5380609,1.93,0.4619391,1.0,08,06,SFG,ARI
1.75,0.4675635,2.17,0.53243655,1.0,08,06,KCR,SEA
2.42,0.43125954,1.61,0.56874037,0.0,08,06,NYM,LAD
1.57,0.57576597,2.52,0.424234,1.0,08,07,PIT,DET
1.31,0.6767941,3.67,0.3232059,1.0,08,07,WSN,FLA
1.76,0.50595504,2.15,0.49404496,1.0,08,07,CIN,SDP
1.94,0.55501026,1.91,0.4449897,1.0,08,07,MIN,MIL
2.07,0.5159901,1.81,0.48400986,0.0,08,07,KCR,STL
2.6,0.4037596,1.53,0.59624034,0.0,08,07,SFG,CHC
1.7,0.5448461,2.25,0.4551539,0.0,08,07,ANA,BAL
1.58,0.576208,2.5,0.42379203,1.0,08,08,PIT,DET
1.68,0.569663,2.27,0.43033698,0.0,08,08,WSN,FLA
1.72,0.49654257,2.2,0.50345737,1.0,08,08,TOR,NYY
1.73,0.56957,2.2,0.43043002,0.0,08,08,CIN,SDP
1.38,0.6507092,3.25,0.3492908,1.0,08,08,CLE,COL
1.95,0.5156999,1.91,0.48430002,1.0,08,08,NYM,TEX
2.86,0.4117789,1.46,0.5882211,0.0,08,08,TBD,BOS
1.57,0.6248376,2.55,0.37516245,0.0,08,08,ATL,PHI
3.19,0.3182208,1.38,0.6817792,1.0,08,08,CHW,HOU
1.7,0.52812815,2.24,0.4718719,1.0,08,08,MIN,MIL
2.12,0.53277063,1.77,0.46722943,0.0,08,08,KCR,STL
2.1,0.45381865,1.79,0.5461813,1.0,08,08,ARI,LAD
2.04,0.4826704,1.84,0.5173296,0.0,08,08,OAK,SEA
1.83,0.54370517,2.05,0.45629486,1.0,08,08,ANA,BAL
2.73,0.41988483,1.5,0.58011514,1.0,08,08,SFG,CHC
1.54,0.59967434,2.62,0.40032563,0.0,08,09,CLE,COL
1.87,0.5247261,2.0,0.47527388,0.0,08,09,NYM,TEX
1.9,0.48371857,1.96,0.5162814,0.0,08,09,OAK,SEA
2.17,0.5097563,1.75,0.4902437,1.0,08,09,ANA,BAL
1.81,0.48335552,2.08,0.5166444,1.0,08,09,SFG,CHC
1.99,0.4881745,1.88,0.51182544,0.0,08,09,TBD,BOS
1.58,0.6280555,2.49,0.37194458,1.0,08,09,WSN,FLA
2.67,0.4386325,1.52,0.5613675,0.0,08,09,TOR,NYY
1.8,0.5406199,2.09,0.45938003,1.0,08,09,CIN,SDP
1.87,0.57387054,1.99,0.42612943,1.0,08,09,DET,PIT
1.64,0.5695093,2.37,0.4304907,0.0,08,09,ATL,PHI
2.91,0.36403212,1.45,0.63596797,1.0,08,09,CHW,HOU
1.64,0.6036092,2.38,0.39639086,0.0,08,09,MIL,MIN
1.69,0.6029577,2.26,0.39704236,1.0,08,09,STL,KCR
1.96,0.4625116,1.91,0.5374884,0.0,08,09,ARI,LAD
1.68,0.5692347,2.28,0.43076536,1.0,08,10,CIN,SDP
2.45,0.52219045,1.61,0.4778096,0.0,08,10,DET,PIT
2.38,0.43411916,1.64,0.5658809,0.0,08,10,PHI,NYM
1.64,0.57363415,2.35,0.42636588,1.0,08,10,WSN,FLA
2.3,0.47880057,1.67,0.52119946,1.0,08,10,TOR,NYY
2.19,0.46344492,1.73,0.53655505,1.0,08,10,TBD,CLE
1.66,0.5984892,2.32,0.40151078,1.0,08,10,STL,KCR
2.4,0.422933,1.62,0.57706696,1.0,08,10,CHW,HOU
1.64,0.57486796,2.36,0.42513198,0.0,08,10,MIL,MIN
2.55,0.38531554,1.56,0.6146844,0.0,08,10,ARI,LAD
1.95,0.5308064,1.91,0.46919355,0.0,08,10,OAK,BAL
1.53,0.62101066,2.63,0.3789894,0.0,08,10,SEA,ANA
1.77,0.50200623,2.13,0.49799383,1.0,08,11,NYY,BOS
1.9,0.46461624,1.97,0.53538376,0.0,08,11,PHI,NYM
1.68,0.574769,2.26,0.425231,0.0,08,11,TOR,PIT
1.95,0.5509282,1.91,0.44907176,0.0,08,11,DET,MIN
2.09,0.5060368,1.8,0.49396315,0.0,08,11,TBD,CLE
2.03,0.49940932,1.85,0.50059074,1.0,08,11,TEX,HOU
2.1,0.45633444,1.79,0.5436656,1.0,08,11,CHW,KCR
1.53,0.623116,2.64,0.37688407,0.0,08,11,MIL,CIN
1.61,0.59603107,2.43,0.4039689,1.0,08,11,STL,ATL
1.86,0.531641,2.02,0.46835896,0.0,08,11,ARI,CHC
2.03,0.5328277,1.85,0.46717227,1.0,08,11,OAK,BAL
1.35,0.73779356,3.41,0.26220647,0.0,08,11,LAD,SDP
1.76,0.54620486,2.15,0.45379516,0.0,08,11,SEA,ANA
2.02,0.50711644,1.85,0.4928835,1.0,08,12,TOR,PIT
1.59,0.56441283,2.47,0.43558714,0.0,08,12,NYY,BOS
2.06,0.5307281,1.81,0.46927193,1.0,08,12,DET,MIN
1.63,0.53518456,2.38,0.46481544,0.0,08,12,TBD,CLE
1.68,0.52230185,2.29,0.4776981,1.0,08,12,PHI,NYM
1.79,0.60276777,2.11,0.3972322,1.0,08,12,WSN,SFG
2.31,0.4525934,1.66,0.5474066,0.0,08,12,CHW,KCR
1.6,0.56500936,2.48,0.43499064,1.0,08,12,MIL,CIN
1.42,0.6500742,3.03,0.34992585,1.0,08,12,STL,ATL
2.0,0.45369178,1.88,0.54630816,1.0,08,12,TEX,HOU
1.88,0.4292817,1.99,0.5707183,1.0,08,12,ARI,CHC
1.97,0.49337146,1.89,0.5066286,0.0,08,12,OAK,BAL
1.4,0.68788844,3.14,0.31211153,1.0,08,12,LAD,SDP
1.67,0.55246574,2.29,0.4475342,0.0,08,12,SEA,ANA
1.69,0.6218479,2.34,0.37815207,0.0,08,13,WSN,SFG
1.83,0.56930625,2.05,0.43069375,1.0,08,13,TOR,PIT
2.08,0.4859285,1.81,0.5140715,0.0,08,13,DET,MIN
2.53,0.38333526,1.57,0.61666477,0.0,08,13,TBD,CLE
1.94,0.477775,1.92,0.522225,0.0,08,13,PHI,NYM
2.21,0.46248454,1.72,0.53751546,0.0,08,13,CHW,KCR
1.85,0.5724413,2.02,0.42755872,1.0,08,13,MIL,CIN
1.52,0.61422545,2.66,0.38577452,0.0,08,13,STL,ATL
2.23,0.44039354,1.71,0.55960643,0.0,08,13,TEX,HOU
1.96,0.48085326,1.91,0.5191467,1.0,08,13,OAK,BAL
1.93,0.5110754,1.94,0.48892462,0.0,08,13,ARI,CHC
1.34,0.71578246,3.45,0.2842176,1.0,08,13,LAD,SDP
1.75,0.52762383,2.17,0.47237617,0.0,08,13,SEA,ANA
1.69,0.7085504,2.34,0.2914496,1.0,08,13,WSN,SFG
2.39,0.4378972,1.62,0.56210274,0.0,08,13,NYY,BOS
2.03,0.5151943,1.85,0.48480564,0.0,08,14,BOS,CLE
1.54,0.6122964,2.61,0.3877036,1.0,08,14,NYY,NYM
1.93,0.53155035,1.92,0.46844968,1.0,08,14,TOR,TBD
1.45,0.66656166,2.9,0.33343834,1.0,08,14,CHC,CIN
1.86,0.51136863,2.01,0.4886313,1.0,08,14,TEX,DET
1.8,0.60121846,2.09,0.39878148,1.0,08,14,COL,ATL
1.6,0.5095887,2.47,0.49041125,1.0,08,14,ARI,HOU
1.94,0.50876707,1.93,0.491233,0.0,08,14,OAK,KCR
1.84,0.52521455,2.05,0.47478545,1.0,08,14,SDP,PHI
2.04,0.5201152,1.84,0.47988486,0.0,08,14,SEA,BAL
1.96,0.46474782,1.9,0.53525215,0.0,08,15,ARI,HOU
1.68,0.55140316,2.29,0.44859686,1.0,08,15,NYY,NYM
1.93,0.6105309,1.93,0.38946906,1.0,08,15,WSN,ANA
1.86,0.578972,2.0,0.421028,0.0,08,15,TOR,TBD
1.66,0.57817245,2.33,0.42182755,1.0,08,15,BOS,STL
1.75,0.55896926,2.16,0.4410308,1.0,08,15,MIL,PIT
1.62,0.6592904,2.42,0.34070963,0.0,08,15,CHC,CIN
1.92,0.5033947,1.94,0.4966053,1.0,08,15,TEX,DET
2.43,0.4292933,1.62,0.5707067,0.0,08,15,MIN,CLE
1.51,0.58908117,2.69,0.41091883,0.0,08,15,COL,ATL
2.1,0.4728883,1.79,0.52711165,1.0,08,15,OAK,KCR
1.27,0.7087621,4.06,0.29123783,1.0,08,15,LAD,CHW
1.59,0.5849074,2.48,0.41509253,1.0,08,15,SDP,PHI
1.89,0.5415869,1.98,0.45841315,1.0,08,15,SEA,BAL
1.75,0.59230447,2.17,0.4076955,0.0,08,16,WSN,ANA
1.78,0.55162734,2.12,0.44837263,1.0,08,16,MIL,PIT
2.09,0.48617786,1.8,0.5138221,0.0,08,16,OAK,KCR
1.68,0.55372775,2.28,0.44627222,1.0,08,16,SDP,PHI
1.83,0.54098386,2.04,0.45901617,1.0,08,16,SEA,BAL
2.4,0.473081,1.63,0.52691895,0.0,08,16,NYM,NYY
1.73,0.57080615,2.19,0.42919382,1.0,08,16,TOR,TBD
1.61,0.5679975,2.43,0.43200248,1.0,08,16,BOS,STL
1.43,0.66090363,3.0,0.3390964,1.0,08,16,CHC,CIN
1.54,0.65725255,2.62,0.34274742,1.0,08,16,TEX,DET
1.6,0.61437047,2.47,0.38562956,1.0,08,16,HOU,ARI
1.53,0.59583974,2.63,0.40416026,1.0,08,16,COL,ATL
1.32,0.7067317,3.63,0.29326835,1.0,08,16,LAD,CHW
2.48,0.42344615,1.6,0.5765539,0.0,08,17,MIN,CLE
1.81,0.63962483,2.07,0.36037517,0.0,08,17,HOU,ARI
1.4,0.6667471,3.13,0.3332529,0.0,08,17,CHC,CIN
1.55,0.5979517,2.58,0.40204826,0.0,08,17,COL,ATL
2.5,0.507803,1.58,0.49219698,1.0,08,17,TOR,TBD
1.73,0.511305,2.19,0.48869509,0.0,08,17,PIT,STL
2.48,0.4681247,1.6,0.5318753,1.0,08,17,MIN,CLE
2.8,0.4603868,1.48,0.53961325,0.0,08,17,NYM,NYY
1.54,0.6353257,2.6,0.36467433,1.0,08,17,TEX,CHW
1.82,0.5026329,2.07,0.49736708,0.0,08,17,SDP,WSN
1.8,0.5517078,2.09,0.4482922,1.0,08,17,SFG,PHI
1.56,0.60245085,2.57,0.39754918,1.0,08,18,CHC,TOR
1.79,0.53197235,2.1,0.46802762,1.0,08,18,BAL,ANA
2.13,0.4620066,1.77,0.53799343,0.0,08,18,PIT,STL
1.83,0.5690609,2.06,0.4309391,1.0,08,18,BOS,NYY
2.87,0.34318686,1.46,0.65681314,0.0,08,18,DET,LAD
1.93,0.5245446,1.93,0.47545543,0.0,08,18,NYM,FLA
1.74,0.5128246,2.17,0.48717546,0.0,08,18,TBD,SEA
1.81,0.59688616,2.07,0.40311384,0.0,08,18,ATL,CIN
1.39,0.6692662,3.17,0.33073384,0.0,08,18,TEX,CHW
1.46,0.68223697,2.85,0.317763,1.0,08,18,HOU,OAK
1.98,0.52220404,1.88,0.47779602,1.0,08,18,MIN,ARI
2.78,0.3907418,1.48,0.6092582,0.0,08,18,KCR,CLE
1.56,0.6059439,2.57,0.39405602,1.0,08,18,COL,MIL
1.97,0.42066053,1.89,0.57933944,0.0,08,18,SDP,WSN
1.55,0.6061471,2.59,0.3938529,1.0,08,18,SFG,PHI
1.41,0.64598453,3.1,0.35401544,1.0,08,19,CHC,TOR
2.28,0.42802382,1.68,0.5719761,0.0,08,19,DET,LAD
2.04,0.48115057,1.84,0.5188495,1.0,08,19,PIT,STL
1.88,0.49873868,1.98,0.50126135,0.0,08,19,TBD,SEA
1.63,0.55695677,2.39,0.44304326,0.0,08,19,BAL,ANA
1.61,0.57636493,2.41,0.4236351,0.0,08,19,ATL,CIN
1.37,0.6471434,3.3,0.3528566,0.0,08,19,BOS,NYY
1.6,0.66611344,2.45,0.3338866,1.0,08,19,HOU,OAK
2.25,0.4451639,1.69,0.55483603,1.0,08,19,MIN,ARI
1.89,0.48244268,1.98,0.5175573,1.0,08,19,NYM,FLA
2.28,0.47936064,1.68,0.52063936,0.0,08,19,KCR,CLE
1.43,0.6490465,2.97,0.35095346,1.0,08,19,TEX,CHW
1.74,0.5854527,2.19,0.4145473,0.0,08,19,COL,MIL
2.45,0.3582215,1.6,0.6417786,1.0,08,19,SDP,WSN
1.72,0.5861351,2.22,0.4138649,0.0,08,19,SFG,PHI
2.27,0.42043138,1.69,0.57956856,1.0,08,20,DET,LAD
1.55,0.5872905,2.6,0.41270941,0.0,08,20,NYM,FLA
1.61,0.53198355,2.43,0.46801645,1.0,08,20,TBD,SEA
1.93,0.5421737,1.93,0.4578263,1.0,08,20,BOS,NYY
1.9,0.50631654,1.96,0.4936835,1.0,08,20,ATL,CIN
1.83,0.46079576,2.06,0.5392042,0.0,08,20,BAL,ANA
1.41,0.68523896,3.09,0.31476107,0.0,08,20,HOU,OAK
1.94,0.49816713,1.94,0.5018329,1.0,08,20,MIN,ARI
2.49,0.4498043,1.58,0.5501957,1.0,08,20,KCR,CLE
1.57,0.63660616,2.53,0.36339384,1.0,08,20,CHC,TOR
1.51,0.60890263,2.7,0.39109734,0.0,08,20,TEX,CHW
1.81,0.5229966,2.08,0.4770034,0.0,08,20,COL,MIL
1.42,0.658359,3.05,0.34164104,0.0,08,20,SFG,PHI
1.85,0.39672753,2.02,0.6032725,0.0,08,20,SDP,WSN
1.99,0.51015717,1.88,0.4898428,1.0,08,20,PIT,STL
1.94,0.54579407,1.98,0.45420593,1.0,08,21,CHW,MIN
1.54,0.59042215,2.61,0.40957788,1.0,08,21,BAL,OAK
2.17,0.38487744,1.74,0.61512256,0.0,08,21,PIT,LAD
1.88,0.5354467,1.99,0.46455327,1.0,08,21,CLE,BOS
2.17,0.49049494,1.75,0.5095051,0.0,08,21,NYM,ARI
2.0,0.50248545,1.86,0.49751452,0.0,08,21,ATL,SEA
1.94,0.5206836,1.98,0.47931647,0.0,08,21,CHW,MIN
1.62,0.5160723,2.42,0.4839278,0.0,08,21,ANA,TEX
2.12,0.5072056,1.78,0.49279433,1.0,08,21,SFG,MIL
1.84,0.4791321,2.04,0.52086794,0.0,08,22,PHI,FLA
1.6,0.586015,2.47,0.413985,0.0,08,22,BAL,OAK
2.04,0.4363893,1.83,0.5636107,0.0,08,22,PIT,LAD
2.39,0.41477707,1.63,0.58522284,0.0,08,22,CIN,CHC
1.53,0.61707896,2.65,0.382921,0.0,08,22,CLE,BOS
2.62,0.42611527,1.54,0.5738848,0.0,08,22,DET,NYY
2.46,0.50221294,1.6,0.49778706,0.0,08,22,NYM,ARI
1.48,0.58566046,2.77,0.41433954,1.0,08,22,TBD,TOR
2.06,0.50858545,1.82,0.4914146,1.0,08,22,ATL,SEA
1.84,0.42224655,2.04,0.5777534,0.0,08,22,PHI,FLA
2.18,0.49152792,1.74,0.5084721,0.0,08,22,CHW,MIN
1.57,0.59177405,2.54,0.40822598,0.0,08,22,HOU,WSN
1.8,0.55482,2.09,0.44518003,1.0,08,22,KCR,COL
1.56,0.6750858,2.55,0.3249142,0.0,08,22,STL,SDP
1.62,0.5420564,2.42,0.4579436,1.0,08,22,ANA,TEX
1.99,0.51134634,1.87,0.48865363,0.0,08,22,SFG,MIL
1.51,0.62877727,2.71,0.3712227,1.0,08,23,BAL,OAK
1.84,0.5319216,2.03,0.4680784,1.0,08,23,SFG,MIL
2.04,0.4481543,1.84,0.5518457,1.0,08,23,PHI,FLA
2.42,0.3640075,1.61,0.6359925,1.0,08,23,PIT,LAD
2.01,0.4204804,1.86,0.5795196,0.0,08,23,CIN,CHC
1.63,0.6189717,2.39,0.38102823,0.0,08,23,CLE,BOS
3.26,0.40212625,1.38,0.5978737,0.0,08,23,DET,NYY
2.63,0.4631838,1.53,0.53681624,1.0,08,23,NYM,ARI
1.87,0.48985007,1.99,0.51014996,0.0,08,23,TBD,TOR
1.88,0.4891846,1.98,0.51081544,0.0,08,23,ATL,SEA
2.47,0.4075822,1.6,0.5924178,1.0,08,23,CHW,MIN
1.65,0.59768075,2.35,0.4023193,1.0,08,23,HOU,WSN
1.74,0.55235344,2.17,0.44764662,1.0,08,23,KCR,COL
1.56,0.60013974,2.58,0.39986023,1.0,08,23,STL,SDP
1.62,0.54371953,2.41,0.45628053,0.0,08,23,ANA,TEX
2.27,0.4682558,1.69,0.5317442,0.0,08,24,NYM,ARI
2.25,0.42327124,1.7,0.57672876,0.0,08,24,PHI,FLA
1.89,0.52867156,1.98,0.4713284,1.0,08,24,DET,NYY
1.64,0.61134315,2.38,0.38865685,1.0,08,24,TBD,TOR
1.91,0.51806027,1.96,0.4819397,0.0,08,24,KCR,COL
2.18,0.4044825,1.74,0.59551746,0.0,08,24,PIT,LAD
2.51,0.38209495,1.58,0.6179051,1.0,08,24,CIN,CHC
2.44,0.43229187,1.61,0.56770813,1.0,08,24,CLE,BOS
1.43,0.67005974,3.01,0.32994026,0.0,08,24,STL,SDP
2.59,0.4293081,1.55,0.57069194,1.0,08,24,CHW,MIN
1.71,0.5679131,2.22,0.43208694,0.0,08,24,HOU,WSN
1.66,0.5617495,2.31,0.43825048,0.0,08,24,ANA,TEX
1.57,0.58478624,2.53,0.4152138,0.0,08,25,NYY,SEA
2.91,0.39392442,1.45,0.6060756,1.0,08,25,PHI,CHC
2.22,0.5365656,1.73,0.4634343,0.0,08,25,WSN,NYM
1.51,0.6111126,2.68,0.38888738,0.0,08,25,TOR,MIN
1.58,0.60837597,2.52,0.39162406,0.0,08,25,BOS,BAL
2.01,0.49105474,1.86,0.5089452,1.0,08,25,CIN,PIT
1.74,0.5958593,2.18,0.40414068,1.0,08,25,CLE,KCR
1.81,0.4901872,2.08,0.5098128,1.0,08,25,ATL,COL
2.53,0.47173107,1.58,0.5282689,1.0,08,25,CHW,DET
1.54,0.59424806,2.61,0.40575185,0.0,08,25,STL,TBD
1.38,0.6454329,3.22,0.3545671,1.0,08,25,ARI,SFG
1.7,0.5310951,2.28,0.46890494,1.0,08,25,OAK,TEX
1.89,0.49371982,1.98,0.50628024,0.0,08,25,ANA,HOU
1.55,0.6449987,2.59,0.35500136,1.0,08,25,LAD,MIL
1.49,0.61573774,2.75,0.3842622,1.0,08,26,NYY,SEA
1.78,0.5637475,2.12,0.43625244,1.0,08,26,TOR,MIN
1.72,0.596454,2.2,0.403546,0.0,08,26,BOS,BAL
1.98,0.431856,1.89,0.56814396,1.0,08,26,OAK,TEX
1.48,0.6786061,2.79,0.32139394,1.0,08,26,WSN,NYM
1.87,0.54157704,2.0,0.45842293,0.0,08,26,CIN,PIT
2.75,0.37814936,1.49,0.6218506,0.0,08,26,PHI,CHC
1.88,0.5102191,1.99,0.48978087,0.0,08,26,ATL,COL
1.93,0.602332,1.93,0.39766803,0.0,08,26,CHW,DET
1.63,0.6045644,2.4,0.3954356,1.0,08,26,CLE,KCR
1.75,0.5405811,2.17,0.45941892,1.0,08,26,STL,TBD
1.81,0.5327779,2.08,0.46722206,1.0,08,26,ARI,SFG
1.96,0.49166837,1.91,0.5083316,1.0,08,26,ANA,HOU
1.56,0.65631175,2.57,0.3436882,0.0,08,26,LAD,MIL
1.56,0.6173452,2.58,0.38265485,1.0,08,27,NYY,SEA
1.69,0.5257908,2.27,0.4742092,0.0,08,27,TOR,MIN
1.94,0.50603825,1.93,0.49396175,0.0,08,27,CIN,PIT
1.45,0.65511507,2.95,0.344885,1.0,08,27,CLE,KCR
2.13,0.47176465,1.77,0.5282354,0.0,08,27,ATL,COL
1.64,0.5676052,2.36,0.43239477,0.0,08,27,BOS,BAL
2.48,0.38655794,1.6,0.61344206,1.0,08,27,PHI,CHC
1.59,0.61438066,2.51,0.38561934,0.0,08,27,WSN,NYM
1.95,0.5295448,1.92,0.47045517,1.0,08,27,CHW,DET
2.1,0.56282574,1.8,0.43717423,0.0,08,27,STL,TBD
2.24,0.46587488,1.71,0.5341251,0.0,08,27,ANA,HOU
1.82,0.4721649,2.07,0.52783513,1.0,08,27,OAK,TEX
1.51,0.58015674,2.7,0.4198433,1.0,08,27,ARI,SFG
1.48,0.6861061,2.8,0.3138939,0.0,08,27,LAD,MIL
1.59,0.6152753,2.51,0.38472465,1.0,08,27,WSN,NYM
1.93,0.46011192,1.94,0.53988814,0.0,08,28,NYY,CLE
1.85,0.5437869,2.02,0.45621312,1.0,08,28,BAL,SEA
1.66,0.5567989,2.31,0.4432011,1.0,08,28,PHI,ATL
1.44,0.6596838,2.97,0.34031615,1.0,08,28,WSN,FLA
1.89,0.48533386,1.98,0.5146662,0.0,08,28,TOR,BOS
1.57,0.59756845,2.54,0.40243155,1.0,08,28,CHC,PIT
1.98,0.5576252,1.89,0.44237483,0.0,08,28,KCR,TBD
1.44,0.6030044,2.95,0.39699554,0.0,08,28,COL,DET
1.7,0.60402894,2.24,0.3959711,1.0,08,28,ANA,OAK
1.92,0.5279164,1.95,0.47208366,0.0,08,28,SDP,SFG
1.68,0.56964904,2.3,0.43035096,1.0,08,29,BAL,SEA
1.66,0.5579199,2.32,0.44208008,1.0,08,29,WSN,FLA
3.09,0.3431824,1.41,0.6568175,0.0,08,29,TOR,BOS
1.62,0.52963626,2.4,0.47036374,1.0,08,29,CIN,NYM
1.64,0.5796253,2.38,0.4203746,0.0,08,29,HOU,TEX
2.19,0.47683564,1.74,0.5231644,0.0,08,29,MIL,STL
1.42,0.64886343,3.06,0.3511366,1.0,08,29,CHC,PIT
1.42,0.65810627,3.04,0.3418938,1.0,08,29,MIN,CHW
1.99,0.5034119,1.88,0.49658805,1.0,08,29,KCR,TBD
1.49,0.5509838,2.76,0.4490162,1.0,08,29,COL,DET
2.0,0.40976587,1.87,0.5902341,1.0,08,29,ARI,LAD
1.7,0.6121662,2.25,0.3878338,1.0,08,29,ANA,OAK
1.68,0.5119914,2.29,0.48800856,1.0,08,29,SDP,SFG
1.95,0.5220808,1.92,0.47791922,0.0,08,30,PHI,ATL
1.76,0.48847234,2.13,0.51152766,0.0,08,30,NYY,CLE
1.99,0.5104764,1.88,0.4895236,1.0,08,30,MIL,STL
1.77,0.52768505,2.13,0.47231492,1.0,08,30,BAL,SEA
1.67,0.5321701,2.31,0.4678299,0.0,08,30,COL,DET
1.95,0.5043263,1.92,0.4956737,0.0,08,30,PHI,ATL
1.43,0.63993,2.98,0.36007,1.0,08,30,WSN,FLA
1.76,0.53392476,2.13,0.4660752,0.0,08,30,NYY,CLE
1.46,0.59305453,2.86,0.40694553,0.0,08,30,HOU,TEX
2.16,0.50729907,1.75,0.49270093,0.0,08,30,TOR,BOS
1.6,0.52436966,2.46,0.4756303,0.0,08,30,CIN,NYM
1.5,0.64265764,2.73,0.3573424,1.0,08,30,CHC,PIT
1.37,0.6469428,3.28,0.35305718,1.0,08,30,MIN,CHW
1.76,0.55754584,2.15,0.44245425,0.0,08,30,KCR,TBD
1.64,0.5224206,2.36,0.47757939,1.0,08,30,SDP,SFG
2.12,0.4591066,1.77,0.5408934,1.0,08,30,ARI,LAD
1.68,0.63009375,2.28,0.36990622,1.0,08,30,ANA,OAK
2.24,0.43431738,1.7,0.56568265,1.0,08,31,CIN,NYM
1.57,0.61980903,2.54,0.38019103,1.0,08,31,HOU,TEX
1.62,0.5483724,2.42,0.45162764,1.0,08,31,MIN,CHW
1.97,0.46824118,1.89,0.5317589,1.0,08,31,ARI,LAD
1.61,0.59455985,2.43,0.40544012,0.0,08,31,BAL,TOR
1.69,0.53654295,2.26,0.46345708,1.0,08,31,NYY,BOS
1.41,0.67856765,3.08,0.32143238,1.0,08,31,CHC,ATL
1.76,0.4467489,2.15,0.553251,1.0,08,31,MIL,WSN
2.58,0.43083304,1.55,0.56916696,0.0,08,31,SFG,STL
3.01,0.37725815,1.43,0.6227419,0.0,09,01,DET,CLE
1.45,0.64440364,2.9,0.35559636,1.0,09,01,CHC,ATL
1.49,0.6413084,2.75,0.3586915,1.0,09,01,BAL,TOR
1.55,0.57653004,2.59,0.42346993,0.0,09,01,NYY,BOS
1.87,0.5479617,2.0,0.45203823,0.0,09,01,PIT,CIN
3.01,0.39416885,1.43,0.60583115,0.0,09,01,DET,CLE
2.24,0.56758916,1.7,0.43241087,1.0,09,01,TEX,ANA
2.73,0.44852135,1.5,0.5514787,0.0,09,01,CHW,TBD
1.64,0.49360505,2.37,0.5063949,1.0,09,01,MIL,WSN
1.89,0.534856,1.98,0.46514398,0.0,09,01,MIN,KCR
1.89,0.5213946,1.98,0.47860545,0.0,09,01,COL,ARI
3.48,0.3187414,1.34,0.68125856,0.0,09,01,SDP,LAD
1.71,0.5692661,2.25,0.43073392,1.0,09,01,SEA,OAK
1.98,0.49108943,1.89,0.5089106,0.0,09,01,SFG,STL
1.63,0.5354391,2.39,0.46456093,1.0,09,02,NYY,BOS
1.35,0.65038747,3.38,0.34961247,1.0,09,02,HOU,NYM
1.38,0.65528667,3.22,0.3447133,1.0,09,02,CHC,ATL
2.08,0.38517582,1.81,0.61482424,1.0,09,02,SDP,LAD
1.95,0.45042548,1.9,0.5495745,1.0,09,02,SFG,STL
3.59,0.3161196,1.32,0.6838804,0.0,09,02,DET,CLE
1.87,0.5514129,1.99,0.44858706,0.0,09,02,BAL,TOR
1.73,0.5637049,2.19,0.43629506,1.0,09,02,PIT,CIN
2.71,0.4634828,1.5,0.5365172,1.0,09,02,CHW,TBD
2.72,0.39369258,1.5,0.6063074,0.0,09,02,MIL,WSN
1.71,0.5693096,2.25,0.43069047,1.0,09,02,MIN,KCR
2.1,0.53972363,1.8,0.46027634,0.0,09,02,TEX,ANA
1.76,0.5386396,2.14,0.4613604,0.0,09,02,COL,ARI
1.35,0.6486146,3.38,0.3513854,1.0,09,02,HOU,NYM
1.76,0.5770004,2.16,0.42299962,1.0,09,02,SEA,OAK
2.08,0.3322257,1.81,0.66777426,1.0,09,02,SDP,LAD
2.72,0.4294776,1.5,0.5705224,0.0,09,03,DET,CLE
1.69,0.59129894,2.26,0.4087011,1.0,09,03,BAL,TOR
1.85,0.5773747,2.02,0.4226253,1.0,09,03,PIT,CIN
2.38,0.46886244,1.63,0.53113765,1.0,09,03,CHW,TBD
1.37,0.6628317,3.3,0.33716828,1.0,09,03,HOU,NYM
1.77,0.5137014,2.14,0.4862986,1.0,09,03,MIL,WSN
1.54,0.6346813,2.62,0.36531866,0.0,09,03,MIN,KCR
1.4,0.64598006,3.14,0.35401997,0.0,09,03,CHC,ATL
2.15,0.5344992,1.76,0.4655008,1.0,09,03,TEX,ANA
1.74,0.5077677,2.18,0.49223238,0.0,09,03,COL,ARI
2.04,0.51118267,1.83,0.48881736,0.0,09,03,SFG,STL
1.68,0.58255816,2.29,0.41744187,1.0,09,03,SEA,OAK
2.82,0.36780548,1.47,0.6321945,1.0,09,03,SDP,LAD
2.0,0.47276142,1.87,0.5272386,1.0,09,03,NYY,BOS
2.26,0.44100502,1.7,0.55899495,1.0,09,04,CIN,MIL
2.38,0.50709605,1.64,0.49290398,0.0,09,04,DET,KCR
1.85,0.57478046,2.02,0.42521954,1.0,09,04,NYM,PHI
1.72,0.5576648,2.2,0.44233522,0.0,09,04,BAL,NYY
3.04,0.36290273,1.42,0.63709724,0.0,09,04,CHW,CLE
1.57,0.59262025,2.53,0.40737972,1.0,09,04,COL,SFG
2.55,0.41413182,1.57,0.5858682,1.0,09,04,PIT,CHC
2.3,0.421445,1.68,0.578555,0.0,09,04,OAK,ANA
2.27,0.4222998,1.69,0.5777002,0.0,09,04,SDP,STL
2.2,0.46615902,1.73,0.53384095,0.0,09,04,SEA,HOU
1.59,0.5839539,2.5,0.41604608,0.0,09,04,BOS,TOR
1.76,0.54197717,2.15,0.45802286,1.0,09,04,TBD,MIN
1.83,0.47646084,2.04,0.5235392,0.0,09,04,ATL,TEX
1.59,0.6150497,2.49,0.38495034,0.0,09,04,LAD,ARI
2.45,0.40991813,1.61,0.5900818,1.0,09,05,PIT,CHC
1.5,0.6056778,2.73,0.39432225,1.0,09,05,BOS,TOR
2.22,0.46500137,1.71,0.53499866,1.0,09,05,CIN,MIL
2.06,0.48982444,1.83,0.5101755,1.0,09,05,DET,KCR
1.49,0.644994,2.77,0.35500592,0.0,09,05,NYM,PHI
1.7,0.5569527,2.25,0.4430473,1.0,09,05,TBD,MIN
3.38,0.37194562,1.35,0.6280544,0.0,09,05,CHW,CLE
1.53,0.6070457,2.64,0.3929543,1.0,09,05,COL,SFG
1.99,0.48321667,1.89,0.5167833,1.0,09,05,BAL,NYY
2.28,0.42460454,1.68,0.5753954,0.0,09,05,OAK,ANA
1.67,0.5398485,2.3,0.4601515,0.0,09,05,LAD,ARI
2.38,0.44821283,1.63,0.55178714,0.0,09,05,SDP,STL
2.34,0.41848794,1.65,0.58151203,0.0,09,05,SEA,HOU
1.73,0.5947749,2.19,0.4052251,1.0,09,06,CIN,MIL
1.55,0.5527778,2.58,0.44722217,0.0,09,06,TBD,MIN
2.0,0.4471949,1.88,0.5528051,0.0,09,06,ATL,TEX
2.09,0.4632794,1.8,0.5367207,1.0,09,06,OAK,ANA
2.12,0.4753124,1.78,0.5246876,0.0,09,06,PIT,CHC
1.55,0.61756057,2.58,0.38243946,1.0,09,06,BOS,TOR
2.17,0.49514365,1.75,0.5048564,0.0,09,06,DET,KCR
1.9,0.5680635,1.97,0.43193647,1.0,09,06,NYM,PHI
2.0,0.44070408,1.88,0.5592959,1.0,09,06,ATL,TEX
3.21,0.35111725,1.39,0.64888275,0.0,09,06,CHW,CLE
1.5,0.58522505,2.73,0.4147749,0.0,09,06,COL,SFG
1.52,0.57937664,2.66,0.42062333,0.0,09,06,LAD,ARI
1.72,0.5123081,2.23,0.4876919,0.0,09,06,SDP,STL
2.37,0.43173012,1.65,0.5682699,0.0,09,06,SEA,HOU
1.9,0.51763994,1.97,0.48236004,0.0,09,07,BAL,NYY
2.18,0.46857157,1.74,0.5314284,0.0,09,07,PIT,CHC
1.71,0.643041,2.23,0.3569589,1.0,09,07,WSN,PHI
2.18,0.55287147,1.74,0.44712847,1.0,09,07,NYM,CIN
2.11,0.49801472,1.79,0.5019853,1.0,09,07,ATL,FLA
3.61,0.29143152,1.33,0.70856845,0.0,09,07,CHW,CLE
1.97,0.4920845,1.9,0.5079155,0.0,09,07,KCR,MIN
2.02,0.39516214,1.85,0.6048378,1.0,09,07,SDP,STL
1.31,0.6853024,3.69,0.31469762,0.0,09,07,LAD,COL
1.26,0.73170984,4.1,0.2682901,1.0,09,08,WSN,PHI
1.46,0.6348762,2.84,0.36512372,0.0,09,08,TOR,DET
1.83,0.58786076,2.06,0.41213924,1.0,09,08,BOS,TBD
1.61,0.63705885,2.43,0.36294118,1.0,09,08,CLE,BAL
1.93,0.63158584,1.93,0.3684142,1.0,09,08,NYM,CIN
1.82,0.50570077,2.07,0.49429923,0.0,09,08,ATL,FLA
1.81,0.5865737,2.08,0.41342628,0.0,09,08,CHC,MIL
2.36,0.48585948,1.64,0.5141405,1.0,09,08,TEX,NYY
1.8,0.56391895,2.08,0.43608105,0.0,09,08,CHW,SFG
2.17,0.4597674,1.75,0.5402326,0.0,09,08,KCR,MIN
1.52,0.6067881,2.67,0.3932119,1.0,09,08,STL,PIT
1.43,0.656988,2.98,0.34301195,0.0,09,08,ARI,SDP
2.55,0.3783559,1.57,0.62164414,1.0,09,08,OAK,HOU
1.44,0.6219853,2.95,0.3780147,0.0,09,08,LAD,COL
1.77,0.5231868,2.14,0.47681317,1.0,09,08,SEA,ANA
1.55,0.61882854,2.58,0.3811715,1.0,09,09,CLE,BAL
2.65,0.5071354,1.53,0.4928646,0.0,09,09,TEX,NYY
1.61,0.57270396,2.43,0.42729604,0.0,09,09,CHC,MIL
2.38,0.39115354,1.63,0.6088465,1.0,09,09,OAK,HOU
1.73,0.53139323,2.2,0.46860668,1.0,09,09,TOR,DET
1.58,0.6530605,2.52,0.34693944,0.0,09,09,WSN,PHI
2.01,0.5121162,1.86,0.48788378,1.0,09,09,ATL,FLA
1.36,0.6711864,3.34,0.3288136,1.0,09,09,BOS,TBD
2.22,0.45181984,1.72,0.54818016,1.0,09,09,CHW,SFG
1.94,0.57371473,1.93,0.42628533,1.0,09,09,NYM,CIN
1.95,0.5166575,1.92,0.48334253,1.0,09,09,KCR,MIN
1.52,0.6319477,2.68,0.3680523,1.0,09,09,STL,PIT
2.38,0.40276673,1.63,0.59723324,1.0,09,09,OAK,HOU
1.52,0.6354665,2.67,0.36453342,0.0,09,09,ARI,SDP
1.41,0.62592816,3.07,0.37407178,0.0,09,09,LAD,COL
1.96,0.51001334,1.91,0.4899867,1.0,09,09,SEA,ANA
1.6,0.62252456,2.47,0.3774755,1.0,09,10,TOR,DET
1.65,0.6252635,2.35,0.3747365,0.0,09,10,NYM,CIN
1.69,0.51535743,2.28,0.48464254,1.0,09,10,ATL,FLA
1.68,0.56893325,2.29,0.4310667,0.0,09,10,BOS,TBD
1.42,0.70479167,3.07,0.2952083,1.0,09,10,WSN,PHI
2.44,0.44914815,1.61,0.5508518,1.0,09,10,CHW,SFG
1.74,0.532422,2.17,0.46757802,1.0,09,10,KCR,MIN
1.6,0.60684896,2.45,0.39315102,1.0,09,10,STL,PIT
1.63,0.6067938,2.39,0.39320612,0.0,09,10,CHC,MIL
2.09,0.513094,1.8,0.486906,0.0,09,10,TEX,NYY
2.58,0.4118367,1.55,0.5881634,1.0,09,10,OAK,HOU
1.41,0.67164046,3.08,0.32835954,1.0,09,10,ARI,SDP
1.42,0.640934,3.03,0.35906604,0.0,09,10,LAD,COL
1.78,0.5471165,2.11,0.45288348,0.0,09,10,SEA,ANA
1.5,0.64623547,2.73,0.3537646,1.0,09,10,CLE,BAL
2.02,0.55949694,1.85,0.44050303,1.0,09,11,TOR,BAL
1.24,0.7017469,4.35,0.2982531,1.0,09,11,CLE,DET
2.25,0.41764358,1.7,0.58235645,0.0,09,11,TBD,NYY
1.62,0.62024933,2.42,0.3797507,0.0,09,11,MIL,PIT
1.75,0.5985097,2.16,0.4014902,1.0,09,11,TEX,SEA
1.56,0.6117013,2.57,0.3882987,0.0,09,11,KCR,CHW
1.51,0.6332176,2.72,0.3667824,0.0,09,11,ARI,COL
2.76,0.3980353,1.49,0.6019647,1.0,09,11,SFG,LAD
1.52,0.61057115,2.66,0.38942885,1.0,09,12,KCR,CHW
2.05,0.4428995,1.83,0.5571005,1.0,09,12,PHI,FLA
1.58,0.6708443,2.51,0.3291557,0.0,09,12,WSN,ATL
2.0,0.45430782,1.87,0.54569215,1.0,09,12,TOR,BAL
1.57,0.6145747,2.54,0.38542533,1.0,09,12,BOS,OAK
1.22,0.74161994,4.69,0.25838003,1.0,09,12,CLE,DET
2.21,0.41605273,1.72,0.58394724,1.0,09,12,TBD,NYY
1.89,0.53392595,1.98,0.46607402,1.0,09,12,MIL,PIT
1.31,0.6569993,3.71,0.34300074,1.0,09,12,CHC,NYM
1.87,0.6144091,1.99,0.3855909,0.0,09,12,TEX,SEA
1.59,0.63706964,2.5,0.36293033,1.0,09,12,MIN,SDP
1.61,0.65810174,2.43,0.34189835,1.0,09,12,STL,CIN
1.81,0.55676603,2.08,0.44323394,0.0,09,12,ARI,COL
1.95,0.4864037,1.92,0.5135963,0.0,09,12,ANA,HOU
3.35,0.35140923,1.36,0.64859074,0.0,09,12,SFG,LAD
1.32,0.7054219,3.62,0.29457805,1.0,09,13,CLE,DET
1.77,0.4878562,2.13,0.51214385,0.0,09,13,TBD,NYY
1.66,0.5392274,2.32,0.4607726,0.0,09,13,KCR,CHW
1.52,0.6417154,2.67,0.3582846,0.0,09,13,BOS,OAK
1.66,0.5202665,2.33,0.4797335,1.0,09,13,PHI,FLA
1.31,0.6953195,3.68,0.30468053,0.0,09,13,WSN,ATL
1.81,0.5398251,2.09,0.4601749,0.0,09,13,TOR,BAL
1.33,0.6300072,3.55,0.36999273,1.0,09,13,CHC,NYM
1.92,0.5548202,1.94,0.44517976,0.0,09,13,TEX,SEA
1.61,0.66234064,2.43,0.3376594,1.0,09,13,MIL,PIT
1.66,0.60677207,2.32,0.3932279,1.0,09,13,MIN,SDP
1.65,0.61831695,2.34,0.38168314,0.0,09,13,STL,CIN
1.7,0.53869814,2.26,0.46130195,1.0,09,13,ARI,COL
3.06,0.37641975,1.42,0.6235803,0.0,09,13,SFG,LAD
1.83,0.53417945,2.05,0.46582052,1.0,09,13,ANA,HOU
1.82,0.56297976,2.07,0.43702018,0.0,09,14,DET,CHW
1.45,0.6374626,2.92,0.36253732,1.0,09,14,BOS,OAK
1.45,0.6925615,2.92,0.30743852,1.0,09,14,STL,CIN
1.55,0.589032,2.59,0.41096798,1.0,09,14,ARI,COL
1.5,0.6347658,2.73,0.36523414,1.0,09,14,NYY,BAL
1.81,0.45271012,2.1,0.5472899,1.0,09,14,PHI,FLA
1.71,0.62260747,2.23,0.37739253,1.0,09,14,WSN,ATL
1.56,0.64397067,2.57,0.35602936,1.0,09,14,CLE,KCR
1.46,0.6019747,2.85,0.39802533,1.0,09,14,CHC,NYM
1.96,0.56121796,1.91,0.438782,0.0,09,14,TEX,SEA
1.7,0.6210881,2.26,0.37891188,1.0,09,14,MIN,TOR
2.22,0.4907614,1.72,0.50923854,0.0,09,14,ANA,HOU
1.81,0.5315061,2.07,0.46849385,1.0,09,15,CHC,STL
1.29,0.65189004,3.81,0.34810993,1.0,09,15,NYY,BAL
1.78,0.51604253,2.11,0.4839574,0.0,09,15,PHI,OAK
2.32,0.45254427,1.66,0.5474557,0.0,09,15,WSN,LAD
1.75,0.494113,2.17,0.505887,1.0,09,15,CIN,PIT
1.47,0.6757794,2.83,0.32422057,0.0,09,15,CLE,KCR
1.84,0.5104432,2.04,0.48955688,1.0,09,15,DET,CHW
2.82,0.39386547,1.47,0.6061345,0.0,09,15,TBD,BOS
1.8,0.5652628,2.09,0.43473718,1.0,09,15,ATL,NYM
1.78,0.5224667,2.12,0.4775332,1.0,09,15,HOU,SEA
2.0,0.5080186,1.86,0.49198133,0.0,09,15,MIN,TOR
1.64,0.6196913,2.38,0.38030872,1.0,09,15,COL,SDP
1.48,0.5977614,2.81,0.40223858,1.0,09,15,ANA,TEX
2.38,0.41934922,1.63,0.58065075,0.0,09,15,SFG,ARI
1.5,0.6004901,2.72,0.39950994,1.0,09,16,HOU,SEA
2.41,0.45942748,1.62,0.5405725,0.0,09,16,WSN,LAD
1.66,0.6138755,2.33,0.38612452,1.0,09,16,CHC,STL
1.53,0.6229767,2.64,0.3770233,1.0,09,16,NYY,BAL
1.67,0.5437842,2.32,0.45621583,1.0,09,16,CIN,PIT
1.43,0.6899176,2.98,0.3100823,1.0,09,16,CLE,KCR
1.93,0.5322508,1.93,0.46774924,0.0,09,16,DET,CHW
1.75,0.5189019,2.17,0.48109812,0.0,09,16,TBD,BOS
1.96,0.5154789,1.91,0.48452103,1.0,09,16,PHI,OAK
2.02,0.5144121,1.85,0.4855879,0.0,09,16,ATL,NYM
1.81,0.5613704,2.08,0.43862966,0.0,09,16,MIN,TOR
1.46,0.6376982,2.85,0.36230183,1.0,09,16,COL,SDP
2.26,0.42271292,1.69,0.5772871,0.0,09,16,SFG,ARI
1.75,0.5284931,2.16,0.47150695,1.0,09,16,ANA,TEX
1.41,0.6625714,3.07,0.3374287,0.0,09,17,NYY,BAL
1.97,0.49636573,1.9,0.5036342,1.0,09,17,CIN,PIT
1.39,0.7098161,3.18,0.29018393,1.0,09,17,CLE,KCR
1.79,0.56648356,2.1,0.43351644,1.0,09,17,DET,CHW
2.19,0.43834898,1.74,0.56165105,1.0,09,17,TBD,BOS
1.58,0.6048943,2.52,0.39510572,0.0,09,17,ATL,NYM
2.06,0.50270426,1.82,0.4972957,0.0,09,17,PHI,OAK
1.43,0.6553774,3.0,0.3446226,1.0,09,17,HOU,SEA
1.72,0.5931623,2.21,0.40683773,1.0,09,17,MIN,TOR
1.53,0.57867086,2.63,0.42132914,1.0,09,17,CHC,STL
1.42,0.63126934,3.0,0.36873066,0.0,09,17,COL,SDP
1.51,0.6008931,2.69,0.3991069,0.0,09,17,ANA,TEX
2.33,0.42486233,1.66,0.5751376,1.0,09,17,SFG,ARI
1.59,0.5884742,2.49,0.4115258,1.0,09,17,WSN,LAD
1.81,0.5358957,2.08,0.46410432,0.0,09,18,BAL,BOS
1.61,0.54680675,2.44,0.45319325,1.0,09,18,NYY,MIN
3.83,0.32181892,1.29,0.67818105,1.0,09,18,PHI,LAD
1.93,0.49716717,1.94,0.50283283,0.0,09,18,PIT,MIL
1.95,0.5100772,1.92,0.48992288,0.0,09,18,DET,OAK
2.25,0.43260834,1.7,0.5673917,1.0,09,18,SDP,ARI
1.59,0.6094357,2.49,0.3905643,1.0,09,19,NYY,MIN
1.91,0.47659382,1.96,0.5234062,0.0,09,19,BAL,BOS
2.47,0.4313496,1.6,0.5686503,1.0,09,19,PHI,LAD
1.91,0.46262684,1.95,0.5373732,0.0,09,19,PIT,MIL
1.56,0.60427487,2.55,0.39572507,1.0,09,19,TOR,KCR
1.96,0.49379903,1.91,0.5062009,0.0,09,19,CIN,STL
2.1,0.48427725,1.79,0.51572275,0.0,09,19,DET,OAK
1.7,0.5047446,2.26,0.4952554,0.0,09,19,TBD,CHC
2.84,0.37950048,1.47,0.62049955,0.0,09,19,ATL,WSN
1.37,0.6614639,3.31,0.33853608,1.0,09,19,HOU,CHW
1.96,0.46816933,1.92,0.5318306,0.0,09,19,ANA,CLE
2.61,0.3577069,1.54,0.64229304,1.0,09,19,SDP,ARI
1.67,0.55931187,2.32,0.44068813,0.0,09,19,SEA,TEX
2.0,0.48057064,1.87,0.5194293,1.0,09,19,SFG,COL
1.32,0.68458056,3.69,0.31541938,1.0,09,20,NYY,MIN
1.98,0.4698348,1.89,0.53016514,0.0,09,20,DET,OAK
2.17,0.45063487,1.75,0.54936516,1.0,09,20,SFG,COL
3.08,0.38005495,1.41,0.61994505,0.0,09,20,BAL,BOS
3.29,0.37696218,1.37,0.62303776,1.0,09,20,PHI,LAD
2.11,0.4932588,1.79,0.5067413,1.0,09,20,PIT,MIL
1.85,0.50064766,2.03,0.4993524,0.0,09,20,TOR,KCR
2.67,0.40283582,1.52,0.5971642,0.0,09,20,CIN,STL
2.01,0.46726143,1.86,0.5327385,1.0,09,20,TBD,CHC
2.41,0.39503658,1.62,0.6049634,0.0,09,20,ATL,WSN
1.27,0.6832316,4.02,0.3167684,1.0,09,20,HOU,CHW
2.46,0.44626546,1.6,0.55373454,0.0,09,20,SDP,ARI
2.0,0.455998,1.87,0.54400194,0.0,09,20,ANA,CLE
1.67,0.53569824,2.32,0.46430176,0.0,09,20,SEA,TEX
2.84,0.41065568,1.47,0.5893443,0.0,09,21,PHI,LAD
1.94,0.46265736,1.93,0.53734267,0.0,09,21,ANA,CLE
2.02,0.56470764,1.86,0.4352923,1.0,09,21,BAL,TBD
1.68,0.5904363,2.29,0.40956378,0.0,09,21,TOR,KCR
2.71,0.41567934,1.5,0.58432066,0.0,09,21,CIN,STL
2.17,0.44722557,1.74,0.5527745,0.0,09,21,DET,MIN
2.29,0.43068737,1.67,0.5693126,1.0,09,21,ATL,WSN
1.32,0.6815423,3.63,0.3184577,0.0,09,21,HOU,CHW
2.16,0.483903,1.75,0.516097,0.0,09,21,MIL,CHC
2.03,0.4521447,1.85,0.5478552,1.0,09,21,SDP,COL
1.61,0.5563369,2.44,0.44366306,0.0,09,21,SEA,TEX
2.16,0.5009521,1.75,0.49904788,0.0,09,22,BAL,TBD
2.34,0.46442094,1.65,0.535579,0.0,09,22,PIT,STL
2.57,0.4383129,1.56,0.5616871,1.0,09,22,TOR,NYY
2.18,0.44788837,1.74,0.55211157,0.0,09,22,CIN,BOS
2.19,0.45140913,1.73,0.54859084,0.0,09,22,DET,MIN
1.87,0.4859848,2.02,0.5140152,1.0,09,22,NYM,WSN
2.02,0.49832597,1.85,0.501674,0.0,09,22,MIL,CHC
1.74,0.55067265,2.18,0.44932735,1.0,09,22,ATL,PHI
2.36,0.5140085,1.64,0.4859915,1.0,09,22,CHW,KCR
1.72,0.62580264,2.23,0.3741973,1.0,09,22,HOU,ANA
1.42,0.6601414,3.02,0.33985856,1.0,09,22,ARI,FLA
1.74,0.56366795,2.18,0.43633202,1.0,09,22,OAK,TEX
1.44,0.6545925,2.95,0.34540752,1.0,09,22,LAD,SFG
2.31,0.4311434,1.67,0.56885666,0.0,09,22,SDP,COL
2.24,0.4469561,1.71,0.5530439,1.0,09,22,SEA,CLE
1.74,0.61388046,2.2,0.38611946,1.0,09,23,HOU,ANA
2.16,0.44252804,1.75,0.55747193,1.0,09,23,MIL,CHC
2.59,0.40308905,1.55,0.59691095,0.0,09,23,TOR,NYY
2.18,0.41100916,1.74,0.58899087,0.0,09,23,CIN,BOS
2.39,0.39013907,1.63,0.60986096,0.0,09,23,SEA,CLE
2.43,0.4129301,1.61,0.5870698,0.0,09,23,DET,MIN
2.0,0.53153104,1.86,0.468469,0.0,09,23,BAL,TBD
1.82,0.4624964,2.06,0.5375036,1.0,09,23,PIT,STL
1.66,0.5947718,2.32,0.40522823,1.0,09,23,ATL,PHI
2.45,0.41285148,1.6,0.58714855,0.0,09,23,CHW,KCR
2.74,0.44422412,1.5,0.5557759,0.0,09,23,NYM,WSN
1.64,0.6182036,2.37,0.3817964,0.0,09,23,ARI,FLA
1.94,0.511363,1.92,0.4886369,1.0,09,23,SDP,COL
1.99,0.48450902,1.88,0.51549095,1.0,09,23,OAK,TEX
1.77,0.6192316,2.14,0.38076833,0.0,09,23,LAD,SFG
2.67,0.4075824,1.52,0.5924176,0.0,09,24,DET,MIN
1.85,0.50454605,2.04,0.4954539,1.0,09,24,TOR,NYY
2.17,0.42010137,1.75,0.5798987,0.0,09,24,CIN,BOS
2.32,0.4118014,1.66,0.5881986,0.0,09,24,NYM,WSN
1.79,0.59491557,2.1,0.40508446,0.0,09,24,ATL,PHI
2.12,0.46970692,1.78,0.5302931,1.0,09,24,BAL,TBD
2.02,0.484798,1.85,0.51520205,1.0,09,24,PIT,STL
2.15,0.543938,1.76,0.45606208,1.0,09,24,CHW,KCR
2.14,0.50176215,1.77,0.4982379,0.0,09,24,MIL,CHC
1.87,0.4962267,1.99,0.5037733,1.0,09,24,OAK,TEX
1.54,0.5806577,2.62,0.4193422,1.0,09,24,ARI,FLA
1.28,0.6951829,3.96,0.3048171,1.0,09,24,LAD,SFG
2.77,0.34153685,1.49,0.6584631,0.0,09,24,SEA,CLE
2.14,0.47329968,1.77,0.5267003,0.0,09,24,SDP,COL
1.56,0.6057466,2.55,0.3942534,0.0,09,24,HOU,ANA
1.48,0.62781453,2.8,0.3721855,1.0,09,25,NYY,KCR
2.06,0.498916,1.85,0.501084,0.0,09,25,NYM,ATL
1.5,0.49703866,2.73,0.50296134,0.0,09,25,PHI,WSN
1.52,0.6848122,2.66,0.3151878,0.0,09,25,BOS,TOR
2.06,0.5325329,1.85,0.46746713,1.0,09,25,NYM,ATL
2.21,0.48395163,1.72,0.5160484,0.0,09,25,TEX,HOU
2.92,0.46325135,1.45,0.53674865,1.0,09,25,CHW,ANA
1.69,0.55610853,2.26,0.44389144,0.0,09,25,STL,CHC
1.59,0.5762561,2.5,0.423744,0.0,09,25,COL,FLA
1.84,0.6492493,2.04,0.3507507,0.0,09,25,ARI,SFG
1.95,0.5125816,1.93,0.48741838,0.0,09,25,OAK,SEA
1.36,0.71035963,3.34,0.28964037,1.0,09,25,LAD,SDP
1.58,0.617704,2.54,0.38229603,1.0,09,26,NYY,TBD
2.67,0.36547607,1.52,0.6345239,1.0,09,26,PHI,WSN
2.02,0.5017536,1.85,0.4982464,1.0,09,26,PIT,BAL
1.45,0.6659082,2.92,0.33409175,0.0,09,26,BOS,TOR
1.54,0.6611668,2.63,0.33883318,0.0,09,26,CLE,MIN
2.09,0.50956494,1.8,0.49043503,1.0,09,26,NYM,ATL
1.62,0.6296779,2.41,0.3703221,1.0,09,26,MIL,CIN
2.03,0.49921224,1.85,0.50078773,1.0,09,26,STL,CHC
2.29,0.48482314,1.68,0.5151769,0.0,09,26,TEX,HOU
2.61,0.47217909,1.55,0.5278209,0.0,09,26,CHW,ANA
1.59,0.61497265,2.5,0.38502732,1.0,09,26,KCR,DET
1.61,0.56492466,2.45,0.43507537,1.0,09,26,COL,FLA
1.4,0.6647029,3.14,0.33529708,1.0,09,26,ARI,SFG
2.05,0.47783142,1.83,0.5221686,0.0,09,26,OAK,SEA
1.42,0.6569524,3.04,0.34304756,1.0,09,26,LAD,SDP
2.91,0.3601817,1.45,0.6398183,0.0,09,27,TEX,HOU
1.48,0.62113065,2.79,0.37886938,1.0,09,27,COL,FLA
1.93,0.50957525,1.93,0.49042472,1.0,09,27,OAK,SEA
1.74,0.57383436,2.19,0.42616567,1.0,09,27,ARI,SFG
1.83,0.50792116,2.06,0.49207884,0.0,09,27,STL,CHC
1.41,0.67716247,3.08,0.32283753,1.0,09,27,NYY,TBD
2.34,0.40480217,1.65,0.5951978,1.0,09,27,PHI,WSN
1.68,0.5225242,2.28,0.47747588,1.0,09,27,PIT,BAL
1.71,0.58238786,2.23,0.41761214,1.0,09,27,BOS,TOR
1.5,0.62743175,2.74,0.37256828,1.0,09,27,CLE,MIN
2.06,0.5064091,1.82,0.49359095,1.0,09,27,NYM,ATL
2.79,0.41493773,1.49,0.5850622,1.0,09,27,CHW,ANA
1.71,0.6277683,2.24,0.37223172,0.0,09,27,MIL,CIN
1.57,0.6173732,2.53,0.3826268,1.0,09,27,KCR,DET
1.39,0.6931157,3.18,0.30688432,1.0,09,27,LAD,SDP
1.36,0.633391,3.41,0.366609,1.0,09,28,CLE,MIN
1.61,0.60358745,2.43,0.39641255,1.0,09,28,MIL,CIN
1.48,0.6395289,2.79,0.36047113,0.0,09,28,NYY,TBD
1.83,0.5663492,2.05,0.43365085,1.0,09,28,WSN,PIT
1.96,0.54905057,1.9,0.4509494,0.0,09,28,BOS,HOU
1.7,0.4569403,2.25,0.54305965,0.0,09,28,STL,CHC
2.1,0.5576977,1.79,0.44230226,0.0,09,28,TEX,OAK
2.03,0.42989767,1.84,0.57010233,1.0,09,28,CHW,ANA
1.49,0.6496376,2.76,0.35036233,0.0,09,28,KCR,DET
1.41,0.6619656,3.07,0.33803442,1.0,09,29,NYY,TOR
1.56,0.6875741,2.57,0.3124259,1.0,09,29,CHC,CIN
1.69,0.5699898,2.25,0.43001023,1.0,09,29,PHI,NYM
1.49,0.6630577,2.75,0.33694232,1.0,09,29,WSN,PIT
2.0,0.48661646,1.87,0.5133836,0.0,09,29,BOS,HOU
1.32,0.7093752,3.59,0.2906248,1.0,09,29,CLE,CHW
1.83,0.57738984,2.05,0.42261016,1.0,09,29,TBD,BAL
1.77,0.5513067,2.14,0.44869322,1.0,09,29,TEX,OAK
2.29,0.47925487,1.68,0.5207451,1.0,09,29,COL,LAD
1.56,0.64355993,2.56,0.35644013,1.0,09,29,MIN,DET
2.37,0.40781415,1.64,0.5921859,1.0,09,29,KCR,ARI
1.98,0.51047564,1.88,0.48952433,0.0,09,29,STL,MIL
1.75,0.5823735,2.16,0.4176265,1.0,09,29,ANA,SEA
1.79,0.57654476,2.1,0.42345524,1.0,09,29,SFG,SDP
1.93,0.51788753,1.94,0.48211238,1.0,09,30,BOS,HOU
1.63,0.60949725,2.38,0.3905028,1.0,09,30,NYY,TOR
1.48,0.6672281,2.8,0.3327719,1.0,09,30,CHC,CIN
1.97,0.4815387,1.9,0.51846135,0.0,09,30,SFG,SDP
1.74,0.575267,2.2,0.42473298,1.0,09,30,STL,MIL
1.5,0.57748413,2.76,0.42251593,1.0,09,30,TBD,BAL
1.8,0.5320544,2.11,0.46794558,0.0,09,30,PHI,NYM
1.36,0.68458164,3.37,0.3154184,0.0,09,30,WSN,PIT
1.26,0.73770595,4.2,0.26229405,0.0,09,30,CLE,CHW
1.5,0.66681075,2.75,0.33318922,0.0,09,30,MIN,DET
1.83,0.49494234,2.05,0.5050577,1.0,09,30,KCR,ARI
1.79,0.5872526,2.1,0.41274735,1.0,09,30,TEX,OAK
2.9,0.40453073,1.46,0.5954693,0.0,09,30,COL,LAD
1.82,0.5582592,2.07,0.4417408,0.0,09,30,ANA,SEA
2.16,0.4667532,1.76,0.5332468,0.0,10,01,BOS,HOU
1.54,0.6760996,2.64,0.32390034,0.0,10,01,NYY,TOR
1.71,0.44579023,2.23,0.55420977,1.0,10,01,PHI,NYM
1.67,0.59320533,2.3,0.40679464,1.0,10,01,SFG,SDP
1.67,0.58396846,2.3,0.41603157,0.0,10,01,TEX,OAK
1.49,0.6528986,2.76,0.34710136,0.0,10,01,WSN,PIT
2.12,0.4964171,1.77,0.50358295,1.0,10,01,ANA,SEA
1.47,0.6809267,2.87,0.31907338,1.0,10,01,CLE,CHW
2.31,0.5161463,1.68,0.48385376,0.0,10,01,COL,LAD
1.64,0.6129933,2.38,0.3870067,1.0,10,01,MIN,DET
1.82,0.5464676,2.06,0.45353243,1.0,10,01,TBD,BAL
2.12,0.45309812,1.78,0.5469019,0.0,10,01,KCR,ARI
1.77,0.564683,2.15,0.43531695,0.0,10,01,STL,MIL
1.54,0.6781816,2.63,0.32181835,0.0,10,01,CHC,CIN
