1.56,0.8403636,2.55,0.15963633,1.0,05,28
1.57,0.7220454,2.53,0.2779546,0.0,05,28
1.78,0.7396293,2.12,0.2603707,1.0,05,28
1.51,0.7495959,2.7,0.25040415,0.0,05,28
2.05,0.64662194,1.83,0.35337803,0.0,05,28
1.67,0.7876187,2.29,0.21238127,0.0,05,28
2.0,0.57068545,1.87,0.4293146,1.0,05,28
1.43,0.7290537,2.96,0.27094638,1.0,05,28
1.79,0.6172413,2.1,0.38275877,1.0,05,28
1.93,0.4583207,1.93,0.54167926,0.0,05,28
1.77,0.48561594,2.13,0.5143841,1.0,05,28
1.49,0.6938276,2.75,0.3061723,1.0,05,28
1.61,0.7603704,2.42,0.23962961,1.0,05,28
1.82,0.60504353,2.06,0.3949565,0.0,05,28
1.9,0.61982626,1.96,0.3801737,1.0,05,29
2.5,0.4304867,1.58,0.56951326,1.0,05,29
2.04,0.35364679,1.83,0.64635324,0.0,05,29
1.9,0.49418268,1.96,0.5058173,0.0,05,29
1.67,0.69214004,2.3,0.30785996,0.0,05,29
1.94,0.4461949,1.92,0.5538051,0.0,05,29
1.96,0.69714594,1.9,0.302854,1.0,05,29
1.37,0.83075494,3.29,0.169245,1.0,05,29
1.72,0.44837663,2.2,0.55162334,1.0,05,29
2.9,0.4017297,1.45,0.59827036,1.0,05,29
1.93,0.6381441,1.93,0.36185592,0.0,05,29
1.47,0.7743028,2.82,0.22569726,1.0,05,29
1.74,0.7131643,2.18,0.28683567,0.0,05,29
1.83,0.64736235,2.05,0.35263762,0.0,05,29
1.6,0.79572153,2.46,0.2042784,1.0,05,30
2.05,0.46930772,1.83,0.53069234,0.0,05,30
2.41,0.5470818,1.62,0.45291817,0.0,05,30
1.81,0.66881233,2.07,0.3311877,0.0,05,30
1.49,0.7671044,2.73,0.2328956,1.0,05,30
1.69,0.6887841,2.26,0.3112159,0.0,05,30
1.78,0.4386018,2.12,0.56139827,1.0,05,30
1.96,0.73621947,1.9,0.2637806,1.0,05,30
2.5,0.41005,1.58,0.58994997,0.0,05,30
1.89,0.28965667,1.96,0.71034336,0.0,05,30
2.18,0.63796335,1.73,0.36203668,1.0,05,30
1.8,0.47229344,2.08,0.52770656,0.0,05,30
1.79,0.6914099,2.1,0.30859014,1.0,05,30
2.26,0.49857104,1.69,0.5014289,1.0,05,30
1.92,0.64016587,1.93,0.35983413,0.0,05,31
1.8,0.7121463,2.08,0.28785372,1.0,05,31
2.28,0.29905224,1.69,0.70094776,0.0,05,31
2.94,0.43553686,1.44,0.5644631,1.0,05,31
1.62,0.76332855,2.41,0.2366715,0.0,05,31
1.87,0.5574806,1.99,0.44251943,1.0,05,31
1.48,0.38471672,2.76,0.61528325,0.0,05,31
2.23,0.71575934,1.71,0.28424066,0.0,05,31
2.27,0.43060195,1.69,0.56939805,0.0,05,31
1.85,0.6963775,2.02,0.3036225,0.0,05,31
1.79,0.57482433,2.11,0.42517567,1.0,05,31
1.81,0.6705254,2.07,0.32947466,1.0,05,31
1.55,0.57579666,2.59,0.42420328,1.0,05,31
2.48,0.4073022,1.59,0.59269786,0.0,05,31
1.45,0.8083084,2.92,0.19169159,1.0,06,01
1.71,0.37019098,2.24,0.629809,0.0,06,01
1.97,0.53975636,1.9,0.4602437,1.0,06,01
1.82,0.53065467,2.06,0.46934527,0.0,06,01
2.08,0.60931414,1.8,0.3906859,1.0,06,01
1.67,0.57097876,2.3,0.42902124,0.0,06,01
1.86,0.46758622,2.01,0.5324138,0.0,06,01
1.54,0.5030969,2.61,0.49690315,1.0,06,02
2.14,0.62638396,1.77,0.37361607,1.0,06,02
1.8,0.68802154,2.09,0.3119784,0.0,06,02
2.08,0.55867183,1.8,0.44132817,1.0,06,02
1.84,0.5139218,2.04,0.48607823,1.0,06,02
1.52,0.7616344,2.67,0.23836562,1.0,06,02
1.88,0.58763146,1.99,0.41236854,0.0,06,02
2.07,0.6243372,1.81,0.37566283,0.0,06,02
2.83,0.4504765,1.47,0.5495236,0.0,06,02
2.0,0.35583404,1.87,0.64416593,1.0,06,02
2.26,0.4146059,1.69,0.5853941,0.0,06,02
1.79,0.4980776,2.11,0.5019224,0.0,06,02
2.01,0.35831735,1.86,0.6416826,1.0,06,02
2.04,0.72456086,1.84,0.27543905,1.0,06,02
1.67,0.5414251,2.3,0.45857486,0.0,06,03
2.6,0.30867058,1.54,0.69132936,1.0,06,03
1.66,0.54521585,2.33,0.45478415,1.0,06,03
1.89,0.46243587,1.98,0.5375641,1.0,06,03
2.26,0.6845263,1.7,0.31547368,1.0,06,03
1.56,0.5252483,2.56,0.47475174,0.0,06,03
1.73,0.69357115,2.19,0.30642882,1.0,06,03
2.4,0.49210608,1.63,0.50789386,0.0,06,03
1.96,0.34629187,1.9,0.65370816,0.0,06,03
2.07,0.60346943,1.81,0.3965305,0.0,06,03
1.7,0.6440872,2.24,0.35591286,1.0,06,03
2.52,0.6022577,1.57,0.39774233,0.0,06,03
1.93,0.4597898,1.93,0.5402102,1.0,06,03
1.93,0.73883206,1.94,0.261168,1.0,06,03
1.86,0.59887314,2.01,0.40112683,1.0,06,04
1.86,0.4775109,2.01,0.5224891,0.0,06,04
1.39,0.7712552,3.18,0.22874479,1.0,06,04
1.81,0.59873956,2.07,0.40126047,0.0,06,04
2.65,0.57245874,1.52,0.4275412,0.0,06,04
1.96,0.7180673,1.9,0.28193268,1.0,06,04
2.26,0.55626214,1.69,0.44373783,1.0,06,04
2.21,0.33539334,1.72,0.66460663,0.0,06,04
2.25,0.64884764,1.7,0.35115236,0.0,06,04
2.16,0.45175,1.75,0.54825,0.0,06,04
1.97,0.43917817,1.88,0.56082183,0.0,06,04
1.74,0.73138016,2.17,0.26861984,1.0,06,04
2.28,0.32769567,1.69,0.67230433,0.0,06,04
1.57,0.5641852,2.54,0.43581477,1.0,06,04
2.35,0.3530601,1.65,0.6469399,1.0,06,05
1.75,0.64840287,2.14,0.35159713,0.0,06,05
2.1,0.70745367,1.79,0.2925463,0.0,06,05
1.82,0.5624771,2.06,0.43752283,1.0,06,05
2.2,0.5092858,1.72,0.4907142,0.0,06,05
1.71,0.61417633,2.22,0.3858237,0.0,06,05
1.96,0.63730323,1.9,0.36269674,1.0,06,05
1.79,0.74237674,2.11,0.25762323,1.0,06,06
1.78,0.66264206,2.11,0.3373579,0.0,06,06
2.16,0.40903512,1.74,0.59096485,1.0,06,06
1.68,0.7407909,2.29,0.25920907,0.0,06,06
1.55,0.7592102,2.57,0.24078979,0.0,06,06
1.95,0.672981,1.91,0.327019,0.0,06,06
1.83,0.7222656,2.05,0.2777344,1.0,06,06
1.48,0.65119475,2.78,0.34880525,1.0,06,06
2.2,0.68382955,1.73,0.31617048,1.0,06,06
2.15,0.5187832,1.76,0.48121676,1.0,06,06
1.97,0.37683436,1.89,0.6231657,1.0,06,06
1.6,0.84651655,2.45,0.15348352,1.0,06,06
2.11,0.59444016,1.79,0.40555978,1.0,06,06
1.98,0.5859482,1.89,0.41405177,0.0,06,06
1.5,0.5644677,2.73,0.43553227,1.0,06,06
1.98,0.37041354,1.89,0.6295865,1.0,06,07
1.59,0.6659775,2.49,0.33402252,1.0,06,07
2.0,0.59185505,1.87,0.4081449,0.0,06,07
1.65,0.76833844,2.35,0.2316615,1.0,06,07
1.9,0.69315183,1.95,0.30684817,1.0,06,07
1.95,0.4081014,1.91,0.59189856,1.0,06,07
1.73,0.75919974,2.19,0.24080026,1.0,06,07
1.55,0.768191,2.59,0.231809,1.0,06,07
1.76,0.7112504,2.14,0.28874952,1.0,06,07
1.49,0.60658956,2.76,0.39341044,0.0,06,07
1.67,0.7158867,2.31,0.28411332,0.0,06,07
1.82,0.68049496,2.06,0.319505,1.0,06,07
2.42,0.47643685,1.62,0.5235632,1.0,06,07
1.46,0.85403,2.85,0.14596997,1.0,06,07
1.94,0.5077105,1.94,0.49228957,1.0,06,07
1.98,0.44087586,1.88,0.5591242,1.0,06,08
1.51,0.76157117,2.69,0.23842888,0.0,06,08
2.02,0.60302126,1.85,0.39697877,0.0,06,08
1.72,0.8256547,2.21,0.17434525,1.0,06,08
1.79,0.6773989,2.1,0.3226011,1.0,06,08
1.71,0.6117485,2.23,0.38825148,0.0,06,08
1.62,0.7837157,2.42,0.21628422,1.0,06,08
1.55,0.76023465,2.59,0.23976533,1.0,06,08
1.81,0.7058131,2.06,0.29418686,1.0,06,08
1.52,0.48079133,2.67,0.5192087,0.0,06,08
2.66,0.4257506,1.52,0.5742494,0.0,06,08
1.86,0.47369912,2.01,0.5263009,0.0,06,08
1.7,0.47030684,2.26,0.5296932,0.0,06,09
1.78,0.57612705,2.11,0.42387298,0.0,06,09
1.55,0.7674745,2.57,0.23252557,0.0,06,09
1.74,0.7725391,2.18,0.22746086,1.0,06,09
1.34,0.7831329,3.47,0.21686707,1.0,06,09
1.75,0.7701558,2.17,0.2298442,1.0,06,09
2.04,0.55573475,1.83,0.44426528,1.0,06,09
1.6,0.8079756,2.46,0.19202435,1.0,06,09
1.57,0.6723734,2.51,0.32762656,0.0,06,09
1.53,0.7140439,2.63,0.28595605,1.0,06,09
1.68,0.6103592,2.28,0.38964084,0.0,06,09
1.48,0.8665543,2.8,0.13344568,1.0,06,09
1.83,0.68345577,2.05,0.3165443,1.0,06,09
2.09,0.6556553,1.8,0.34434465,1.0,06,09
1.78,0.3499427,2.13,0.65005726,0.0,06,09
1.6,0.7423263,2.46,0.25767368,0.0,06,10
2.11,0.5116727,1.83,0.48832732,0.0,06,10
1.87,0.7899174,1.99,0.21008258,1.0,06,10
1.4,0.77367866,3.12,0.22632127,1.0,06,10
1.71,0.4538363,2.22,0.5461637,0.0,06,10
2.02,0.6303713,1.85,0.36962876,1.0,06,10
1.64,0.43858165,2.37,0.5614184,0.0,06,10
1.52,0.70671225,2.67,0.29328775,1.0,06,10
2.04,0.61859584,1.84,0.38140416,0.0,06,10
2.11,0.46077996,1.83,0.53922004,0.0,06,10
1.87,0.73219764,1.99,0.26780242,0.0,06,10
1.51,0.77057344,2.69,0.22942658,1.0,06,10
1.42,0.758734,3.0,0.24126598,0.0,06,10
1.38,0.8072264,3.23,0.1927736,1.0,06,10
1.68,0.61958766,2.29,0.3804123,1.0,06,10
1.43,0.8413791,2.99,0.1586209,1.0,06,10
2.09,0.62240386,1.8,0.37759614,0.0,06,10
1.58,0.78861874,2.52,0.21138126,1.0,06,11
1.52,0.78773904,2.66,0.21226092,1.0,06,11
1.48,0.8006035,2.79,0.19939649,1.0,06,11
1.7,0.4723622,2.26,0.5276378,0.0,06,11
1.58,0.68039906,2.51,0.31960094,1.0,06,11
1.54,0.66212946,2.61,0.3378706,0.0,06,11
1.7,0.73235244,2.24,0.26764756,1.0,06,11
1.45,0.51895803,2.9,0.481042,1.0,06,11
1.8,0.40581328,2.1,0.5941868,1.0,06,11
1.37,0.76705134,3.33,0.2329486,0.0,06,11
1.67,0.65903723,2.3,0.34096274,1.0,06,11
1.56,0.8265011,2.58,0.17349891,1.0,06,11
1.64,0.6567162,2.36,0.34328374,0.0,06,11
1.88,0.6133538,1.99,0.38664624,0.0,06,11
1.62,0.7401927,2.41,0.25980723,0.0,06,11
1.8,0.49682915,2.07,0.5031708,1.0,06,12
1.4,0.7356418,3.13,0.2643582,0.0,06,12
1.41,0.77180713,3.07,0.22819284,1.0,06,12
1.75,0.59686047,2.16,0.40313956,1.0,06,12
2.01,0.5525571,1.86,0.44744286,1.0,06,12
1.81,0.59647906,2.07,0.4035209,0.0,06,12
1.79,0.5540098,2.1,0.44599023,0.0,06,12
2.22,0.46614182,1.71,0.5338581,0.0,06,12
1.8,0.6577665,2.09,0.3422335,1.0,06,12
1.63,0.5232601,2.36,0.4767399,1.0,06,13
1.84,0.47842517,2.02,0.52157485,1.0,06,13
1.52,0.74504435,2.69,0.25495562,1.0,06,13
1.65,0.71315575,2.33,0.28684422,0.0,06,13
1.35,0.7880373,3.38,0.2119627,1.0,06,13
2.58,0.53630203,1.56,0.46369797,0.0,06,13
1.97,0.5706956,1.89,0.42930442,0.0,06,13
2.16,0.5182385,1.74,0.48176157,0.0,06,13
2.08,0.5670796,1.8,0.4329204,1.0,06,13
1.52,0.66945994,2.66,0.33054006,0.0,06,13
1.96,0.58312804,1.9,0.416872,1.0,06,13
1.63,0.46325272,2.36,0.5367473,0.0,06,13
2.09,0.4927086,1.8,0.5072914,1.0,06,13
1.88,0.65075177,1.98,0.34924823,1.0,06,13
1.88,0.6751481,1.99,0.32485187,0.0,06,13
1.76,0.71592194,2.14,0.28407797,1.0,06,14
1.59,0.73100346,2.47,0.26899663,0.0,06,14
1.57,0.74048877,2.52,0.25951117,0.0,06,14
2.06,0.52910954,1.82,0.47089046,0.0,06,14
1.97,0.43048066,1.89,0.5695194,0.0,06,14
1.68,0.71221864,2.28,0.28778133,1.0,06,14
1.73,0.6198179,2.2,0.38018215,0.0,06,14
1.8,0.60308135,2.08,0.3969187,0.0,06,14
2.07,0.5718085,1.81,0.4281915,1.0,06,14
2.16,0.5444102,1.74,0.45558977,0.0,06,14
1.69,0.6607869,2.26,0.33921304,1.0,06,14
1.74,0.5862721,2.18,0.41372785,0.0,06,14
1.56,0.5093687,2.56,0.49063125,0.0,06,14
2.32,0.5106791,1.66,0.48932084,1.0,06,14
1.98,0.6069016,1.88,0.39309844,1.0,06,15
1.74,0.5550128,2.17,0.44498718,1.0,06,15
2.05,0.61874145,1.82,0.38125852,1.0,06,15
3.23,0.5091195,1.38,0.49088052,1.0,06,15
1.62,0.6989393,2.4,0.3010607,1.0,06,15
2.08,0.38040912,1.8,0.61959094,0.0,06,15
1.69,0.4743543,2.26,0.52564573,0.0,06,15
1.57,0.71426,2.52,0.28573996,1.0,06,15
1.95,0.504944,1.91,0.4950559,1.0,06,15
1.85,0.70926625,2.01,0.2907338,0.0,06,15
2.29,0.354129,1.68,0.64587104,0.0,06,16
2.15,0.61827254,1.76,0.38172743,0.0,06,16
1.8,0.62453187,2.09,0.37546813,0.0,06,16
1.96,0.6329203,1.91,0.36707973,0.0,06,16
1.48,0.73606855,2.78,0.2639315,0.0,06,16
2.43,0.41324902,1.61,0.5867509,0.0,06,16
1.76,0.68232214,2.14,0.3176779,1.0,06,16
1.88,0.52315027,1.99,0.47684968,0.0,06,16
2.02,0.76188904,1.85,0.23811091,1.0,06,16
1.76,0.517461,2.14,0.48253906,0.0,06,16
1.63,0.74473906,2.38,0.25526094,1.0,06,16
2.35,0.26457244,1.65,0.7354276,0.0,06,16
1.83,0.67301637,2.03,0.32698366,1.0,06,16
2.11,0.5441665,1.78,0.4558335,1.0,06,16
1.87,0.7030966,1.99,0.2969033,0.0,06,16
1.42,0.77057445,3.03,0.22942561,0.0,06,17
2.1,0.283285,1.83,0.7167149,0.0,06,17
1.52,0.7049231,2.66,0.2950769,1.0,06,17
1.86,0.7122507,2.0,0.28774935,1.0,06,17
2.05,0.5143327,1.83,0.48566726,1.0,06,17
2.1,0.602437,1.8,0.39756298,0.0,06,17
1.85,0.5684174,2.02,0.43158266,1.0,06,17
2.33,0.45811754,1.66,0.54188246,0.0,06,17
1.97,0.6625068,1.89,0.33749318,0.0,06,17
1.61,0.71968246,2.43,0.28031752,0.0,06,17
2.5,0.35088682,1.58,0.6491132,0.0,06,17
1.74,0.76466686,2.18,0.23533319,1.0,06,17
2.1,0.28650331,1.83,0.71349674,0.0,06,17
1.71,0.74260145,2.22,0.25739855,1.0,06,17
1.85,0.5216947,2.02,0.4783053,1.0,06,17
2.1,0.6432525,1.78,0.35674748,1.0,06,17
1.46,0.791794,2.86,0.20820592,1.0,06,18
2.54,0.44840157,1.57,0.55159837,0.0,06,18
1.92,0.6363479,1.94,0.36365214,0.0,06,18
1.77,0.413478,2.13,0.58652204,1.0,06,18
1.91,0.55084246,1.95,0.4491575,1.0,06,18
1.94,0.7042356,1.92,0.29576436,1.0,06,18
2.56,0.588585,1.56,0.411415,0.0,06,18
1.88,0.6458739,1.99,0.35412607,0.0,06,18
1.64,0.71962637,2.37,0.28037372,1.0,06,18
2.3,0.28851217,1.68,0.7114878,0.0,06,18
1.5,0.7652724,2.72,0.23472767,0.0,06,18
1.54,0.71093816,2.6,0.28906184,1.0,06,18
1.96,0.6523509,1.9,0.34764907,0.0,06,18
2.2,0.49930847,1.72,0.50069153,1.0,06,18
1.81,0.49916375,2.06,0.5008362,0.0,06,18
2.46,0.418788,1.6,0.581212,0.0,06,19
1.66,0.77588075,2.32,0.22411922,0.0,06,19
2.21,0.59624565,1.72,0.40375435,1.0,06,19
2.1,0.6302728,1.78,0.3697272,0.0,06,19
1.45,0.7984241,2.89,0.20157592,1.0,06,19
2.06,0.6240323,1.83,0.37596765,0.0,06,19
1.95,0.59285134,1.91,0.4071487,1.0,06,19
1.7,0.7484643,2.26,0.2515357,1.0,06,19
2.41,0.39953434,1.61,0.6004657,0.0,06,19
1.32,0.804007,3.59,0.19599296,1.0,06,19
2.31,0.45198438,1.66,0.54801565,1.0,06,20
1.33,0.7970347,3.51,0.20296541,0.0,06,20
2.4,0.5938871,1.63,0.4061129,0.0,06,20
1.67,0.8293708,2.31,0.17062923,1.0,06,20
1.87,0.6087573,1.99,0.39124265,0.0,06,20
1.81,0.6452617,2.07,0.3547383,0.0,06,20
1.51,0.765055,2.69,0.23494492,1.0,06,20
2.13,0.6293642,1.76,0.37063575,1.0,06,20
1.56,0.6382628,2.55,0.36173716,1.0,06,20
2.68,0.47497877,1.52,0.5250212,0.0,06,20
1.83,0.60015875,2.04,0.39984125,1.0,06,20
1.46,0.78312737,2.86,0.2168727,1.0,06,20
1.91,0.41388184,1.95,0.58611816,0.0,06,20
1.79,0.7398634,2.11,0.26013657,1.0,06,20
1.89,0.80719835,1.98,0.19280165,1.0,06,21
2.22,0.5545894,1.71,0.44541064,1.0,06,21
1.49,0.74847674,2.76,0.25152323,0.0,06,21
2.57,0.400029,1.55,0.599971,0.0,06,21
1.46,0.8174798,2.85,0.1825202,1.0,06,21
2.17,0.59733385,1.74,0.4026661,0.0,06,21
2.13,0.613719,1.77,0.38628098,1.0,06,21
1.85,0.6601266,2.02,0.3398734,0.0,06,21
1.79,0.67918813,2.1,0.3208119,1.0,06,21
1.53,0.58695394,2.65,0.41304615,1.0,06,21
1.68,0.5768791,2.3,0.42312083,0.0,06,21
1.43,0.77831995,3.0,0.22168006,1.0,06,21
2.01,0.45712134,1.87,0.5428787,0.0,06,21
1.72,0.7235802,2.22,0.27641988,1.0,06,21
2.26,0.5707654,1.69,0.4292347,1.0,06,22
2.01,0.5315946,1.86,0.4684054,0.0,06,22
2.03,0.6433892,1.84,0.35661072,1.0,06,22
1.77,0.64380217,2.13,0.35619786,1.0,06,22
1.69,0.5823123,2.27,0.41768774,0.0,06,22
1.93,0.4448318,1.93,0.5551683,0.0,06,22
2.15,0.41504022,1.76,0.5849598,0.0,06,22
1.37,0.80390036,3.28,0.19609964,0.0,06,22
1.57,0.65705353,2.54,0.3429465,1.0,06,22
1.57,0.72360694,2.53,0.27639306,1.0,06,22
1.71,0.73869926,2.23,0.26130074,1.0,06,22
1.39,0.8058712,3.19,0.1941288,1.0,06,23
1.6,0.74916095,2.47,0.2508391,1.0,06,23
1.59,0.5682397,2.48,0.4317603,0.0,06,23
1.43,0.8331479,2.97,0.16685212,1.0,06,23
1.92,0.40538904,1.94,0.5946109,1.0,06,23
1.99,0.736935,1.87,0.263065,0.0,06,23
2.23,0.5081083,1.71,0.4918917,1.0,06,23
1.88,0.63917655,1.98,0.36082348,0.0,06,23
1.83,0.73467076,2.05,0.26532927,1.0,06,23
1.54,0.8516694,2.63,0.1483306,0.0,06,23
1.43,0.6959689,2.97,0.30403104,1.0,06,23
2.1,0.5698628,1.79,0.43013722,1.0,06,23
1.93,0.5805841,1.94,0.41941586,1.0,06,23
1.82,0.45865816,2.07,0.54134184,0.0,06,23
1.62,0.741032,2.41,0.25896806,0.0,06,24
1.98,0.73214054,1.89,0.26785943,0.0,06,24
2.03,0.5783659,1.84,0.4216341,1.0,06,24
1.66,0.7649445,2.32,0.23505548,1.0,06,24
1.9,0.43380556,1.96,0.56619436,1.0,06,24
1.36,0.5918335,3.36,0.40816653,0.0,06,24
1.61,0.78295016,2.45,0.2170498,0.0,06,24
1.6,0.76129997,2.46,0.23870006,0.0,06,24
1.94,0.48567173,1.92,0.51432824,0.0,06,24
1.81,0.6804365,2.06,0.31956354,0.0,06,24
1.42,0.871594,3.07,0.12840594,1.0,06,24
1.37,0.69847924,3.3,0.30152074,1.0,06,24
1.84,0.5852662,2.04,0.41473383,1.0,06,24
2.38,0.48312625,1.63,0.5168737,0.0,06,24
1.59,0.4926289,2.47,0.5073711,0.0,06,25
1.62,0.78369087,2.41,0.21630915,0.0,06,25
1.93,0.40983382,1.93,0.5901662,0.0,06,25
1.6,0.72656566,2.46,0.27343437,0.0,06,25
1.64,0.7579223,2.36,0.24207775,0.0,06,25
1.41,0.76034945,3.08,0.23965052,0.0,06,25
2.11,0.7182428,1.78,0.28175712,0.0,06,25
2.15,0.52724475,1.76,0.47275522,0.0,06,25
1.63,0.53504765,2.39,0.4649523,0.0,06,25
1.55,0.85344213,2.59,0.14655785,1.0,06,25
1.6,0.674073,2.45,0.32592696,1.0,06,25
1.9,0.5372335,1.96,0.46276656,0.0,06,25
2.06,0.58891875,1.82,0.41108128,0.0,06,25
1.65,0.7229021,2.35,0.27709788,1.0,06,25
1.44,0.86325455,2.94,0.1367454,1.0,06,26
1.68,0.73110545,2.28,0.26889455,1.0,06,26
1.62,0.7194864,2.4,0.28051358,0.0,06,26
1.45,0.61051804,2.87,0.389482,1.0,06,26
1.56,0.6966569,2.54,0.30334312,1.0,06,26
2.42,0.4398916,1.61,0.5601083,0.0,06,26
1.74,0.47898456,2.17,0.5210155,1.0,06,26
1.43,0.83168846,3.0,0.1683115,0.0,06,26
1.92,0.6314267,1.94,0.36857328,0.0,06,27
1.56,0.7311486,2.54,0.2688514,1.0,06,27
1.57,0.7696037,2.52,0.2303963,0.0,06,27
1.5,0.57482046,2.72,0.42517948,1.0,06,27
1.76,0.3508383,2.13,0.6491617,1.0,06,27
1.57,0.64407057,2.53,0.35592946,0.0,06,27
1.66,0.6917102,2.31,0.3082898,1.0,06,27
2.24,0.50393367,1.71,0.49606636,1.0,06,27
1.64,0.71769315,2.35,0.28230685,0.0,06,27
2.07,0.718624,1.81,0.28137597,1.0,06,27
1.46,0.8471303,2.85,0.15286967,1.0,06,27
1.81,0.5343608,2.07,0.46563923,0.0,06,27
1.51,0.78197193,2.69,0.21802804,0.0,06,27
2.03,0.43085322,1.85,0.5691468,1.0,06,27
1.43,0.7820579,3.0,0.21794209,0.0,06,28
2.04,0.45466235,1.83,0.5453377,1.0,06,28
1.86,0.71181375,2.0,0.2881863,1.0,06,28
1.56,0.70897454,2.56,0.29102543,1.0,06,28
1.46,0.78978765,2.85,0.21021236,1.0,06,28
1.59,0.5475421,2.48,0.4524579,0.0,06,28
1.94,0.35947046,1.92,0.6405295,1.0,06,28
1.72,0.63765585,2.2,0.36234415,1.0,06,28
1.67,0.6176986,2.3,0.3823014,0.0,06,28
2.05,0.4553579,1.83,0.54464203,0.0,06,28
1.57,0.73904115,2.54,0.26095888,1.0,06,28
1.73,0.72413594,2.2,0.27586406,0.0,06,28
2.17,0.5119053,1.74,0.48809466,1.0,06,28
1.77,0.617918,2.11,0.382082,1.0,06,28
1.37,0.71861,3.28,0.28139004,1.0,06,29
1.57,0.71560454,2.54,0.28439543,1.0,06,29
1.46,0.72918844,2.88,0.27081156,1.0,06,29
1.76,0.67703515,2.15,0.3229648,0.0,06,29
1.89,0.6530697,1.98,0.34693035,0.0,06,29
1.5,0.5919784,2.72,0.40802166,1.0,06,29
1.98,0.69679934,1.87,0.30320063,1.0,06,29
1.5,0.78343964,2.71,0.21656035,0.0,06,29
1.87,0.37387258,1.99,0.62612736,0.0,06,29
2.48,0.44648397,1.59,0.55351603,1.0,06,29
1.73,0.5802195,2.19,0.41978055,1.0,06,29
3.12,0.42222193,1.4,0.57777804,0.0,06,29
2.12,0.7266117,1.77,0.2733884,0.0,06,30
1.81,0.698626,2.07,0.30137408,0.0,06,30
1.82,0.64349264,2.07,0.35650736,0.0,06,30
1.81,0.5817347,2.08,0.4182653,1.0,06,30
1.37,0.71668977,3.31,0.28331023,1.0,06,30
2.18,0.451262,1.74,0.54873806,1.0,06,30
1.55,0.5409214,2.57,0.45907858,0.0,06,30
1.98,0.61809087,1.88,0.3819091,1.0,06,30
1.79,0.4014613,2.1,0.59853864,1.0,06,30
1.83,0.45282528,2.05,0.54717475,1.0,06,30
1.64,0.6235096,2.34,0.37649047,0.0,06,30
1.56,0.6322154,2.57,0.36778465,0.0,06,30
2.14,0.69970644,1.78,0.30029365,0.0,06,30
2.85,0.42814055,1.47,0.5718594,0.0,06,30
2.43,0.5662965,1.61,0.43370345,0.0,07,01
2.1,0.38253465,1.81,0.61746526,1.0,07,01
2.06,0.38491467,1.82,0.6150853,0.0,07,01
2.05,0.39524937,1.84,0.60475063,1.0,07,01
1.78,0.74975926,2.11,0.25024077,0.0,07,01
1.74,0.63147205,2.18,0.36852795,0.0,07,01
1.84,0.68883693,2.03,0.31116307,0.0,07,01
2.02,0.58256984,1.85,0.41743016,1.0,07,01
1.79,0.63217914,2.11,0.3678209,1.0,07,01
1.55,0.6724058,2.57,0.3275942,1.0,07,01
2.1,0.33300602,1.81,0.6669939,0.0,07,01
1.76,0.49506167,2.13,0.50493836,1.0,07,01
1.96,0.41816008,1.9,0.5818399,1.0,07,01
2.05,0.39275783,1.84,0.6072422,0.0,07,01
2.0,0.72672576,1.87,0.2732742,1.0,07,01
1.56,0.67595327,2.55,0.3240467,1.0,07,01
2.87,0.44612536,1.47,0.5538746,0.0,07,01
1.84,0.6017097,2.03,0.39829028,0.0,07,02
2.36,0.51095563,1.64,0.48904437,0.0,07,02
2.12,0.38952872,1.78,0.6104713,0.0,07,02
1.68,0.64490837,2.29,0.35509163,0.0,07,02
1.78,0.7266762,2.12,0.27332374,1.0,07,02
2.44,0.6776991,1.61,0.32230094,0.0,07,02
1.86,0.4465621,2.01,0.5534379,1.0,07,02
1.95,0.48637187,1.91,0.5136281,1.0,07,02
2.23,0.5853479,1.71,0.41465208,0.0,07,02
1.82,0.42844158,2.06,0.57155836,1.0,07,02
2.36,0.65924096,1.65,0.34075898,0.0,07,02
1.54,0.64903116,2.61,0.35096884,0.0,07,02
1.81,0.6743278,2.07,0.3256722,1.0,07,02
2.92,0.4878221,1.44,0.5121779,1.0,07,02
2.36,0.39749387,1.64,0.6025061,0.0,07,02
1.82,0.7062239,2.06,0.2937761,1.0,07,03
1.54,0.65654576,2.61,0.34345415,1.0,07,03
1.69,0.7184667,2.26,0.2815333,1.0,07,03
1.81,0.6302189,2.06,0.36978108,1.0,07,03
1.67,0.7048783,2.29,0.29512182,1.0,07,03
2.02,0.5941428,1.85,0.40585724,0.0,07,03
1.61,0.7657295,2.42,0.23427053,1.0,07,03
1.83,0.49453935,2.04,0.5054606,1.0,07,03
1.69,0.6814691,2.25,0.3185309,0.0,07,03
1.69,0.7157265,2.27,0.28427345,0.0,07,03
1.58,0.64604443,2.52,0.3539556,1.0,07,04
1.98,0.6938264,1.89,0.30617356,0.0,07,04
1.47,0.7925638,2.83,0.20743613,1.0,07,04
1.84,0.51014996,2.04,0.48985004,1.0,07,04
1.77,0.65909374,2.13,0.34090626,0.0,07,04
1.71,0.6633065,2.23,0.33669356,0.0,07,04
2.3,0.5798776,1.67,0.42012233,0.0,07,04
1.65,0.71898836,2.34,0.2810117,1.0,07,04
1.54,0.7317723,2.6,0.26822773,1.0,07,04
1.78,0.70971805,2.12,0.29028195,0.0,07,04
1.3,0.7908254,3.73,0.20917462,0.0,07,04
2.19,0.32760742,1.73,0.6723926,0.0,07,04
1.93,0.6260543,1.92,0.37394574,0.0,07,04
1.69,0.75144863,2.25,0.24855137,0.0,07,04
1.31,0.824677,3.71,0.17532296,1.0,07,04
1.54,0.7030504,2.62,0.2969496,0.0,07,05
1.58,0.7068021,2.5,0.29319793,1.0,07,05
1.52,0.73844224,2.67,0.26155773,1.0,07,05
2.4,0.6059741,1.63,0.39402592,0.0,07,05
1.4,0.7756722,3.13,0.2243278,0.0,07,05
1.5,0.7096715,2.72,0.29032853,0.0,07,05
1.69,0.69177794,2.26,0.30822203,1.0,07,05
1.99,0.35177338,1.88,0.64822656,0.0,07,05
2.03,0.6355074,1.84,0.36449262,1.0,07,05
1.6,0.5277743,2.45,0.47222576,0.0,07,05
1.74,0.6512502,2.18,0.3487498,0.0,07,05
1.65,0.77211756,2.33,0.22788244,1.0,07,05
1.42,0.78749126,3.04,0.21250875,1.0,07,05
1.75,0.7183864,2.15,0.28161356,0.0,07,05
1.74,0.7497888,2.2,0.25021118,1.0,07,06
1.52,0.69582534,2.65,0.30417463,1.0,07,06
1.6,0.5009649,2.46,0.4990351,0.0,07,06
1.62,0.7628753,2.41,0.23712474,0.0,07,06
1.96,0.62586015,1.91,0.37413982,0.0,07,06
2.4,0.40655413,1.62,0.5934459,1.0,07,06
1.48,0.7825781,2.79,0.21742189,1.0,07,06
2.68,0.5394865,1.51,0.46051347,1.0,07,06
1.68,0.56577474,2.28,0.43422526,1.0,07,06
1.68,0.75493157,2.29,0.24506846,1.0,07,06
1.68,0.7891868,2.28,0.21081322,0.0,07,06
1.57,0.7294293,2.54,0.27057067,0.0,07,06
1.65,0.67742765,2.33,0.32257235,1.0,07,07
1.81,0.727716,2.06,0.27228403,0.0,07,07
1.44,0.62367517,2.91,0.3763248,0.0,07,07
1.37,0.7779737,3.31,0.2220263,1.0,07,07
1.89,0.42651016,1.97,0.57348984,0.0,07,07
1.4,0.79148406,3.11,0.20851593,1.0,07,07
2.21,0.53075904,1.72,0.46924096,0.0,07,07
1.7,0.73667383,2.26,0.26332614,1.0,07,07
2.07,0.53648657,1.81,0.4635134,1.0,07,07
1.87,0.5730099,1.99,0.42699012,0.0,07,07
1.57,0.76099014,2.54,0.23900986,1.0,07,07
1.49,0.84363157,2.77,0.15636842,1.0,07,07
1.49,0.8367499,2.77,0.16325006,1.0,07,07
1.6,0.7986419,2.45,0.20135811,1.0,07,07
1.96,0.5821481,1.91,0.41785192,0.0,07,07
1.52,0.6572937,2.66,0.34270635,1.0,07,08
1.71,0.43942317,2.23,0.5605768,1.0,07,08
1.91,0.55794686,1.97,0.44205317,0.0,07,08
1.65,0.7113816,2.34,0.2886184,0.0,07,08
1.41,0.7420975,3.09,0.2579025,0.0,07,08
1.79,0.59995025,2.09,0.40004975,1.0,07,08
2.0,0.5543093,1.86,0.44569072,1.0,07,08
1.51,0.67985237,2.69,0.32014763,0.0,07,08
1.67,0.74935526,2.31,0.25064477,1.0,07,08
1.54,0.8174715,2.62,0.18252853,1.0,07,08
1.67,0.7324716,2.3,0.2675284,1.0,07,08
1.68,0.7145797,2.27,0.2854204,0.0,07,08
1.7,0.6199218,2.31,0.38007823,0.0,07,08
1.76,0.8173489,2.15,0.18265112,0.0,07,08
1.59,0.7752613,2.49,0.22473869,0.0,07,08
1.61,0.6338985,2.43,0.36610156,0.0,07,09
2.02,0.44881147,1.85,0.5511885,0.0,07,09
1.51,0.71236855,2.7,0.28763142,0.0,07,09
1.96,0.54218304,1.9,0.457817,1.0,07,09
2.01,0.7420855,1.86,0.2579145,1.0,07,09
1.73,0.71428436,2.21,0.2857156,1.0,07,09
1.82,0.5603788,2.06,0.43962127,0.0,07,09
1.76,0.58880496,2.15,0.41119507,1.0,07,09
1.46,0.73288506,2.84,0.26711503,0.0,07,09
1.85,0.73879504,2.02,0.26120493,1.0,07,09
1.85,0.62270504,2.02,0.37729493,0.0,07,09
1.63,0.8093301,2.38,0.19066986,0.0,07,09
1.31,0.8464186,3.69,0.15358141,1.0,07,09
1.59,0.7831674,2.49,0.21683256,1.0,07,09
1.45,0.74635243,2.89,0.25364757,0.0,07,09
1.95,0.67020524,1.91,0.32979473,0.0,07,14
1.79,0.5946464,2.11,0.40535364,1.0,07,14
1.73,0.62649,2.21,0.37350997,1.0,07,14
2.08,0.33442372,1.8,0.6655763,0.0,07,14
1.83,0.58884907,2.05,0.41115102,0.0,07,14
1.61,0.44422302,2.42,0.55577695,1.0,07,14
1.9,0.53009236,1.96,0.46990758,1.0,07,14
2.65,0.4412626,1.52,0.55873746,0.0,07,14
1.61,0.48418647,2.44,0.5158136,1.0,07,14
1.58,0.7575147,2.5,0.24248531,1.0,07,14
1.81,0.6015493,2.07,0.39845073,0.0,07,14
2.26,0.35756758,1.69,0.64243245,1.0,07,14
1.84,0.556253,2.04,0.44374695,0.0,07,14
2.0,0.62495166,1.87,0.37504834,0.0,07,14
1.59,0.6399044,2.48,0.36009556,0.0,07,15
1.68,0.62934417,2.29,0.37065583,1.0,07,15
2.1,0.6506495,1.79,0.34935054,0.0,07,15
1.78,0.56132114,2.11,0.43867886,0.0,07,15
2.13,0.54342294,1.78,0.4565771,1.0,07,15
2.25,0.4757298,1.7,0.5242702,0.0,07,15
2.34,0.3255317,1.65,0.67446834,0.0,07,15
1.58,0.40987182,2.5,0.5901282,0.0,07,15
1.62,0.75038165,2.4,0.24961832,1.0,07,15
1.87,0.4407199,1.99,0.55928016,1.0,07,15
1.79,0.5798702,2.09,0.42012978,0.0,07,15
2.2,0.6218037,1.73,0.3781963,1.0,07,15
2.99,0.3263867,1.43,0.67361337,1.0,07,15
1.76,0.5871936,2.15,0.4128064,0.0,07,15
1.72,0.6004129,2.21,0.399587,0.0,07,16
1.87,0.3646734,1.99,0.63532656,0.0,07,16
1.83,0.590442,2.04,0.40955803,1.0,07,16
1.79,0.44320762,2.1,0.5567924,0.0,07,16
1.93,0.49080637,1.93,0.50919366,1.0,07,16
2.41,0.65291184,1.62,0.34708816,0.0,07,16
2.04,0.54273117,1.84,0.45726877,1.0,07,16
2.14,0.48357093,1.77,0.51642907,0.0,07,16
1.49,0.50772786,2.74,0.49227217,1.0,07,16
1.62,0.7174717,2.42,0.2825283,0.0,07,16
2.19,0.5850536,1.73,0.41494638,1.0,07,16
2.21,0.60919243,1.73,0.39080757,1.0,07,16
1.93,0.37855586,1.93,0.6214442,1.0,07,16
2.21,0.6576343,1.72,0.34236565,1.0,07,16
1.72,0.62186027,2.21,0.37813976,1.0,07,16
2.29,0.36203,1.68,0.63797,0.0,07,17
1.93,0.61874354,1.93,0.38125646,0.0,07,17
1.89,0.69376534,1.97,0.30623463,1.0,07,17
1.84,0.50974405,2.04,0.4902559,1.0,07,17
1.88,0.45127428,1.97,0.5487258,0.0,07,17
2.55,0.5450224,1.57,0.45497754,0.0,07,17
1.43,0.62482035,2.99,0.3751797,0.0,07,17
1.91,0.45706335,1.95,0.5429366,1.0,07,17
1.79,0.70290375,2.08,0.29709622,0.0,07,17
1.61,0.7810029,2.44,0.21899715,1.0,07,17
1.96,0.5699086,1.91,0.43009138,0.0,07,17
2.13,0.3529042,1.77,0.6470958,0.0,07,17
1.79,0.6920821,2.1,0.30791795,1.0,07,18
1.62,0.51156145,2.4,0.48843858,1.0,07,18
2.41,0.49255309,1.62,0.5074468,0.0,07,18
2.01,0.45955133,1.85,0.54044867,0.0,07,18
2.19,0.53670955,1.73,0.4632904,0.0,07,18
2.13,0.38251856,1.77,0.61748135,0.0,07,18
2.2,0.6341114,1.73,0.3658886,1.0,07,18
3.82,0.345487,1.29,0.654513,0.0,07,18
1.55,0.63928324,2.58,0.36071673,1.0,07,18
1.95,0.69002116,1.91,0.30997884,0.0,07,18
1.73,0.7560839,2.18,0.24391608,1.0,07,18
1.94,0.5934455,1.94,0.40655455,0.0,07,18
1.69,0.39736366,2.26,0.6026363,0.0,07,18
2.26,0.36237678,1.7,0.6376232,1.0,07,18
2.14,0.5659156,1.77,0.43408442,0.0,07,19
1.94,0.42190206,1.92,0.57809794,1.0,07,19
1.92,0.5804638,1.95,0.41953623,0.0,07,19
1.5,0.7789704,2.71,0.22102961,1.0,07,19
1.84,0.6365622,2.02,0.3634378,1.0,07,19
2.99,0.31867644,1.43,0.6813235,1.0,07,19
1.56,0.5562667,2.54,0.44373327,1.0,07,19
1.68,0.6683724,2.3,0.33162767,1.0,07,19
1.61,0.4815466,2.44,0.5184534,1.0,07,19
1.72,0.6542549,2.2,0.34574503,1.0,07,19
2.46,0.47706294,1.59,0.522937,1.0,07,19
2.71,0.41365084,1.5,0.5863492,0.0,07,19
1.94,0.67490864,1.91,0.3250914,1.0,07,19
1.85,0.38974664,2.02,0.61025333,1.0,07,19
1.82,0.52439594,2.06,0.47560403,1.0,07,20
1.73,0.49797347,2.2,0.5020265,0.0,07,20
1.8,0.49121237,2.09,0.50878763,1.0,07,20
1.87,0.6096544,2.0,0.39034554,0.0,07,20
1.86,0.5925601,1.99,0.40743992,1.0,07,20
1.95,0.6566022,1.91,0.3433978,1.0,07,20
1.45,0.8395386,2.87,0.16046146,0.0,07,20
2.26,0.5331005,1.69,0.4668995,0.0,07,20
1.47,0.67147326,2.83,0.32852674,0.0,07,20
1.69,0.59218824,2.26,0.40781182,0.0,07,21
2.17,0.40168977,1.74,0.5983102,0.0,07,21
1.67,0.50095236,2.3,0.49904758,1.0,07,21
1.75,0.5673033,2.15,0.4326968,0.0,07,21
1.69,0.6066714,2.26,0.3933286,1.0,07,21
1.62,0.6965801,2.41,0.30341983,1.0,07,21
2.14,0.5727313,1.76,0.4272687,0.0,07,21
1.75,0.5883926,2.16,0.41160733,0.0,07,21
1.54,0.8120332,2.6,0.1879668,1.0,07,21
1.73,0.6264341,2.19,0.37356594,0.0,07,21
2.33,0.53179216,1.66,0.46820787,1.0,07,21
2.82,0.43544087,1.47,0.56455916,0.0,07,21
1.35,0.8586704,3.37,0.14132959,0.0,07,21
2.01,0.5065742,1.86,0.49342576,0.0,07,21
1.59,0.66783476,2.49,0.33216524,0.0,07,21
1.63,0.64872956,2.4,0.35127044,1.0,07,22
1.83,0.6982152,2.04,0.3017848,1.0,07,22
2.05,0.3866023,1.83,0.61339766,0.0,07,22
2.12,0.45509622,1.77,0.5449038,0.0,07,22
1.89,0.53994894,1.98,0.46005103,0.0,07,22
1.84,0.60575473,2.03,0.3942453,1.0,07,22
1.8,0.5730017,2.07,0.42699835,1.0,07,22
1.84,0.6430868,2.03,0.35691324,1.0,07,22
1.54,0.6312659,2.62,0.36873412,0.0,07,22
1.56,0.79795855,2.57,0.20204142,1.0,07,22
2.03,0.56163454,1.85,0.43836552,0.0,07,22
1.84,0.6706067,2.03,0.32939333,1.0,07,22
2.13,0.48419085,1.77,0.5158091,1.0,07,22
1.38,0.85977775,3.21,0.14022227,1.0,07,22
2.22,0.55335605,1.72,0.44664395,1.0,07,22
1.72,0.5726719,2.21,0.42732814,1.0,07,23
1.51,0.661362,2.7,0.33863798,1.0,07,23
1.68,0.65450025,2.27,0.34549978,0.0,07,23
1.8,0.63135326,2.09,0.36864665,0.0,07,23
2.18,0.4468121,1.73,0.5531879,1.0,07,23
1.89,0.47375932,1.98,0.5262406,1.0,07,23
1.87,0.5696484,1.99,0.43035164,0.0,07,23
1.76,0.7665381,2.15,0.23346187,1.0,07,23
1.88,0.64022,1.99,0.35977995,1.0,07,23
2.07,0.4848738,1.81,0.5151262,1.0,07,23
1.9,0.6806693,1.96,0.31933072,0.0,07,23
2.01,0.5600262,1.86,0.43997374,0.0,07,23
1.25,0.86941886,4.29,0.13058108,1.0,07,23
1.99,0.5270915,1.88,0.4729085,0.0,07,23
1.6,0.61719644,2.46,0.38280353,1.0,07,23
1.36,0.73312634,3.34,0.26687366,0.0,07,24
2.41,0.32587963,1.62,0.67412037,0.0,07,24
1.61,0.7092974,2.45,0.29070258,1.0,07,24
1.52,0.75952935,2.66,0.2404707,1.0,07,24
1.7,0.63220596,2.23,0.3677941,0.0,07,24
1.91,0.71743274,1.94,0.28256726,0.0,07,24
1.71,0.5421815,2.22,0.45781848,1.0,07,24
1.69,0.6617434,2.26,0.3382566,0.0,07,24
1.45,0.79414546,2.91,0.2058545,1.0,07,24
1.37,0.7389249,3.32,0.26107505,1.0,07,24
2.39,0.443141,1.63,0.55685896,0.0,07,24
1.66,0.57899946,2.34,0.4210005,1.0,07,24
2.34,0.5016176,1.65,0.49838242,0.0,07,24
1.47,0.70786524,2.81,0.29213473,1.0,07,25
1.59,0.7970001,2.48,0.2029999,1.0,07,25
2.38,0.33105698,1.63,0.66894305,0.0,07,25
1.77,0.55443716,2.14,0.44556284,0.0,07,25
1.89,0.6921067,1.97,0.30789334,1.0,07,25
1.6,0.7403336,2.47,0.25966638,1.0,07,25
1.79,0.6445093,2.11,0.35549065,0.0,07,25
1.81,0.7691479,2.07,0.23085211,1.0,07,25
1.65,0.6843433,2.35,0.31565672,1.0,07,25
1.81,0.5657327,2.07,0.43426725,1.0,07,25
1.64,0.7606837,2.36,0.23931625,0.0,07,25
1.51,0.70492065,2.69,0.2950793,1.0,07,25
2.18,0.5217537,1.74,0.4782463,0.0,07,25
1.96,0.54427135,1.9,0.45572868,1.0,07,25
1.89,0.60828745,1.98,0.39171255,1.0,07,25
1.67,0.77677196,2.3,0.22322808,1.0,07,26
1.4,0.8073624,3.12,0.19263764,1.0,07,26
1.48,0.7731013,2.81,0.22689869,1.0,07,26
2.81,0.43669924,1.47,0.5633007,0.0,07,26
1.65,0.5900129,2.36,0.4099871,1.0,07,26
1.92,0.3507094,1.93,0.64929056,1.0,07,26
1.77,0.61169535,2.12,0.38830462,1.0,07,26
1.62,0.70880896,2.41,0.291191,1.0,07,26
1.44,0.738675,2.92,0.26132506,1.0,07,26
1.87,0.6460978,1.99,0.35390222,0.0,07,26
3.35,0.32311702,1.36,0.676883,0.0,07,26
1.43,0.69567996,2.97,0.30432004,0.0,07,26
1.57,0.6032891,2.54,0.39671087,1.0,07,26
1.44,0.6623424,2.97,0.33765757,1.0,07,26
1.93,0.5537616,1.94,0.44623837,1.0,07,26
1.34,0.67232186,3.42,0.32767814,1.0,07,27
1.65,0.7303563,2.36,0.26964375,1.0,07,27
1.52,0.7177574,2.66,0.2822426,1.0,07,27
1.77,0.7441403,2.13,0.2558597,1.0,07,27
3.25,0.33765417,1.38,0.66234577,0.0,07,27
1.99,0.5635455,1.87,0.43645447,0.0,07,27
2.03,0.54468465,1.84,0.4553153,1.0,07,27
1.5,0.7346597,2.72,0.2653403,1.0,07,28
2.25,0.5244796,1.7,0.47552043,1.0,07,28
1.68,0.637345,2.29,0.3626549,0.0,07,28
1.64,0.6768618,2.39,0.32313818,0.0,07,28
2.42,0.32451612,1.61,0.67548394,0.0,07,28
1.72,0.76877236,2.21,0.23122767,1.0,07,28
3.18,0.25302476,1.39,0.74697524,0.0,07,28
2.23,0.5893768,1.71,0.4106232,1.0,07,28
1.77,0.5877144,2.13,0.41228566,1.0,07,28
1.94,0.40431032,1.93,0.59568965,0.0,07,28
1.32,0.84599894,3.6,0.1540011,1.0,07,28
2.42,0.56886953,1.63,0.4311304,1.0,07,28
1.62,0.6176908,2.42,0.38230923,0.0,07,28
1.61,0.70760095,2.45,0.29239902,1.0,07,29
1.85,0.643641,2.02,0.35635903,0.0,07,29
1.32,0.8478298,3.62,0.15217014,1.0,07,29
2.12,0.5505461,1.77,0.44945395,1.0,07,29
2.03,0.37138006,1.84,0.6286199,1.0,07,29
1.91,0.5511828,1.95,0.44881713,1.0,07,29
1.69,0.60595644,2.27,0.3940435,0.0,07,29
1.65,0.7315,2.35,0.2685,1.0,07,29
3.66,0.2501667,1.31,0.7498332,0.0,07,29
2.57,0.563417,1.56,0.43658292,0.0,07,29
2.02,0.54526395,1.85,0.45473602,0.0,07,29
2.01,0.7218625,1.86,0.27813753,0.0,07,29
2.01,0.55078876,1.86,0.44921118,1.0,07,29
1.97,0.43763185,1.9,0.5623682,1.0,07,29
1.63,0.6694417,2.4,0.33055827,0.0,07,30
1.86,0.6983844,2.0,0.30161557,1.0,07,30
2.04,0.39872047,1.83,0.6012795,1.0,07,30
1.56,0.7161242,2.55,0.2838758,0.0,07,30
1.73,0.5429555,2.19,0.4570445,1.0,07,30
1.79,0.6114089,2.15,0.3885911,0.0,07,30
2.29,0.30453458,1.68,0.69546545,1.0,07,30
1.88,0.598521,1.98,0.40147898,0.0,07,30
1.8,0.62586254,2.1,0.37413743,1.0,07,30
1.88,0.745836,1.99,0.25416395,0.0,07,30
1.7,0.46412262,2.22,0.5358774,1.0,07,30
1.42,0.61446553,3.05,0.38553447,1.0,07,30
2.39,0.49618986,1.62,0.5038101,0.0,07,30
1.79,0.59750557,2.15,0.40249443,1.0,07,30
1.62,0.7975111,2.42,0.2024889,1.0,07,30
1.94,0.5216582,1.92,0.47834176,1.0,07,31
2.11,0.476879,1.77,0.52312106,1.0,07,31
1.94,0.67591304,1.91,0.32408693,1.0,07,31
1.43,0.76650405,2.99,0.23349598,1.0,07,31
1.91,0.6729357,1.96,0.32706428,0.0,07,31
2.64,0.427107,1.53,0.572893,1.0,07,31
1.69,0.5450488,2.26,0.45495123,1.0,07,31
1.69,0.6717752,2.27,0.3282247,1.0,07,31
1.79,0.698916,2.1,0.301084,1.0,08,01
1.57,0.76814646,2.53,0.23185356,0.0,08,01
1.57,0.7215598,2.53,0.27844018,0.0,08,01
1.6,0.54527247,2.45,0.45472753,1.0,08,01
2.58,0.3633646,1.55,0.6366355,0.0,08,01
1.91,0.6068352,1.96,0.3931648,1.0,08,01
1.52,0.6087562,2.66,0.39124385,1.0,08,01
1.93,0.6546918,1.94,0.34530824,0.0,08,01
2.93,0.4000438,1.44,0.5999562,0.0,08,01
1.98,0.5259449,1.89,0.4740551,0.0,08,01
1.85,0.6386821,2.01,0.3613179,1.0,08,01
1.78,0.6383683,2.12,0.36163163,0.0,08,01
1.79,0.5987054,2.1,0.4012945,1.0,08,01
1.91,0.42207104,1.96,0.57792896,1.0,08,01
1.38,0.78153634,3.26,0.21846361,0.0,08,02
2.79,0.40803382,1.48,0.5919663,0.0,08,02
1.89,0.36987755,1.98,0.6301224,0.0,08,02
1.7,0.68916786,2.25,0.3108321,1.0,08,02
1.58,0.7415062,2.51,0.25849375,0.0,08,02
2.52,0.43162203,1.58,0.5683779,1.0,08,02
1.63,0.55738884,2.38,0.44261122,0.0,08,02
1.89,0.67387706,1.98,0.32612285,1.0,08,02
1.46,0.60111886,2.86,0.39888114,0.0,08,02
1.88,0.6254502,1.98,0.3745498,0.0,08,02
1.74,0.6584781,2.18,0.34152192,0.0,08,02
1.46,0.6478344,2.88,0.35216555,1.0,08,02
1.67,0.68608826,2.3,0.31391168,0.0,08,02
2.16,0.6174257,1.75,0.38257438,1.0,08,03
1.67,0.52702445,2.29,0.4729755,0.0,08,03
1.56,0.71368825,2.54,0.28631178,1.0,08,03
1.72,0.6860056,2.2,0.31399438,0.0,08,03
1.7,0.7568928,2.25,0.24310726,1.0,08,03
1.34,0.75283253,3.45,0.24716751,1.0,08,03
1.54,0.6934461,2.63,0.3065539,1.0,08,03
3.0,0.3847414,1.43,0.6152586,0.0,08,03
1.74,0.5976683,2.18,0.4023317,0.0,08,03
1.79,0.54078525,2.1,0.45921475,0.0,08,03
1.69,0.61454237,2.25,0.38545766,1.0,08,03
1.56,0.6558642,2.54,0.34413582,1.0,08,03
1.73,0.68081826,2.2,0.31918177,1.0,08,03
1.6,0.4126567,2.46,0.58734334,0.0,08,04
1.84,0.4829353,2.03,0.51706475,1.0,08,04
1.65,0.67690593,2.35,0.3230941,0.0,08,04
1.53,0.7643571,2.66,0.23564297,1.0,08,04
1.45,0.7318827,2.89,0.2681173,1.0,08,04
1.84,0.64971274,2.03,0.3502873,1.0,08,04
2.07,0.4341651,1.8,0.5658348,0.0,08,04
1.63,0.58963066,2.38,0.4103693,0.0,08,04
1.79,0.5341493,2.11,0.46585068,1.0,08,04
1.61,0.5781275,2.42,0.42187256,1.0,08,04
1.93,0.50853735,1.93,0.49146265,1.0,08,04
2.38,0.57612425,1.63,0.4238757,0.0,08,04
1.63,0.7577654,2.4,0.24223459,1.0,08,04
1.76,0.7328724,2.15,0.26712757,1.0,08,04
1.69,0.5758184,2.27,0.4241816,0.0,08,04
1.61,0.41943666,2.44,0.5805633,1.0,08,05
2.86,0.42397055,1.46,0.5760295,0.0,08,05
1.67,0.56190675,2.3,0.43809325,0.0,08,05
1.63,0.70360833,2.39,0.29639167,1.0,08,05
1.64,0.75850016,2.37,0.24149989,0.0,08,05
1.78,0.5331585,2.12,0.4668415,1.0,08,05
1.31,0.7671685,3.73,0.23283148,1.0,08,05
1.71,0.4708695,2.23,0.5291305,0.0,08,05
1.77,0.6149106,2.13,0.38508943,0.0,08,05
1.57,0.5388284,2.53,0.4611717,0.0,08,05
2.14,0.4694801,1.76,0.53051996,0.0,08,05
1.49,0.7589038,2.75,0.24109614,1.0,08,05
2.34,0.5334419,1.65,0.4665581,1.0,08,05
1.58,0.7081426,2.51,0.29185742,0.0,08,05
1.84,0.47130436,2.04,0.5286956,0.0,08,06
1.85,0.6192901,2.03,0.38070992,0.0,08,06
1.59,0.58609754,2.49,0.4139024,1.0,08,06
1.71,0.51176333,2.23,0.4882366,0.0,08,06
1.64,0.72393376,2.37,0.27606618,1.0,08,06
1.45,0.7393575,2.89,0.26064253,1.0,08,06
1.53,0.7924208,2.64,0.20757914,1.0,08,06
1.91,0.5607715,1.96,0.43922848,1.0,08,06
1.72,0.5581101,2.22,0.4418899,1.0,08,06
1.75,0.6548732,2.17,0.3451268,0.0,08,06
1.5,0.4020844,2.73,0.59791553,0.0,08,06
1.91,0.7158544,1.96,0.28414562,0.0,08,06
1.75,0.70884746,2.16,0.29115254,0.0,08,06
1.93,0.59393877,1.93,0.40606123,1.0,08,06
1.75,0.6147441,2.17,0.38525587,1.0,08,06
2.42,0.49250007,1.61,0.5074999,0.0,08,06
1.57,0.6970345,2.52,0.3029655,1.0,08,07
1.31,0.71321565,3.67,0.28678435,1.0,08,07
1.76,0.644048,2.15,0.35595194,1.0,08,07
1.94,0.50768477,1.91,0.49231532,1.0,08,07
2.07,0.5787613,1.81,0.42123875,0.0,08,07
2.6,0.4811778,1.53,0.51882213,0.0,08,07
1.7,0.66020143,2.25,0.3397986,0.0,08,07
1.58,0.6664568,2.5,0.33354318,1.0,08,08
1.68,0.6480547,2.27,0.35194528,0.0,08,08
1.72,0.58987296,2.2,0.410127,1.0,08,08
1.73,0.65482193,2.2,0.34517813,0.0,08,08
1.38,0.7106215,3.25,0.28937855,1.0,08,08
1.95,0.54898256,1.91,0.4510175,1.0,08,08
2.86,0.46308744,1.46,0.53691256,0.0,08,08
1.57,0.6636248,2.55,0.33637515,0.0,08,08
3.19,0.22886206,1.38,0.77113795,1.0,08,08
1.7,0.45766622,2.24,0.5423338,1.0,08,08
2.12,0.6012114,1.77,0.39878854,0.0,08,08
2.1,0.6853995,1.79,0.3146006,1.0,08,08
2.04,0.5881332,1.84,0.41186675,0.0,08,08
1.83,0.70655143,2.05,0.29344857,1.0,08,08
2.73,0.50201654,1.5,0.4979834,1.0,08,08
1.54,0.66123486,2.62,0.33876508,0.0,08,09
1.87,0.5270232,2.0,0.4729768,0.0,08,09
1.9,0.6031482,1.96,0.39685175,0.0,08,09
2.17,0.6723113,1.75,0.3276887,1.0,08,09
1.81,0.53009987,2.08,0.4699001,1.0,08,09
1.99,0.520192,1.88,0.47980797,0.0,08,09
1.58,0.70676094,2.49,0.2932391,1.0,08,09
2.67,0.5104916,1.52,0.4895084,0.0,08,09
1.8,0.66254026,2.09,0.33745974,1.0,08,09
1.87,0.6173143,1.99,0.3826857,1.0,08,09
1.64,0.65593755,2.37,0.34406245,0.0,08,09
2.91,0.23034327,1.45,0.7696567,1.0,08,09
1.64,0.5501066,2.38,0.44989341,0.0,08,09
1.69,0.77372354,2.26,0.2262764,1.0,08,09
1.96,0.6631186,1.91,0.3368814,0.0,08,09
1.68,0.6867232,2.28,0.3132768,1.0,08,10
2.45,0.5476313,1.61,0.45236862,0.0,08,10
2.38,0.55733484,1.64,0.4426652,0.0,08,10
1.64,0.6753998,2.35,0.32460022,1.0,08,10
2.3,0.55555034,1.67,0.4444496,1.0,08,10
2.19,0.40605524,1.73,0.5939448,1.0,08,10
1.66,0.7630317,2.32,0.23696832,1.0,08,10
2.4,0.24601808,1.62,0.7539819,1.0,08,10
1.64,0.540903,2.36,0.45909697,0.0,08,10
2.55,0.6122584,1.56,0.3877416,0.0,08,10
1.95,0.66806424,1.91,0.33193576,0.0,08,10
1.53,0.7426008,2.63,0.25739917,0.0,08,10
1.77,0.66936195,2.13,0.33063805,1.0,08,11
1.9,0.5862468,1.97,0.4137532,0.0,08,11
1.68,0.660683,2.26,0.339317,0.0,08,11
1.95,0.44545808,1.91,0.55454195,0.0,08,11
2.09,0.40445456,1.8,0.5955455,0.0,08,11
2.03,0.49382517,1.85,0.5061748,1.0,08,11
2.1,0.40081596,1.79,0.59918404,1.0,08,11
1.53,0.73777455,2.64,0.26222545,0.0,08,11
1.61,0.72001994,2.43,0.27998006,1.0,08,11
1.86,0.696201,2.02,0.303799,0.0,08,11
2.03,0.712087,1.85,0.28791308,1.0,08,11
1.35,0.88376963,3.41,0.11623033,0.0,08,11
1.76,0.6904217,2.15,0.30957824,0.0,08,11
2.02,0.6469868,1.85,0.35301328,1.0,08,12
1.59,0.67399365,2.47,0.32600632,0.0,08,12
2.06,0.48137972,1.81,0.5186203,1.0,08,12
1.63,0.41115993,2.38,0.5888401,0.0,08,12
1.68,0.64489925,2.29,0.35510075,1.0,08,12
1.79,0.7291795,2.11,0.27082053,1.0,08,12
2.31,0.38959503,1.66,0.610405,0.0,08,12
1.6,0.7242196,2.48,0.27578044,1.0,08,12
1.42,0.7444046,3.03,0.25559533,1.0,08,12
2.0,0.45265177,1.88,0.54734826,1.0,08,12
1.88,0.68329304,1.99,0.31670693,1.0,08,12
1.97,0.6672894,1.89,0.33271062,0.0,08,12
1.4,0.87390685,3.14,0.12609315,1.0,08,12
1.67,0.6869511,2.29,0.3130489,0.0,08,12
1.69,0.7182989,2.34,0.28170103,0.0,08,13
1.83,0.68823254,2.05,0.3117675,1.0,08,13
2.08,0.44254372,1.81,0.55745625,0.0,08,13
2.53,0.34762576,1.57,0.65237427,0.0,08,13
1.94,0.5735936,1.92,0.42640644,0.0,08,13
2.21,0.4054317,1.72,0.59456825,0.0,08,13
1.85,0.7310625,2.02,0.2689375,1.0,08,13
1.52,0.6936294,2.66,0.3063706,0.0,08,13
2.23,0.4192907,1.71,0.5807093,0.0,08,13
1.96,0.6673884,1.91,0.33261162,1.0,08,13
1.93,0.6979553,1.94,0.30204472,0.0,08,13
1.34,0.88221097,3.45,0.11778907,1.0,08,13
1.75,0.681833,2.17,0.31816703,0.0,08,13
1.69,0.79335177,2.34,0.20664819,1.0,08,13
2.39,0.61476046,1.62,0.38523954,0.0,08,13
2.03,0.52794707,1.85,0.47205296,0.0,08,14
1.54,0.7341414,2.61,0.2658586,1.0,08,14
1.93,0.6792246,1.92,0.32077536,1.0,08,14
1.45,0.69095576,2.9,0.3090442,1.0,08,14
1.86,0.6728322,2.01,0.3271678,1.0,08,14
1.8,0.7297656,2.09,0.2702344,1.0,08,14
1.6,0.5979365,2.47,0.40206352,1.0,08,14
1.94,0.6014831,1.93,0.39851695,0.0,08,14
1.84,0.66290534,2.05,0.33709463,1.0,08,14
2.04,0.6887966,1.84,0.3112034,0.0,08,14
1.96,0.5533671,1.9,0.4466329,0.0,08,15
1.68,0.6809518,2.29,0.31904826,1.0,08,15
1.93,0.75965714,1.93,0.24034289,1.0,08,15
1.86,0.6630501,2.0,0.33694986,0.0,08,15
1.66,0.66551405,2.33,0.33448595,1.0,08,15
1.75,0.7006281,2.16,0.29937187,1.0,08,15
1.62,0.6747157,2.42,0.32528433,0.0,08,15
1.92,0.67509115,1.94,0.32490888,1.0,08,15
2.43,0.3791691,1.62,0.62083095,0.0,08,15
1.51,0.69510835,2.69,0.3048916,0.0,08,15
2.1,0.61077976,1.79,0.3892202,1.0,08,15
1.27,0.8655221,4.06,0.1344779,1.0,08,15
1.59,0.68490916,2.48,0.31509084,1.0,08,15
1.89,0.72695017,1.98,0.2730498,1.0,08,15
1.75,0.7455957,2.17,0.25440425,0.0,08,16
1.78,0.6860031,2.12,0.31399697,1.0,08,16
2.09,0.590587,1.8,0.40941304,0.0,08,16
1.68,0.6534625,2.28,0.34653753,1.0,08,16
1.83,0.69591445,2.04,0.30408555,1.0,08,16
2.4,0.44646525,1.63,0.55353475,0.0,08,16
1.73,0.69844604,2.19,0.301554,1.0,08,16
1.61,0.6496982,2.43,0.35030186,1.0,08,16
1.43,0.717578,3.0,0.28242198,1.0,08,16
1.54,0.7377231,2.62,0.26227695,1.0,08,16
1.6,0.5100689,2.47,0.48993117,1.0,08,16
1.53,0.70811504,2.63,0.2918849,1.0,08,16
1.32,0.86182994,3.63,0.13817011,1.0,08,16
2.48,0.3815731,1.6,0.61842686,0.0,08,17
1.81,0.5035206,2.07,0.49647933,0.0,08,17
1.4,0.67882335,3.13,0.32117662,0.0,08,17
1.55,0.6994245,2.58,0.3005755,0.0,08,17
2.5,0.6376092,1.58,0.36239082,1.0,08,17
1.73,0.5461996,2.19,0.4538004,0.0,08,17
2.48,0.41133356,1.6,0.5886665,1.0,08,17
2.8,0.44981855,1.48,0.55018145,0.0,08,17
1.54,0.76989025,2.6,0.23010974,1.0,08,17
1.82,0.35538518,2.07,0.6446148,0.0,08,17
1.8,0.6399288,2.09,0.3600712,1.0,08,17
1.56,0.5621374,2.57,0.43786263,1.0,08,18
1.79,0.7380547,2.1,0.26194528,1.0,08,18
2.13,0.526457,1.77,0.473543,0.0,08,18
1.83,0.6468094,2.06,0.3531906,1.0,08,18
2.87,0.38201162,1.46,0.61798835,0.0,08,18
1.93,0.5235681,1.93,0.4764319,0.0,08,18
1.74,0.58412707,2.17,0.4158729,0.0,08,18
1.81,0.7033671,2.07,0.29663286,0.0,08,18
1.39,0.78162926,3.17,0.21837074,0.0,08,18
1.46,0.7213005,2.85,0.27869946,1.0,08,18
1.98,0.53256744,1.88,0.46743262,1.0,08,18
2.78,0.35846108,1.48,0.6415389,0.0,08,18
1.56,0.65464455,2.57,0.34535545,1.0,08,18
1.97,0.34232578,1.89,0.6576742,0.0,08,18
1.55,0.6616669,2.59,0.33833304,1.0,08,18
1.41,0.57943934,3.1,0.42056072,1.0,08,19
2.28,0.4555283,1.68,0.5444718,0.0,08,19
2.04,0.5924549,1.84,0.4075451,1.0,08,19
1.88,0.56641835,1.98,0.4335817,0.0,08,19
1.63,0.70905983,2.39,0.2909402,0.0,08,19
1.61,0.7043273,2.41,0.29567268,0.0,08,19
1.37,0.65128905,3.3,0.34871092,0.0,08,19
1.6,0.6875952,2.45,0.31240484,1.0,08,19
2.25,0.47762403,1.69,0.5223759,1.0,08,19
1.89,0.52486724,1.98,0.47513273,1.0,08,19
2.28,0.3962681,1.68,0.60373193,0.0,08,19
1.43,0.77526546,2.97,0.22473451,1.0,08,19
1.74,0.6128092,2.19,0.38719073,0.0,08,19
2.45,0.33129877,1.6,0.66870123,1.0,08,19
1.72,0.62007207,2.22,0.37992787,0.0,08,19
2.27,0.4759114,1.69,0.52408856,1.0,08,20
1.55,0.58545345,2.6,0.4145465,0.0,08,20
1.61,0.61462927,2.43,0.3853708,1.0,08,20
1.93,0.61093634,1.93,0.38906363,1.0,08,20
1.9,0.70368046,1.96,0.29631954,1.0,08,20
1.83,0.65962064,2.06,0.34037933,0.0,08,20
1.41,0.6936617,3.09,0.30633837,0.0,08,20
1.94,0.49184236,1.94,0.5081576,1.0,08,20
2.49,0.38854098,1.58,0.6114591,1.0,08,20
1.57,0.5786744,2.53,0.4213256,1.0,08,20
1.51,0.73482084,2.7,0.26517916,0.0,08,20
1.81,0.6064129,2.08,0.39358714,0.0,08,20
1.42,0.69647145,3.05,0.30352855,0.0,08,20
1.85,0.34493747,2.02,0.65506256,0.0,08,20
1.99,0.59636647,1.88,0.40363353,1.0,08,20
1.94,0.3702167,1.98,0.62978333,1.0,08,21
1.54,0.7639723,2.61,0.23602779,1.0,08,21
2.17,0.47048372,1.74,0.52951634,0.0,08,21
1.88,0.6567089,1.99,0.3432911,1.0,08,21
2.17,0.5009398,1.75,0.49906024,0.0,08,21
2.0,0.5505381,1.86,0.4494619,0.0,08,21
1.94,0.33012673,1.98,0.66987336,0.0,08,21
1.62,0.5347501,2.42,0.4652499,0.0,08,21
2.12,0.5039249,1.78,0.49607515,1.0,08,21
1.84,0.583941,2.04,0.41605902,0.0,08,22
1.6,0.75269336,2.47,0.24730659,0.0,08,22
2.04,0.5390431,1.83,0.46095687,0.0,08,22
2.39,0.40933505,1.63,0.590665,0.0,08,22
1.53,0.67234755,2.65,0.32765242,0.0,08,22
2.62,0.4673118,1.54,0.5326882,0.0,08,22
2.46,0.5186226,1.6,0.48137745,0.0,08,22
1.48,0.5524484,2.77,0.4475517,1.0,08,22
2.06,0.60232973,1.82,0.3976703,1.0,08,22
1.84,0.55387896,2.04,0.44612098,0.0,08,22
2.18,0.34041533,1.74,0.65958464,0.0,08,22
1.57,0.39738637,2.54,0.6026136,0.0,08,22
1.8,0.6014316,2.09,0.39856836,1.0,08,22
1.56,0.8257101,2.55,0.17428988,0.0,08,22
1.62,0.6005922,2.42,0.39940786,1.0,08,22
1.99,0.49795806,1.87,0.50204194,0.0,08,22
1.51,0.79430085,2.71,0.20569912,1.0,08,23
1.84,0.5617226,2.03,0.4382774,1.0,08,23
2.04,0.611906,1.84,0.38809395,1.0,08,23
2.42,0.51150465,1.61,0.48849535,1.0,08,23
2.01,0.4483235,1.86,0.5516765,0.0,08,23
1.63,0.69086045,2.39,0.30913955,0.0,08,23
3.26,0.4657176,1.38,0.5342823,0.0,08,23
2.63,0.5020586,1.53,0.49794137,1.0,08,23
1.87,0.48220536,1.99,0.51779467,0.0,08,23
1.88,0.564885,1.98,0.435115,0.0,08,23
2.47,0.32156706,1.6,0.678433,1.0,08,23
1.65,0.42395067,2.35,0.5760493,1.0,08,23
1.74,0.60642797,2.17,0.39357206,1.0,08,23
1.56,0.81728303,2.58,0.18271692,1.0,08,23
1.62,0.573108,2.41,0.42689207,0.0,08,23
2.27,0.47513053,1.69,0.52486944,0.0,08,24
2.25,0.568171,1.7,0.43182895,0.0,08,24
1.89,0.57751226,1.98,0.42248768,1.0,08,24
1.64,0.6065654,2.38,0.39343458,1.0,08,24
1.91,0.5340804,1.96,0.46591964,0.0,08,24
2.18,0.49195358,1.74,0.5080464,0.0,08,24
2.51,0.4260566,1.58,0.5739434,1.0,08,24
2.44,0.61657894,1.61,0.3834211,1.0,08,24
1.43,0.82170266,3.01,0.17829736,0.0,08,24
2.59,0.33961684,1.55,0.66038316,1.0,08,24
1.71,0.3743305,2.22,0.6256694,0.0,08,24
1.66,0.5968098,2.31,0.40319023,0.0,08,24
1.57,0.7120111,2.53,0.2879889,0.0,08,25
2.91,0.49613813,1.45,0.50386196,1.0,08,25
2.22,0.642356,1.73,0.35764393,0.0,08,25
1.51,0.57634956,2.68,0.42365038,0.0,08,25
1.58,0.7558231,2.52,0.244177,0.0,08,25
2.01,0.5694149,1.86,0.43058506,1.0,08,25
1.74,0.7249306,2.18,0.27506945,1.0,08,25
1.81,0.5320555,2.08,0.46794453,1.0,08,25
2.53,0.514424,1.58,0.48557594,1.0,08,25
1.54,0.678508,2.61,0.32149202,0.0,08,25
1.38,0.83683723,3.22,0.16316278,1.0,08,25
1.7,0.61879,2.28,0.38121003,1.0,08,25
1.89,0.44234747,1.98,0.5576525,0.0,08,25
1.55,0.7564673,2.59,0.2435327,1.0,08,25
1.49,0.7338455,2.75,0.2661546,1.0,08,26
1.78,0.58882076,2.12,0.41117924,1.0,08,26
1.72,0.75707746,2.2,0.24292254,0.0,08,26
1.98,0.5476671,1.89,0.4523329,1.0,08,26
1.48,0.73033595,2.79,0.2696641,1.0,08,26
1.87,0.57465756,2.0,0.42534244,0.0,08,26
2.75,0.4591101,1.49,0.5408899,0.0,08,26
1.88,0.4910301,1.99,0.5089699,0.0,08,26
1.93,0.56466544,1.93,0.43533456,0.0,08,26
1.63,0.71942747,2.4,0.2805725,1.0,08,26
1.75,0.66866505,2.17,0.33133492,1.0,08,26
1.81,0.7903467,2.08,0.20965326,1.0,08,26
1.96,0.47141743,1.91,0.5285825,1.0,08,26
1.56,0.742492,2.57,0.25750798,0.0,08,26
1.56,0.73876274,2.58,0.26123732,1.0,08,27
1.69,0.54286724,2.27,0.45713282,0.0,08,27
1.94,0.5617317,1.93,0.43826827,0.0,08,27
1.45,0.7483806,2.95,0.25161937,1.0,08,27
2.13,0.47999388,1.77,0.52000606,0.0,08,27
1.64,0.75039023,2.36,0.24960978,0.0,08,27
2.48,0.49665073,1.6,0.5033493,1.0,08,27
1.59,0.66988266,2.51,0.33011734,0.0,08,27
1.95,0.54804957,1.92,0.45195037,1.0,08,27
2.1,0.67319053,1.8,0.32680947,0.0,08,27
2.24,0.4089752,1.71,0.59102476,0.0,08,27
1.82,0.5337276,2.07,0.46627244,1.0,08,27
1.51,0.78937227,2.7,0.21062768,1.0,08,27
1.48,0.75635797,2.8,0.24364203,0.0,08,27
1.59,0.6772103,2.51,0.32278973,1.0,08,27
1.93,0.45748398,1.94,0.542516,0.0,08,28
1.85,0.6845581,2.02,0.3154419,1.0,08,28
1.66,0.617554,2.31,0.38244602,1.0,08,28
1.44,0.72927797,2.97,0.27072206,1.0,08,28
1.89,0.62906027,1.98,0.37093976,0.0,08,28
1.57,0.63327014,2.54,0.36672986,1.0,08,28
1.98,0.6048662,1.89,0.39513382,0.0,08,28
1.44,0.76012254,2.95,0.23987746,0.0,08,28
1.7,0.70507485,2.24,0.2949252,1.0,08,28
1.92,0.61896586,1.95,0.38103408,0.0,08,28
1.68,0.6896138,2.3,0.3103862,1.0,08,29
1.66,0.672003,2.32,0.327997,1.0,08,29
3.09,0.5403261,1.41,0.45967397,0.0,08,29
1.62,0.52631545,2.4,0.47368455,1.0,08,29
1.64,0.5523067,2.38,0.44769326,0.0,08,29
2.19,0.6054434,1.74,0.39455658,0.0,08,29
1.42,0.6581962,3.06,0.34180382,1.0,08,29
1.42,0.67974836,3.04,0.32025164,1.0,08,29
1.99,0.5979432,1.88,0.40205678,1.0,08,29
1.49,0.75413734,2.76,0.24586271,1.0,08,29
2.0,0.58589166,1.87,0.41410828,1.0,08,29
1.7,0.6751858,2.25,0.32481423,1.0,08,29
1.68,0.63300174,2.29,0.36699826,1.0,08,29
1.95,0.58740604,1.92,0.412594,0.0,08,30
1.76,0.46538445,2.13,0.5346155,0.0,08,30
1.99,0.64922607,1.88,0.3507739,1.0,08,30
1.77,0.65185434,2.13,0.34814563,1.0,08,30
1.67,0.7217498,2.31,0.27825028,0.0,08,30
1.95,0.5670678,1.92,0.4329322,0.0,08,30
1.43,0.69288445,2.98,0.30711555,1.0,08,30
1.76,0.51202065,2.13,0.48797932,0.0,08,30
1.46,0.5747396,2.86,0.4252604,0.0,08,30
2.16,0.65853804,1.75,0.34146196,0.0,08,30
1.6,0.47613096,2.46,0.52386904,0.0,08,30
1.5,0.6359864,2.73,0.36401358,1.0,08,30
1.37,0.6749585,3.28,0.3250415,1.0,08,30
1.76,0.6040622,2.15,0.39593786,0.0,08,30
1.64,0.6281264,2.36,0.3718736,1.0,08,30
2.12,0.618801,1.77,0.381199,1.0,08,30
1.68,0.6771772,2.28,0.32282287,1.0,08,30
2.24,0.4419612,1.7,0.55803883,1.0,08,31
1.57,0.5959866,2.54,0.40401343,1.0,08,31
1.62,0.62346673,2.42,0.37653327,1.0,08,31
1.97,0.5956941,1.89,0.4043059,1.0,08,31
1.61,0.67189133,2.43,0.32810873,0.0,08,31
1.69,0.6851352,2.26,0.31486484,1.0,08,31
1.41,0.6621821,3.08,0.33781794,1.0,08,31
1.76,0.43661004,2.15,0.56338996,1.0,08,31
2.58,0.49671125,1.55,0.50328875,0.0,08,31
3.01,0.36499575,1.43,0.6350042,0.0,09,01
1.45,0.5972898,2.9,0.40271023,1.0,09,01
1.49,0.7201699,2.75,0.27983016,1.0,09,01
1.55,0.6881127,2.59,0.31188738,0.0,09,01
1.87,0.7140353,2.0,0.28596467,0.0,09,01
3.01,0.38150737,1.43,0.6184926,0.0,09,01
2.24,0.6668144,1.7,0.33318564,1.0,09,01
2.73,0.40240508,1.5,0.5975949,0.0,09,01
1.64,0.4479578,2.37,0.5520422,1.0,09,01
1.89,0.5511538,1.98,0.44884622,0.0,09,01
1.89,0.6290683,1.98,0.37093168,0.0,09,01
3.48,0.3628252,1.34,0.6371747,0.0,09,01
1.71,0.62371224,2.25,0.37628773,1.0,09,01
1.98,0.5500234,1.89,0.44997656,0.0,09,01
1.63,0.692422,2.39,0.30757797,1.0,09,02
1.35,0.60269356,3.38,0.39730644,1.0,09,02
1.38,0.59099907,3.22,0.40900096,1.0,09,02
2.08,0.44021788,1.81,0.5597822,1.0,09,02
1.95,0.5740951,1.9,0.42590493,1.0,09,02
3.59,0.35789412,1.32,0.64210594,0.0,09,02
1.87,0.6233158,1.99,0.37668416,0.0,09,02
1.73,0.7292732,2.19,0.27072674,1.0,09,02
2.71,0.44011346,1.5,0.5598865,1.0,09,02
2.72,0.3824683,1.5,0.6175317,0.0,09,02
1.71,0.61694795,2.25,0.38305208,1.0,09,02
2.1,0.6425044,1.8,0.3574956,0.0,09,02
1.76,0.64727485,2.14,0.35272518,0.0,09,02
1.35,0.58760434,3.38,0.41239566,1.0,09,02
1.76,0.6324378,2.16,0.36756217,1.0,09,02
2.08,0.3838185,1.81,0.6161815,1.0,09,02
2.72,0.41891497,1.5,0.581085,0.0,09,03
1.69,0.67227656,2.26,0.32772344,1.0,09,03
1.85,0.71060795,2.02,0.28939205,1.0,09,03
2.38,0.42758664,1.63,0.57241327,1.0,09,03
1.37,0.59425795,3.3,0.4057421,1.0,09,03
1.77,0.45467758,2.14,0.5453224,1.0,09,03
1.54,0.6348451,2.62,0.36515495,0.0,09,03
1.4,0.5751809,3.14,0.42481914,0.0,09,03
2.15,0.66221875,1.76,0.33778128,1.0,09,03
1.74,0.63749266,2.18,0.36250734,0.0,09,03
2.04,0.56172216,1.83,0.4382778,0.0,09,03
1.68,0.64081216,2.29,0.3591878,1.0,09,03
2.82,0.39627042,1.47,0.60372955,1.0,09,03
2.0,0.6337105,1.87,0.36628947,1.0,09,03
2.26,0.3586308,1.7,0.64136916,1.0,09,04
2.38,0.648147,1.64,0.351853,0.0,09,04
1.85,0.61995137,2.02,0.38004866,1.0,09,04
1.72,0.54905117,2.2,0.45094883,0.0,09,04
3.04,0.28068572,1.42,0.7193142,0.0,09,04
1.57,0.79982823,2.53,0.2001718,1.0,09,04
2.55,0.48220032,1.57,0.5177997,1.0,09,04
2.3,0.5036314,1.68,0.49636856,0.0,09,04
2.27,0.481917,1.69,0.518083,0.0,09,04
2.2,0.3769052,1.73,0.6230948,0.0,09,04
1.59,0.6482438,2.5,0.35175622,0.0,09,04
1.76,0.45723537,2.15,0.5427646,1.0,09,04
1.83,0.51518047,2.04,0.48481956,0.0,09,04
1.59,0.7117408,2.49,0.2882592,0.0,09,04
2.45,0.48637614,1.61,0.51362383,1.0,09,05
1.5,0.6670507,2.73,0.33294922,1.0,09,05
2.22,0.35883534,1.71,0.6411647,1.0,09,05
2.06,0.6655355,1.83,0.3344645,1.0,09,05
1.49,0.6239984,2.77,0.37600157,0.0,09,05
1.7,0.47352046,2.25,0.52647954,1.0,09,05
3.38,0.28943473,1.35,0.71056527,0.0,09,05
1.53,0.8108076,2.64,0.18919244,1.0,09,05
1.99,0.5289786,1.89,0.47102144,1.0,09,05
2.28,0.5412628,1.68,0.45873722,0.0,09,05
1.67,0.6917636,2.3,0.30823642,0.0,09,05
2.38,0.53732544,1.63,0.46267456,0.0,09,05
2.34,0.35991135,1.65,0.6400886,0.0,09,05
1.73,0.43908182,2.19,0.5609182,1.0,09,06
1.55,0.4451685,2.58,0.55483145,0.0,09,06
2.0,0.48966163,1.88,0.5103384,0.0,09,06
2.09,0.6159321,1.8,0.3840679,1.0,09,06
2.12,0.52546436,1.78,0.47453555,0.0,09,06
1.55,0.6632743,2.58,0.33672568,1.0,09,06
2.17,0.62340105,1.75,0.37659898,0.0,09,06
1.9,0.59675777,1.97,0.4032422,1.0,09,06
2.0,0.53599554,1.88,0.4640045,1.0,09,06
3.21,0.28598517,1.39,0.7140149,0.0,09,06
1.5,0.76681685,2.73,0.23318323,0.0,09,06
1.52,0.721028,2.66,0.27897206,0.0,09,06
1.72,0.57236767,2.23,0.4276323,0.0,09,06
2.37,0.4006767,1.65,0.59932333,0.0,09,06
1.9,0.5213274,1.97,0.47867265,0.0,09,07
2.18,0.5374136,1.74,0.46258643,0.0,09,07
1.71,0.76440686,2.23,0.23559314,1.0,09,07
2.18,0.58077794,1.74,0.4192221,1.0,09,07
2.11,0.58926517,1.79,0.41073483,1.0,09,07
3.61,0.25370416,1.33,0.7462958,0.0,09,07
1.97,0.45587483,1.9,0.5441252,0.0,09,07
2.02,0.5194608,1.85,0.48053917,1.0,09,07
1.31,0.792465,3.69,0.20753503,0.0,09,07
1.26,0.8045899,4.1,0.19541003,1.0,09,08
1.46,0.7430841,2.84,0.25691584,0.0,09,08
1.83,0.62799567,2.06,0.37200427,1.0,09,08
1.61,0.80110145,2.43,0.19889855,1.0,09,08
1.93,0.6389748,1.93,0.3610252,1.0,09,08
1.82,0.58636564,2.07,0.41363436,0.0,09,08
1.81,0.52167696,2.08,0.47832304,0.0,09,08
2.36,0.5494793,1.64,0.45052072,1.0,09,08
1.8,0.6091943,2.08,0.3908057,0.0,09,08
2.17,0.4655454,1.75,0.5344546,0.0,09,08
1.52,0.7446637,2.67,0.25533623,1.0,09,08
1.43,0.8554807,2.98,0.14451936,0.0,09,08
2.55,0.38446468,1.57,0.6155353,1.0,09,08
1.44,0.7611153,2.95,0.23888475,0.0,09,08
1.77,0.644639,2.14,0.355361,1.0,09,08
1.55,0.7794685,2.58,0.22053148,1.0,09,09
2.65,0.5362141,1.53,0.4637858,0.0,09,09
1.61,0.5053948,2.43,0.49460512,0.0,09,09
2.38,0.39956304,1.63,0.600437,1.0,09,09
1.73,0.6950551,2.2,0.30494484,1.0,09,09
1.58,0.7505104,2.52,0.2494896,0.0,09,09
2.01,0.597589,1.86,0.40241095,1.0,09,09
1.36,0.6812707,3.34,0.31872934,1.0,09,09
2.22,0.58436877,1.72,0.4156312,1.0,09,09
1.94,0.6056929,1.93,0.39430717,1.0,09,09
1.95,0.5085588,1.92,0.49144125,1.0,09,09
1.52,0.7483116,2.68,0.2516884,1.0,09,09
2.38,0.4127354,1.63,0.58726466,1.0,09,09
1.52,0.85412973,2.67,0.14587031,0.0,09,09
1.41,0.7740543,3.07,0.22594571,0.0,09,09
1.96,0.6227704,1.91,0.37722963,1.0,09,09
1.6,0.7332803,2.47,0.26671967,1.0,09,10
1.65,0.6331796,2.35,0.36682034,0.0,09,10
1.69,0.5667634,2.28,0.4332367,1.0,09,10
1.68,0.61634165,2.29,0.38365835,0.0,09,10
1.42,0.7878498,3.07,0.2121502,1.0,09,10
2.44,0.54940456,1.61,0.45059544,1.0,09,10
1.74,0.507614,2.17,0.49238598,1.0,09,10
1.6,0.72044164,2.45,0.2795583,1.0,09,10
1.63,0.5635621,2.39,0.43643796,0.0,09,10
2.09,0.5647275,1.8,0.4352725,0.0,09,10
2.58,0.38384673,1.55,0.6161532,1.0,09,10
1.41,0.86878,3.08,0.13121992,1.0,09,10
1.42,0.7898578,3.03,0.21014223,0.0,09,10
1.78,0.6392917,2.11,0.3607083,0.0,09,10
1.5,0.78563595,2.73,0.21436408,1.0,09,10
2.02,0.7030376,1.85,0.29696247,1.0,09,11
1.24,0.7786718,4.35,0.22132821,1.0,09,11
2.25,0.40668005,1.7,0.5933199,0.0,09,11
1.62,0.7359004,2.42,0.2640996,0.0,09,11
1.75,0.70042866,2.16,0.29957137,1.0,09,11
1.56,0.77714115,2.57,0.22285877,0.0,09,11
1.51,0.7544361,2.72,0.24556391,0.0,09,11
2.76,0.49985537,1.49,0.50014466,1.0,09,11
1.52,0.78179896,2.66,0.21820109,1.0,09,12
2.05,0.52809626,1.83,0.4719038,1.0,09,12
1.58,0.7235129,2.51,0.27648714,0.0,09,12
2.0,0.65439105,1.87,0.34560895,1.0,09,12
1.57,0.7374973,2.54,0.26250267,1.0,09,12
1.22,0.7952546,4.69,0.20474541,1.0,09,12
2.21,0.44968033,1.72,0.55031973,1.0,09,12
1.89,0.7115435,1.98,0.2884565,1.0,09,12
1.31,0.639267,3.71,0.36073288,1.0,09,12
1.87,0.67212045,1.99,0.3278796,0.0,09,12
1.59,0.7346412,2.5,0.26535878,1.0,09,12
1.61,0.762497,2.43,0.23750295,1.0,09,12
1.81,0.712164,2.08,0.28783602,0.0,09,12
1.95,0.37850833,1.92,0.62149173,0.0,09,12
3.35,0.4372979,1.36,0.56270206,0.0,09,12
1.32,0.7554476,3.62,0.2445524,1.0,09,13
1.77,0.4499997,2.13,0.5500003,0.0,09,13
1.66,0.71282107,2.32,0.28717896,0.0,09,13
1.52,0.74470776,2.67,0.25529224,0.0,09,13
1.66,0.5608583,2.33,0.4391417,1.0,09,13
1.31,0.74757916,3.68,0.25242084,0.0,09,13
1.81,0.6726914,2.09,0.32730854,0.0,09,13
1.33,0.609389,3.55,0.39061096,1.0,09,13
1.92,0.64810497,1.94,0.35189503,0.0,09,13
1.61,0.7674211,2.43,0.23257884,1.0,09,13
1.66,0.6894417,2.32,0.31055832,1.0,09,13
1.65,0.7198719,2.34,0.28012806,0.0,09,13
1.7,0.7090694,2.26,0.2909307,1.0,09,13
3.06,0.45112708,1.42,0.5488729,0.0,09,13
1.83,0.4132397,2.05,0.5867604,1.0,09,13
1.82,0.6585932,2.07,0.34140685,0.0,09,14
1.45,0.7728865,2.92,0.22711347,1.0,09,14
1.45,0.79744875,2.92,0.20255128,1.0,09,14
1.55,0.70773894,2.59,0.2922611,1.0,09,14
1.5,0.786348,2.73,0.21365194,1.0,09,14
1.81,0.5243449,2.1,0.47565508,1.0,09,14
1.71,0.73363185,2.23,0.26636815,1.0,09,14
1.56,0.7197866,2.57,0.28021345,1.0,09,14
1.46,0.58142054,2.85,0.41857943,1.0,09,14
1.96,0.67918265,1.91,0.32081738,0.0,09,14
1.7,0.5755524,2.26,0.42444757,1.0,09,14
2.22,0.38101122,1.72,0.6189888,0.0,09,14
1.81,0.49727723,2.07,0.50272274,1.0,09,15
1.29,0.78718907,3.81,0.21281096,1.0,09,15
1.78,0.6599363,2.11,0.34006372,0.0,09,15
2.32,0.5938294,1.66,0.4061706,0.0,09,15
1.75,0.5347528,2.17,0.46524724,1.0,09,15
1.47,0.73221284,2.83,0.2677872,0.0,09,15
1.84,0.6647092,2.04,0.33529076,1.0,09,15
2.82,0.4409221,1.47,0.559078,0.0,09,15
1.8,0.53745586,2.09,0.4625441,1.0,09,15
1.78,0.5512944,2.12,0.44870558,1.0,09,15
2.0,0.47263047,1.86,0.52736956,0.0,09,15
1.64,0.7958226,2.38,0.20417733,1.0,09,15
1.48,0.621954,2.81,0.37804598,1.0,09,15
2.38,0.46139333,1.63,0.53860664,0.0,09,15
1.5,0.57394075,2.72,0.42605922,1.0,09,16
2.41,0.59107864,1.62,0.40892142,0.0,09,16
1.66,0.53700125,2.33,0.46299872,1.0,09,16
1.53,0.7649777,2.64,0.23502232,1.0,09,16
1.67,0.57295585,2.32,0.42704418,1.0,09,16
1.43,0.7660626,2.98,0.23393738,1.0,09,16
1.93,0.66940355,1.93,0.33059645,0.0,09,16
1.75,0.5446955,2.17,0.45530453,0.0,09,16
1.96,0.6862547,1.91,0.31374526,1.0,09,16
2.02,0.49836168,1.85,0.5016383,0.0,09,16
1.81,0.5395926,2.08,0.46040735,0.0,09,16
1.46,0.7814237,2.85,0.21857639,1.0,09,16
2.26,0.49704635,1.69,0.5029537,0.0,09,16
1.75,0.5620369,2.16,0.4379631,1.0,09,16
1.41,0.7676086,3.07,0.23239143,0.0,09,17
1.97,0.5270436,1.9,0.47295645,1.0,09,17
1.39,0.7700746,3.18,0.22992545,1.0,09,17
1.79,0.7031916,2.1,0.29680842,1.0,09,17
2.19,0.50288266,1.74,0.4971173,1.0,09,17
1.58,0.567343,2.52,0.4326569,0.0,09,17
2.06,0.6722688,1.82,0.32773113,0.0,09,17
1.43,0.61153334,3.0,0.38846666,1.0,09,17
1.72,0.6053057,2.21,0.3946943,1.0,09,17
1.53,0.49695018,2.63,0.5030498,1.0,09,17
1.42,0.7421019,3.0,0.2578981,0.0,09,17
1.51,0.5801236,2.69,0.4198764,0.0,09,17
2.33,0.5247823,1.66,0.47521767,1.0,09,17
1.59,0.6814372,2.49,0.3185628,1.0,09,17
1.81,0.58463067,2.08,0.4153694,0.0,09,18
1.61,0.5933354,2.44,0.40666455,1.0,09,18
3.83,0.41397682,1.29,0.5860232,1.0,09,18
1.93,0.49288973,1.94,0.5071103,0.0,09,18
1.95,0.69131655,1.92,0.3086834,0.0,09,18
2.25,0.42459196,1.7,0.57540804,1.0,09,18
1.59,0.6159366,2.49,0.38406342,1.0,09,19
1.91,0.5448072,1.96,0.45519283,0.0,09,19
2.47,0.48516724,1.6,0.5148328,1.0,09,19
1.91,0.5069067,1.95,0.49309334,0.0,09,19
1.56,0.72269875,2.55,0.27730125,1.0,09,19
1.96,0.43556303,1.91,0.56443703,0.0,09,19
2.1,0.6853077,1.79,0.31469235,0.0,09,19
1.7,0.499794,2.26,0.500206,0.0,09,19
2.84,0.3413422,1.47,0.6586578,0.0,09,19
1.37,0.7016074,3.31,0.2983926,1.0,09,19
1.96,0.31356502,1.92,0.68643504,0.0,09,19
2.61,0.38314715,1.54,0.6168529,1.0,09,19
1.67,0.57946646,2.32,0.4205335,0.0,09,19
2.0,0.50766253,1.87,0.4923374,1.0,09,19
1.32,0.6725814,3.69,0.32741863,1.0,09,20
1.98,0.69113225,1.89,0.30886778,0.0,09,20
2.17,0.47106826,1.75,0.52893174,1.0,09,20
3.08,0.51490575,1.41,0.48509425,0.0,09,20
3.29,0.43608603,1.37,0.563914,1.0,09,20
2.11,0.57681113,1.79,0.42318892,1.0,09,20
1.85,0.6286993,2.03,0.3713007,0.0,09,20
2.67,0.3706656,1.52,0.6293344,0.0,09,20
2.01,0.52584714,1.86,0.4741529,1.0,09,20
2.41,0.34390074,1.62,0.65609926,0.0,09,20
1.27,0.7001594,4.02,0.2998406,1.0,09,20
2.46,0.4311327,1.6,0.5688674,0.0,09,20
2.0,0.329474,1.87,0.67052597,0.0,09,20
1.67,0.5595022,2.32,0.44049785,0.0,09,20
2.84,0.41141146,1.47,0.58858854,0.0,09,21
1.94,0.34108022,1.93,0.65891975,0.0,09,21
2.02,0.714025,1.86,0.28597498,1.0,09,21
1.68,0.7036644,2.29,0.29633558,0.0,09,21
2.71,0.41492775,1.5,0.5850723,0.0,09,21
2.17,0.43936786,1.74,0.56063217,0.0,09,21
2.29,0.3940262,1.67,0.6059738,1.0,09,21
1.32,0.6620826,3.63,0.3379174,0.0,09,21
2.16,0.5938576,1.75,0.4061424,0.0,09,21
2.03,0.45394504,1.85,0.54605496,1.0,09,21
1.61,0.5686912,2.44,0.43130884,0.0,09,21
2.16,0.6465716,1.75,0.35342842,0.0,09,22
2.34,0.570861,1.65,0.42913902,0.0,09,22
2.57,0.5197846,1.56,0.48021537,1.0,09,22
2.18,0.49027532,1.74,0.5097247,0.0,09,22
2.19,0.43495208,1.73,0.56504786,0.0,09,22
1.87,0.42084202,2.02,0.57915795,1.0,09,22
2.02,0.63346016,1.85,0.36653987,0.0,09,22
1.74,0.64938945,2.18,0.35061046,1.0,09,22
2.36,0.45110098,1.64,0.54889905,1.0,09,22
1.72,0.6373795,2.23,0.3626205,1.0,09,22
1.42,0.7589399,3.02,0.24106005,1.0,09,22
1.74,0.6733574,2.18,0.32664257,1.0,09,22
1.44,0.81134236,2.95,0.18865763,1.0,09,22
2.31,0.43167868,1.67,0.56832135,0.0,09,22
2.24,0.3362782,1.71,0.66372174,1.0,09,22
1.74,0.6365948,2.2,0.36340526,1.0,09,23
2.16,0.62727267,1.75,0.37272736,1.0,09,23
2.59,0.46889025,1.55,0.53110975,0.0,09,23
2.18,0.47913775,1.74,0.5208623,0.0,09,23
2.39,0.3070079,1.63,0.6929921,0.0,09,23
2.43,0.44513893,1.61,0.55486107,0.0,09,23
2.0,0.65998155,1.86,0.34001842,0.0,09,23
1.82,0.61831176,2.06,0.3816882,1.0,09,23
1.66,0.6452423,2.32,0.35475764,1.0,09,23
2.45,0.3701231,1.6,0.6298769,0.0,09,23
2.74,0.36934754,1.5,0.6306525,0.0,09,23
1.64,0.72068167,2.37,0.27931833,0.0,09,23
1.94,0.5145006,1.92,0.48549947,1.0,09,23
1.99,0.6358795,1.88,0.36412048,1.0,09,23
1.77,0.77304316,2.14,0.22695689,0.0,09,23
2.67,0.4541492,1.52,0.5458509,0.0,09,24
1.85,0.5579398,2.04,0.44206017,1.0,09,24
2.17,0.5144034,1.75,0.4855966,0.0,09,24
2.32,0.36155534,1.66,0.63844466,0.0,09,24
1.79,0.6197556,2.1,0.38024434,0.0,09,24
2.12,0.64665115,1.78,0.35334882,1.0,09,24
2.02,0.63801837,1.85,0.36198163,1.0,09,24
2.15,0.48924783,1.76,0.5107522,1.0,09,24
2.14,0.6397842,1.77,0.3602158,0.0,09,24
1.87,0.6066894,1.99,0.39331067,1.0,09,24
1.54,0.719085,2.62,0.28091502,1.0,09,24
1.28,0.83379483,3.96,0.16620514,1.0,09,24
2.77,0.3024224,1.49,0.69757754,0.0,09,24
2.14,0.4594794,1.77,0.54052067,0.0,09,24
1.56,0.6033127,2.55,0.39668727,0.0,09,24
1.48,0.74326843,2.8,0.25673154,1.0,09,25
2.06,0.49448547,1.85,0.5055145,0.0,09,25
1.5,0.45573387,2.73,0.5442661,0.0,09,25
1.52,0.74902046,2.66,0.25097957,0.0,09,25
2.06,0.5444572,1.85,0.45554274,1.0,09,25
2.21,0.52171606,1.72,0.47828397,0.0,09,25
2.92,0.48393217,1.45,0.51606786,1.0,09,25
1.69,0.6729892,2.26,0.32701084,0.0,09,25
1.59,0.663047,2.5,0.336953,0.0,09,25
1.84,0.7978274,2.04,0.20217258,0.0,09,25
1.95,0.6175222,1.93,0.38247782,0.0,09,25
1.36,0.87041366,3.34,0.12958635,1.0,09,25
1.58,0.7011663,2.54,0.29883373,1.0,09,26
2.67,0.41060582,1.52,0.58939415,1.0,09,26
2.02,0.71125025,1.85,0.28874975,1.0,09,26
1.45,0.73327446,2.92,0.26672548,0.0,09,26
1.54,0.7058412,2.63,0.29415873,0.0,09,26
2.09,0.53384066,1.8,0.46615928,1.0,09,26
1.62,0.79663396,2.41,0.2033661,1.0,09,26
2.03,0.6642779,1.85,0.3357221,1.0,09,26
2.29,0.53903025,1.68,0.4609697,0.0,09,26
2.61,0.45843795,1.55,0.5415621,0.0,09,26
1.59,0.6981382,2.5,0.30186182,1.0,09,26
1.61,0.6944736,2.45,0.3055264,1.0,09,26
1.4,0.828308,3.14,0.17169195,1.0,09,26
2.05,0.5911116,1.83,0.40888837,0.0,09,26
1.42,0.8380025,3.04,0.16199747,1.0,09,26
2.91,0.45254806,1.45,0.547452,0.0,09,27
1.48,0.7291979,2.79,0.27080217,1.0,09,27
1.93,0.6141832,1.93,0.3858168,1.0,09,27
1.74,0.7831729,2.19,0.21682711,1.0,09,27
1.83,0.6235373,2.06,0.37646273,0.0,09,27
1.41,0.7418509,3.08,0.25814912,1.0,09,27
2.34,0.42032596,1.65,0.57967407,1.0,09,27
1.68,0.6904142,2.28,0.30958578,1.0,09,27
1.71,0.69385177,2.23,0.3061483,1.0,09,27
1.5,0.6995303,2.74,0.3004697,1.0,09,27
2.06,0.53852075,1.82,0.46147925,1.0,09,27
2.79,0.42847908,1.49,0.5715209,1.0,09,27
1.71,0.77681834,2.24,0.22318168,0.0,09,27
1.57,0.6701767,2.53,0.32982337,1.0,09,27
1.39,0.84803057,3.18,0.1519694,1.0,09,27
1.36,0.683631,3.41,0.31636894,1.0,09,28
1.61,0.7692773,2.43,0.23072274,1.0,09,28
1.48,0.71283424,2.79,0.28716573,0.0,09,28
1.83,0.7205438,2.05,0.27945617,1.0,09,28
1.96,0.5737813,1.9,0.4262187,0.0,09,28
1.7,0.5833384,2.25,0.41666165,0.0,09,28
2.1,0.71917146,1.79,0.28082854,0.0,09,28
2.03,0.44409314,1.84,0.5559068,1.0,09,28
1.49,0.6678794,2.76,0.33212066,0.0,09,28
1.41,0.72579515,3.07,0.2742049,1.0,09,29
1.56,0.7757253,2.57,0.22427468,1.0,09,29
1.69,0.61578524,2.25,0.38421473,1.0,09,29
1.49,0.74995995,2.75,0.25004008,1.0,09,29
2.0,0.5580179,1.87,0.4419821,0.0,09,29
1.32,0.8119484,3.59,0.1880515,1.0,09,29
1.83,0.6799823,2.05,0.32001767,1.0,09,29
1.77,0.7478449,2.14,0.25215515,1.0,09,29
2.29,0.5512986,1.68,0.4487014,1.0,09,29
1.56,0.67675924,2.56,0.32324076,1.0,09,29
2.37,0.4107902,1.64,0.58920985,1.0,09,29
1.98,0.55402654,1.88,0.4459735,0.0,09,29
1.75,0.62459564,2.16,0.37540433,1.0,09,29
1.79,0.7099576,2.1,0.29004234,1.0,09,29
1.93,0.57989967,1.94,0.4201004,1.0,09,30
1.63,0.68618435,2.38,0.31381565,1.0,09,30
1.48,0.7369104,2.8,0.26308963,1.0,09,30
1.97,0.6327582,1.9,0.3672419,0.0,09,30
1.74,0.64241487,2.2,0.3575851,1.0,09,30
1.5,0.6447191,2.76,0.3552809,1.0,09,30
1.8,0.5673432,2.11,0.43265682,0.0,09,30
1.36,0.74486053,3.37,0.25513947,0.0,09,30
1.26,0.8165175,4.2,0.1834826,0.0,09,30
1.5,0.65082085,2.75,0.34917912,0.0,09,30
1.83,0.4483867,2.05,0.5516133,1.0,09,30
1.79,0.76745945,2.1,0.23254056,1.0,09,30
2.9,0.47553265,1.46,0.5244673,0.0,09,30
1.82,0.5610225,2.07,0.4389775,0.0,09,30
2.16,0.5145581,1.76,0.48544186,0.0,10,01
1.54,0.7212024,2.64,0.27879763,0.0,10,01
1.71,0.51986843,2.23,0.48013163,1.0,10,01
1.67,0.7176681,2.3,0.2823319,1.0,10,01
1.67,0.7323372,2.3,0.26766285,0.0,10,01
1.49,0.7341325,2.76,0.2658675,0.0,10,01
2.12,0.5472626,1.77,0.4527374,1.0,10,01
1.47,0.80179906,2.87,0.19820091,1.0,10,01
2.31,0.5611688,1.68,0.4388312,0.0,10,01
1.64,0.61855567,2.38,0.38144436,1.0,10,01
1.82,0.6066017,2.06,0.39339826,1.0,10,01
2.12,0.418684,1.78,0.581316,0.0,10,01
1.77,0.5874343,2.15,0.4125657,0.0,10,01
1.54,0.7056035,2.63,0.2943965,0.0,10,01
