1.71,0.99999976,2.23,2.0221758e-07,1.0
1.79,0.99999964,2.11,3.4468476e-07,1.0
2.42,2.226885e-19,1.62,1.0,0.0
2.47,4.8500174e-17,1.6,1.0,0.0
2.49,0.99999666,1.59,3.322797e-06,1.0
2.04,0.9999993,1.84,6.7724653e-07,1.0
2.08,0.9999995,1.81,4.655696e-07,1.0
2.06,4.062909e-19,1.82,1.0,0.0
1.77,6.669637e-12,2.14,1.0,0.0
1.33,6.6708715e-08,3.56,0.9999999,0.0
2.57,0.9999865,1.56,1.3475004e-05,1.0
1.87,0.9999999,2.01,1.2484229e-07,1.0
2.12,2.36481e-17,1.78,1.0,0.0
2.78,1.2514622e-21,1.48,1.0,0.0
2.26,6.812897e-19,1.69,1.0,0.0
2.3,0.5096662,1.67,0.4903338,0.0
1.93,0.5637866,1.93,0.43621334,0.0
2.56,0.47489038,1.56,0.5251096,1.0
1.69,1.0,2.28,3.7641826e-08,1.0
1.6,1.5908347e-10,2.46,1.0,0.0
2.02,8.97341e-18,1.86,1.0,0.0
1.93,0.5512218,1.93,0.44877818,0.0
1.81,0.99999976,2.07,1.9280358e-07,1.0
2.32,5.204949e-20,1.67,1.0,0.0
1.96,0.3614431,1.9,0.6385569,0.0
2.74,0.23223089,1.5,0.76776916,0.0
1.95,0.27443266,1.91,0.7255674,1.0
1.94,0.50283796,1.92,0.49716207,0.0
2.06,0.32961285,1.83,0.67038715,0.0
2.04,0.5307917,1.84,0.46920827,0.0
1.88,0.75628835,1.99,0.24371172,1.0
1.91,1.1794026e-16,1.95,1.0,0.0
1.67,0.80702347,2.3,0.19297649,0.0
2.08,8.3027163e-19,1.81,1.0,0.0
1.49,0.44994012,2.77,0.5500599,1.0
1.85,0.3496968,2.02,0.6503032,0.0
1.86,0.5003191,2.01,0.49968088,1.0
1.89,1.7640749e-16,1.98,1.0,0.0
2.3,0.688179,1.68,0.31182095,0.0
1.94,0.018100975,1.93,0.981899,0.0
2.4,0.0013996942,1.63,0.9986003,0.0
2.1,0.008037624,1.8,0.9919624,0.0
2.16,2.4663949e-19,1.75,1.0,0.0
2.24,0.6648917,1.7,0.33510828,1.0
1.89,1.3001265e-17,1.98,1.0,0.0
1.53,0.6241419,2.65,0.3758581,1.0
1.72,0.39548942,2.22,0.60451055,1.0
1.89,0.34301013,1.98,0.6569899,1.0
1.84,0.26160023,2.04,0.7383998,0.0
2.3,0.38412607,1.67,0.61587393,1.0
1.44,0.62024593,2.94,0.379754,1.0
1.56,0.5500506,2.57,0.44994938,1.0
2.07,0.024705019,1.82,0.975295,0.0
1.99,0.7029154,1.89,0.29708466,1.0
1.61,0.45763656,2.45,0.54236346,1.0
2.0,0.3528993,1.88,0.6471007,0.0
1.89,0.08596495,1.98,0.9140351,0.0
1.89,0.12168288,1.97,0.87831706,0.0
1.58,0.6029547,2.51,0.3970453,1.0
1.84,0.50064456,2.03,0.49935547,0.0
1.52,0.6829751,2.67,0.3170249,1.0
1.79,0.8190958,2.11,0.18090424,1.0
2.13,0.39982572,1.77,0.60017437,1.0
1.87,0.47836238,2.0,0.5216376,1.0
1.4,0.7316647,3.16,0.26833525,1.0
2.52,0.7476511,1.57,0.25234884,1.0
1.75,0.49604878,2.16,0.5039512,1.0
1.76,0.1409903,2.15,0.85900974,0.0
1.97,0.39730397,1.9,0.60269606,1.0
2.8,0.3958914,1.48,0.60410863,1.0
1.39,0.6910988,3.21,0.30890116,1.0
1.74,0.93025255,2.18,0.069747485,1.0
1.58,0.72706175,2.52,0.27293828,1.0
2.17,0.71315086,1.75,0.28684917,1.0
2.32,0.47631106,1.66,0.5236889,1.0
1.84,0.34756857,2.03,0.65243137,0.0
1.44,0.5932551,2.93,0.40674487,0.0
1.73,0.5932195,2.2,0.40678045,1.0
1.96,0.10784205,1.91,0.892158,0.0
1.61,0.45520076,2.44,0.5447992,1.0
2.13,0.016225288,1.77,0.9837748,0.0
1.63,0.4561853,2.39,0.54381466,0.0
1.41,0.57310814,3.08,0.4268919,1.0
1.65,0.68214285,2.35,0.31785718,1.0
1.61,0.34725687,2.42,0.6527431,0.0
1.95,0.044834953,1.92,0.955165,0.0
1.74,0.1857536,2.19,0.8142465,0.0
1.95,0.60734993,1.91,0.3926501,1.0
1.38,0.6591795,3.25,0.3408204,0.0
1.66,0.4319735,2.34,0.56802654,1.0
1.83,0.50598276,2.05,0.4940173,0.0
1.96,0.048814654,1.9,0.95118535,0.0
1.43,0.72897696,3.01,0.27102304,1.0
1.65,0.52122515,2.34,0.47877485,0.0
1.55,0.47388375,2.59,0.5261163,0.0
2.07,0.52649826,1.81,0.4735018,1.0
2.06,0.13762423,1.82,0.8623758,0.0
1.34,0.44463578,3.46,0.55536425,0.0
2.19,0.2602377,1.73,0.7397623,1.0
1.73,0.593218,2.21,0.40678194,1.0
1.57,0.60442185,2.54,0.39557815,1.0
1.42,0.69340336,3.04,0.3065966,1.0
1.62,0.41520745,2.41,0.58479255,0.0
1.83,0.032267287,2.05,0.9677327,0.0
1.61,0.5281086,2.44,0.47189146,0.0
1.91,0.66768914,1.95,0.33231086,1.0
2.2,0.107354596,1.73,0.89264536,0.0
1.4,0.5874396,3.13,0.41256037,0.0
1.59,0.76432085,2.49,0.23567913,1.0
2.11,0.37046945,1.8,0.62953055,1.0
1.76,0.2987724,2.16,0.7012276,0.0
1.31,0.5357648,3.67,0.46423516,1.0
2.15,0.40821472,1.76,0.5917853,1.0
1.68,0.6209915,2.29,0.37900844,1.0
1.85,0.31437024,2.03,0.68562967,0.0
1.5,0.6440967,2.75,0.3559034,1.0
1.53,0.6014949,2.65,0.3985051,0.0
1.45,0.71670985,2.91,0.28329015,1.0
1.51,0.5798332,2.7,0.42016676,0.0
1.66,0.43075705,2.33,0.56924295,1.0
1.57,0.022399772,2.55,0.9776003,0.0
1.36,0.54465324,3.38,0.4553467,1.0
2.04,0.035172716,1.84,0.9648273,0.0
1.64,0.5448524,2.37,0.4551476,0.0
2.0,0.40614656,1.87,0.5938535,0.0
1.66,0.47133783,2.33,0.5286622,0.0
2.99,0.02933204,1.43,0.970668,0.0
1.56,0.522628,2.57,0.47737202,1.0
1.55,0.3955014,2.58,0.6044986,0.0
2.24,0.14682595,1.7,0.853174,0.0
1.34,0.6414383,3.45,0.35856172,1.0
1.7,0.32602257,2.25,0.67397743,0.0
1.87,0.4421069,2.0,0.5578931,0.0
1.73,0.7007602,2.2,0.2992398,1.0
1.4,0.5570953,3.13,0.44290474,1.0
2.17,0.1109705,1.75,0.88902956,0.0
2.36,0.15727614,1.64,0.84272385,0.0
1.94,0.5169917,1.93,0.48300827,1.0
1.54,0.42474732,2.63,0.5752527,0.0
1.93,0.33325148,1.94,0.66674846,0.0
1.99,0.28598842,1.88,0.7140116,0.0
1.67,0.43135202,2.31,0.568648,0.0
1.48,0.64554423,2.78,0.35445574,1.0
1.74,0.5785323,2.17,0.42146772,1.0
2.14,0.42832473,1.76,0.5716753,0.0
1.5,0.7520619,2.73,0.24793813,1.0
1.43,0.6293128,3.01,0.37068716,1.0
2.26,0.29066065,1.7,0.7093393,0.0
2.41,0.42523202,1.62,0.574768,1.0
1.93,0.30407363,1.93,0.6959264,0.0
1.61,0.44323075,2.42,0.5567692,1.0
1.64,0.35856837,2.37,0.6414316,0.0
1.8,0.6252917,2.09,0.37470827,1.0
1.97,0.6077544,1.9,0.3922456,1.0
1.82,0.43911535,2.07,0.56088465,0.0
2.35,0.54035825,1.65,0.4596418,1.0
1.67,0.31598616,2.31,0.68401384,0.0
2.08,0.41777843,1.81,0.58222157,1.0
2.24,0.23404483,1.71,0.7659552,0.0
1.64,0.42662933,2.36,0.5733707,1.0
1.97,0.4659646,1.89,0.53403544,0.0
1.34,0.74274385,3.47,0.2572561,1.0
1.74,0.49508256,2.18,0.5049174,1.0
1.9,0.72883373,1.96,0.27116627,1.0
1.95,0.40149358,1.91,0.5985064,0.0
1.59,0.58463454,2.48,0.4153654,1.0
1.99,0.3194868,1.88,0.68051326,0.0
1.54,0.61073285,2.61,0.38926715,0.0
1.52,0.47381464,2.66,0.52618533,0.0
1.45,0.68836296,2.9,0.311637,1.0
2.32,0.32794574,1.66,0.67205423,0.0
1.53,0.36449748,2.64,0.6355025,0.0
2.0,0.46966046,1.87,0.53033954,1.0
1.43,0.5503633,3.0,0.4496367,1.0
2.35,0.32960942,1.65,0.67039055,0.0
2.22,0.23085971,1.72,0.7691403,0.0
1.49,0.60723335,2.77,0.39276662,0.0
2.44,0.3392329,1.61,0.66076714,0.0
1.56,0.3744462,2.55,0.62555385,0.0
1.4,0.6654494,3.14,0.33455065,1.0
1.68,0.6027736,2.27,0.3972264,0.0
2.62,0.0935058,1.54,0.90649414,0.0
1.89,0.40318468,1.98,0.5968153,1.0
1.91,0.6491458,1.96,0.3508542,0.0
1.4,0.59543014,3.13,0.4045698,1.0
2.45,0.31724906,1.61,0.68275094,0.0
1.65,0.6277647,2.35,0.37223533,0.0
2.1,0.40324855,1.79,0.59675145,1.0
2.07,0.5844074,1.82,0.41559264,1.0
1.62,0.6341736,2.41,0.3658264,1.0
1.5,0.4520221,2.71,0.5479779,1.0
2.09,0.37586123,1.81,0.6241388,0.0
1.56,0.6632291,2.57,0.33677092,1.0
1.41,0.554854,3.12,0.445146,0.0
1.78,0.65166503,2.12,0.34833497,0.0
1.88,0.33209363,1.99,0.66790634,0.0
2.45,0.34109536,1.6,0.6589046,0.0
1.89,0.44185856,1.98,0.55814147,1.0
1.54,0.66141766,2.61,0.3385824,0.0
1.91,0.6193919,1.96,0.38060814,1.0
1.45,0.69214904,2.9,0.30785096,1.0
2.48,0.35150108,1.6,0.6484989,0.0
1.49,0.45325935,2.78,0.54674065,1.0
1.72,0.621131,2.22,0.37886903,0.0
1.49,0.41052756,2.77,0.5894725,0.0
1.46,0.6952457,2.87,0.30475426,1.0
1.77,0.4026945,2.13,0.59730554,1.0
1.96,0.44837868,1.9,0.5516213,0.0
1.3,0.61706734,3.78,0.3829327,0.0
1.3,0.66464365,3.81,0.33535644,1.0
1.76,0.36649966,2.14,0.6335004,0.0
1.57,0.424131,2.54,0.575869,0.0
1.59,0.49987733,2.48,0.50012267,1.0
2.12,0.6848381,1.78,0.31516194,1.0
1.79,0.41873136,2.11,0.5812686,0.0
1.66,0.49615392,2.34,0.5038461,1.0
2.28,0.33247352,1.69,0.6675265,0.0
1.97,0.60581875,1.89,0.39418125,1.0
1.53,0.5748413,2.67,0.42515868,1.0
1.29,0.55053407,3.85,0.44946596,0.0
1.99,0.34746325,1.88,0.65253675,1.0
1.71,0.39910614,2.23,0.60089386,0.0
1.53,0.54187137,2.67,0.45812863,1.0
2.73,0.39934024,1.5,0.6006598,0.0
1.99,0.3479814,1.88,0.6520186,0.0
1.65,0.43383145,2.34,0.56616855,0.0
1.92,0.65884566,1.94,0.34115434,0.0
1.65,0.5207127,2.34,0.4792873,1.0
1.77,0.4364526,2.14,0.5635475,0.0
1.66,0.65236664,2.33,0.34763336,1.0
1.53,0.50267655,2.63,0.4973235,1.0
1.61,0.42986885,2.44,0.5701312,0.0
2.9,0.36998186,1.45,0.6300182,0.0
2.69,0.4880983,1.51,0.5119018,0.0
1.81,0.42261365,2.07,0.5773864,1.0
2.09,0.33475557,1.8,0.6652445,1.0
2.06,0.43406266,1.82,0.56593734,1.0
1.71,0.5179228,2.22,0.4820772,1.0
1.47,0.48402795,2.81,0.515972,1.0
1.5,0.5896439,2.75,0.41035604,1.0
2.02,0.53887045,1.85,0.4611296,1.0
1.9,0.38496292,1.94,0.6150371,1.0
1.82,0.72923,2.07,0.27077004,1.0
1.62,0.57376623,2.42,0.42623377,0.0
1.94,0.40958953,1.93,0.5904105,0.0
2.49,0.35849506,1.59,0.6415049,0.0
2.63,0.46811402,1.54,0.531886,0.0
2.05,0.3661465,1.83,0.6338535,1.0
1.82,0.44557893,2.06,0.5544211,1.0
2.63,0.43580303,1.53,0.56419694,0.0
1.62,0.55827904,2.4,0.4417209,1.0
2.02,0.6129279,1.85,0.3870721,1.0
1.94,0.54899,1.92,0.45101002,1.0
1.53,0.48705584,2.64,0.51294416,1.0
1.58,0.634779,2.52,0.365221,1.0
1.98,0.39587986,1.89,0.60412014,0.0
1.75,0.49003127,2.15,0.5099687,1.0
2.07,0.5529349,1.81,0.44706514,1.0
1.52,0.48769704,2.66,0.512303,0.0
1.9,0.5814601,1.97,0.4185399,1.0
1.75,0.3593398,2.15,0.64066017,0.0
1.76,0.50862217,2.15,0.49137786,1.0
2.26,0.40083826,1.69,0.59916174,0.0
1.79,0.42087087,2.11,0.57912916,0.0
3.32,0.29130962,1.37,0.7086904,0.0
1.62,0.45291987,2.42,0.54708016,1.0
1.47,0.5526595,2.83,0.4473405,1.0
1.93,0.36483043,1.93,0.6351696,0.0
1.89,0.49884102,1.99,0.50115895,0.0
2.23,0.41574594,1.71,0.584254,0.0
1.64,0.42152226,2.36,0.5784778,0.0
1.66,0.4293433,2.33,0.5706567,0.0
1.61,0.54124004,2.44,0.45876,1.0
1.88,0.39079016,1.99,0.6092098,1.0
1.44,0.56159526,2.97,0.43840477,1.0
2.75,0.44184747,1.49,0.55815256,0.0
1.55,0.60009086,2.59,0.39990908,1.0
1.78,0.5244415,2.12,0.47555855,1.0
2.42,0.49604213,1.62,0.50395787,1.0
2.87,0.35103372,1.46,0.64896625,0.0
1.51,0.45962813,2.7,0.54037184,1.0
2.5,0.37052175,1.59,0.6294783,0.0
1.59,0.5618111,2.48,0.4381889,1.0
2.14,0.40449384,1.76,0.59550613,1.0
2.5,0.4634387,1.59,0.5365613,1.0
1.45,0.5315223,2.91,0.4684777,1.0
1.98,0.4321759,1.89,0.56782407,1.0
3.29,0.47161987,1.37,0.5283801,0.0
1.4,0.57539827,3.11,0.4246018,1.0
1.57,0.4412451,2.54,0.5587549,0.0
1.84,0.51893896,2.04,0.48106107,1.0
1.61,0.52877754,2.44,0.47122243,1.0
2.73,0.36850324,1.5,0.6314967,0.0
1.51,0.42809868,2.68,0.5719013,1.0
1.65,0.5010105,2.35,0.49898955,1.0
2.03,0.40912217,1.86,0.5908779,1.0
2.01,0.3547256,1.87,0.64527434,0.0
2.14,0.48349264,1.77,0.5165073,1.0
1.87,0.42371014,2.0,0.5762899,0.0
1.67,0.56225157,2.3,0.4377484,1.0
1.48,0.53409696,2.8,0.465903,1.0
2.08,0.47984466,1.81,0.5201554,1.0
1.48,0.622623,2.8,0.377377,1.0
2.63,0.47582203,1.53,0.5241779,0.0
2.07,0.42074427,1.82,0.57925576,0.0
2.32,0.41449684,1.66,0.58550316,1.0
1.48,0.45159766,2.78,0.54840225,0.0
1.51,0.42189422,2.68,0.57810575,0.0
1.37,0.56420976,3.28,0.43579024,1.0
1.98,0.44698226,1.88,0.55301774,1.0
2.13,0.40823492,1.77,0.5917651,0.0
1.74,0.48339102,2.18,0.51660895,0.0
1.65,0.5571268,2.34,0.44287315,1.0
1.98,0.46104863,1.89,0.5389514,1.0
1.92,0.50457716,1.94,0.49542293,0.0
1.88,0.5229967,1.99,0.4770033,1.0
1.85,0.42910492,2.02,0.5708951,0.0
1.69,0.43608078,2.26,0.5639192,0.0
2.16,0.2908039,1.75,0.7091961,0.0
1.53,0.41376865,2.64,0.58623135,0.0
1.63,0.41503477,2.39,0.5849653,1.0
1.37,0.5230619,3.29,0.4769382,0.0
1.97,0.40947172,1.9,0.5905282,1.0
2.25,0.3892862,1.7,0.6107138,0.0
1.48,0.48353022,2.79,0.51646984,1.0
1.58,0.42607045,2.5,0.57392955,1.0
2.43,0.38627657,1.61,0.6137234,0.0
1.49,0.4553439,2.81,0.54465616,0.0
1.55,0.5836463,2.59,0.41635376,1.0
1.94,0.45250994,1.92,0.54749006,0.0
1.74,0.5415156,2.19,0.4584844,1.0
1.86,0.5003504,2.01,0.49964964,0.0
1.9,0.5555813,1.96,0.44441873,1.0
2.24,0.45860413,1.7,0.54139584,0.0
1.25,0.54514694,4.21,0.4548531,0.0
1.94,0.4743901,1.93,0.5256099,1.0
1.94,0.3660524,1.93,0.6339476,0.0
1.73,0.42442802,2.2,0.575572,1.0
1.49,0.48622757,2.81,0.5137725,1.0
2.16,0.48282632,1.76,0.5171737,0.0
1.64,0.4982151,2.38,0.5017849,1.0
1.46,0.5821369,2.86,0.41786307,1.0
1.78,0.5176725,2.12,0.4823275,0.0
1.93,0.43649375,1.93,0.5635062,1.0
1.9,0.5463596,1.97,0.4536404,0.0
1.75,0.51100457,2.16,0.48899543,0.0
2.78,0.41577837,1.48,0.5842217,0.0
1.59,0.478737,2.48,0.521263,1.0
1.57,0.43387145,2.54,0.5661286,0.0
1.56,0.48931387,2.56,0.51068604,1.0
1.84,0.5362198,2.04,0.46378028,1.0
1.58,0.6316503,2.51,0.36834964,1.0
2.14,0.39668137,1.76,0.6033186,1.0
1.68,0.4177187,2.28,0.5822813,0.0
1.67,0.4371114,2.3,0.56288856,0.0
1.63,0.50240487,2.39,0.49759507,0.0
1.4,0.5972261,3.14,0.40277392,1.0
1.54,0.52622503,2.61,0.47377497,0.0
1.86,0.5365763,2.01,0.4634237,0.0
1.85,0.40482342,2.02,0.5951766,0.0
2.25,0.32904306,1.7,0.67095697,0.0
2.44,0.33811954,1.61,0.66188043,0.0
2.18,0.42311236,1.74,0.5768876,1.0
1.66,0.6141676,2.33,0.3858325,1.0
1.78,0.39656845,2.14,0.6034316,0.0
1.6,0.49819574,2.46,0.5018043,1.0
1.48,0.5447917,2.79,0.4552083,0.0
2.35,0.44949883,1.65,0.55050117,0.0
2.15,0.3895126,1.76,0.61048746,0.0
1.62,0.43935478,2.42,0.5606452,0.0
1.42,0.56121826,3.03,0.4387817,0.0
1.83,0.58277833,2.06,0.41722172,0.0
1.69,0.5328679,2.25,0.46713212,0.0
2.13,0.44291463,1.78,0.55708545,1.0
1.44,0.5510431,2.93,0.4489569,1.0
1.78,0.41583169,2.14,0.5841683,1.0
1.71,0.40348265,2.23,0.5965173,1.0
1.96,0.3919332,1.9,0.60806686,0.0
2.35,0.46383932,1.65,0.53616065,1.0
1.63,0.5504335,2.4,0.44956654,1.0
1.48,0.57489824,2.8,0.4251018,1.0
1.4,0.51191103,3.13,0.488089,1.0
1.88,0.5066583,1.99,0.49334168,0.0
1.87,0.5834794,2.0,0.41652063,0.0
2.08,0.42789188,1.81,0.5721081,1.0
1.83,0.4465264,2.04,0.55347353,1.0
1.47,0.57494533,2.81,0.42505458,1.0
1.51,0.5982552,2.69,0.40174478,0.0
1.84,0.4130937,2.03,0.5869064,1.0
1.68,0.49168965,2.29,0.5083103,1.0
2.21,0.39252132,1.72,0.6074787,0.0
2.31,0.46496698,1.66,0.535033,1.0
1.81,0.3860485,2.08,0.61395156,0.0
1.55,0.50111985,2.57,0.49888012,1.0
1.5,0.4412608,2.71,0.55873924,1.0
1.89,0.4531329,1.98,0.5468671,1.0
1.41,0.57516867,3.1,0.42483142,1.0
2.04,0.4376512,1.84,0.5623487,0.0
2.16,0.4239695,1.75,0.5760305,0.0
1.58,0.5152509,2.51,0.48474902,1.0
1.86,0.52414846,2.01,0.47585157,0.0
1.69,0.5187279,2.26,0.48127216,1.0
1.59,0.51669747,2.48,0.4833025,1.0
1.5,0.5214664,2.73,0.47853366,0.0
1.43,0.54814124,3.01,0.4518587,1.0
1.31,0.6141317,3.73,0.38586828,0.0
2.06,0.37240165,1.82,0.6275984,0.0
2.37,0.5034412,1.63,0.49655885,1.0
1.54,0.5669915,2.61,0.4330085,0.0
1.63,0.22422025,2.4,0.7757797,0.0
1.58,0.5449406,2.52,0.4550594,0.0
1.78,0.55974543,2.11,0.44025457,0.0
1.42,0.48651078,3.04,0.5134892,1.0
2.77,0.48359382,1.49,0.51640624,1.0
1.53,0.50701123,2.63,0.4929888,1.0
1.85,0.55087566,2.03,0.4491243,1.0
1.69,0.4274842,2.27,0.5725158,0.0
1.54,0.5942726,2.62,0.4057274,1.0
1.32,0.61036015,3.63,0.38963982,1.0
2.09,0.49910644,1.8,0.5008936,1.0
1.96,0.55298346,1.91,0.44701657,1.0
1.37,0.4878854,3.3,0.5121146,1.0
1.45,0.4183885,2.9,0.5816115,0.0
1.79,0.5466379,2.11,0.45336214,1.0
1.51,0.490492,2.7,0.509508,1.0
1.96,0.468927,1.9,0.531073,0.0
1.66,0.54539335,2.33,0.45460665,0.0
2.1,0.47607896,1.79,0.5239211,0.0
1.9,0.46849084,1.97,0.53150916,0.0
1.64,0.43428355,2.37,0.5657164,1.0
1.55,0.5534332,2.6,0.44656685,0.0
1.73,0.30721277,2.2,0.69278723,1.0
1.53,0.61093843,2.62,0.38906157,0.0
1.89,0.4692988,1.98,0.5307012,0.0
1.85,0.46247616,2.02,0.5375238,0.0
1.74,0.4002565,2.19,0.5997434,1.0
1.69,0.44428232,2.26,0.5557177,0.0
2.36,0.32608056,1.64,0.67391944,1.0
2.1,0.4722655,1.79,0.5277345,1.0
1.53,0.5781939,2.62,0.4218061,1.0
1.58,0.5229071,2.51,0.4770929,1.0
2.02,0.4781556,1.85,0.5218444,1.0
1.48,0.6345265,2.79,0.36547354,1.0
1.75,0.5942057,2.16,0.4057943,1.0
1.88,0.52345943,1.98,0.47654057,1.0
1.79,0.387517,2.11,0.612483,0.0
2.39,0.46400705,1.64,0.53599304,1.0
1.66,0.5549542,2.32,0.4450459,0.0
2.51,0.040741134,1.58,0.9592588,0.0
2.43,0.3983953,1.61,0.60160476,0.0
1.85,0.520394,2.02,0.47960594,0.0
1.66,0.36751875,2.32,0.6324813,1.0
1.87,0.40336853,2.0,0.59663147,1.0
2.1,0.32129344,1.79,0.6787065,0.0
2.69,0.3922996,1.51,0.6077004,0.0
1.57,0.58714616,2.53,0.41285378,1.0
2.03,0.32697734,1.84,0.6730226,0.0
1.9,0.58823717,1.96,0.41176277,1.0
1.8,0.43456936,2.1,0.56543064,1.0
1.65,0.5249501,2.34,0.4750499,0.0
1.64,0.38141334,2.37,0.61858666,0.0
1.94,0.46380284,1.92,0.5361971,1.0
1.77,0.57377,2.14,0.42623004,0.0
2.06,0.43367913,1.83,0.5663209,0.0
1.78,0.51996136,2.12,0.4800386,0.0
1.98,0.58157545,1.89,0.4184246,1.0
1.79,0.38801253,2.11,0.6119875,0.0
2.92,0.37591666,1.45,0.6240834,1.0
2.31,0.32322657,1.67,0.6767734,0.0
2.1,0.48714718,1.79,0.5128528,1.0
1.7,0.51297307,2.26,0.48702684,1.0
1.93,0.3450998,1.93,0.65490025,1.0
1.75,0.58341,2.16,0.41658995,1.0
1.5,0.43910334,2.7,0.5608966,0.0
1.73,0.398871,2.19,0.60112906,0.0
1.7,0.5399514,2.25,0.4600486,0.0
1.47,0.6240076,2.81,0.37599245,1.0
2.35,0.41736263,1.64,0.58263737,0.0
1.8,0.60870135,2.08,0.39129868,0.0
1.68,0.4728444,2.28,0.5271556,1.0
3.12,0.3430967,1.4,0.6569033,0.0
2.26,0.3805277,1.69,0.6194723,1.0
1.59,0.5837427,2.47,0.41625723,1.0
2.81,0.43445823,1.47,0.5655418,1.0
1.76,0.52613825,2.15,0.47386178,0.0
2.11,0.22505873,1.78,0.7749413,0.0
1.94,0.46430826,1.92,0.53569174,1.0
2.07,0.61082315,1.82,0.38917682,1.0
1.94,0.4117304,1.93,0.5882696,0.0
1.79,0.573449,2.1,0.42655095,0.0
1.46,0.6664248,2.86,0.3335752,1.0
1.89,0.45870268,1.98,0.54129726,1.0
2.17,0.41240346,1.74,0.58759654,0.0
2.53,0.23492171,1.57,0.76507825,0.0
1.58,0.64961404,2.51,0.35038587,0.0
1.63,0.38328436,2.4,0.6167156,0.0
1.43,0.62873304,3.0,0.37126696,1.0
1.54,0.7058965,2.63,0.29410347,1.0
2.02,0.427179,1.85,0.57282096,0.0
1.72,0.4700879,2.21,0.5299122,1.0
1.74,0.54889005,2.18,0.45110992,0.0
2.41,0.42713752,1.62,0.57286245,1.0
1.61,0.6488067,2.45,0.3511933,1.0
1.57,0.54483354,2.53,0.4551665,0.0
2.26,0.44524416,1.7,0.5547558,0.0
1.81,0.4021907,2.08,0.5978094,1.0
2.31,0.44214225,1.67,0.5578578,0.0
1.82,0.584376,2.06,0.41562402,0.0
2.05,0.3336207,1.83,0.66637933,0.0
1.92,0.4684139,1.94,0.53158605,1.0
2.42,0.39706087,1.62,0.6029391,0.0
1.58,0.5553921,2.51,0.44460788,1.0
1.96,0.43930262,1.91,0.5606974,0.0
1.41,0.63945645,3.08,0.36054352,1.0
1.72,0.3788312,2.22,0.62116885,0.0
2.57,0.39686123,1.56,0.6031388,0.0
1.68,0.5829305,2.29,0.41706946,1.0
1.86,0.56063586,2.0,0.4393641,1.0
1.87,0.63356763,2.0,0.36643237,1.0
1.86,0.47825304,2.02,0.5217469,1.0
1.92,0.48946583,1.94,0.51053417,0.0
2.18,0.3987553,1.74,0.6012447,1.0
1.8,0.5868717,2.08,0.41312832,1.0
1.6,0.64950776,2.48,0.35049224,1.0
1.92,0.5013136,1.94,0.4986864,1.0
1.78,0.53692055,2.12,0.46307948,0.0
1.62,0.5205086,2.4,0.47949144,0.0
1.67,0.44047937,2.3,0.55952066,0.0
1.71,0.5590711,2.24,0.44092885,0.0
1.64,0.5520472,2.38,0.4479528,1.0
1.55,0.63091004,2.59,0.36908993,0.0
2.35,0.35739404,1.65,0.64260596,0.0
1.41,0.6594401,3.06,0.34055993,1.0
1.76,0.5810603,2.15,0.41893977,1.0
1.53,0.67316455,2.65,0.32683545,0.0
1.63,0.5491704,2.37,0.45082965,0.0
1.8,0.6509056,2.09,0.34909436,1.0
2.62,0.45897034,1.54,0.54102963,1.0
1.42,0.644732,3.02,0.355268,0.0
1.37,0.55429006,3.3,0.44570994,0.0
1.87,0.4534403,2.0,0.54655963,0.0
2.74,0.43794885,1.5,0.5620512,0.0
1.55,0.5312151,2.6,0.468785,0.0
1.5,0.63468605,2.74,0.36531395,0.0
2.26,0.42830992,1.69,0.57169,0.0
1.54,0.6909412,2.6,0.3090588,1.0
1.38,0.6525653,3.28,0.34743476,1.0
1.99,0.56517196,1.93,0.434828,1.0
2.61,0.4543796,1.54,0.5456204,0.0
2.27,0.45799035,1.68,0.54200965,0.0
1.49,0.6598665,2.77,0.34013346,1.0
2.28,0.49032176,1.68,0.50967824,1.0
1.99,0.5676216,1.93,0.43237835,0.0
1.8,0.6129747,2.09,0.38702527,1.0
1.43,0.55057514,2.99,0.44942486,1.0
2.28,0.4497055,1.68,0.55029446,0.0
1.8,0.45590973,2.1,0.5440902,1.0
2.05,0.48340356,1.83,0.5165964,1.0
1.83,0.49043903,2.06,0.509561,0.0
1.57,0.6180069,2.54,0.38199306,0.0
1.84,0.52909005,2.04,0.47090998,1.0
1.33,0.7516705,3.54,0.24832949,1.0
2.14,0.4159964,1.76,0.5840036,0.0
1.37,0.71143144,3.27,0.28856853,1.0
2.96,0.40342048,1.44,0.5965795,1.0
1.83,0.56527203,2.05,0.434728,1.0
1.66,0.6256419,2.34,0.37435803,0.0
1.33,0.5795558,3.55,0.42044413,1.0
1.37,0.6261227,3.3,0.3738773,0.0
1.62,0.45554686,2.42,0.5444531,0.0
1.59,0.49968383,2.49,0.5003162,1.0
1.65,0.58701545,2.34,0.4129846,0.0
2.11,0.4767299,1.79,0.52327013,1.0
1.83,0.5370628,2.06,0.46293718,0.0
1.64,0.56908524,2.37,0.4309147,0.0
1.93,0.39807552,1.94,0.6019244,0.0
1.64,0.62780625,2.37,0.37219372,0.0
3.35,0.46811718,1.36,0.5318829,1.0
1.89,0.48564866,1.97,0.5143513,0.0
1.68,0.5463234,2.29,0.45367658,0.0
2.11,0.38210562,1.79,0.61789435,1.0
1.91,0.38739222,1.96,0.61260784,0.0
1.7,0.5963928,2.25,0.40360728,1.0
1.93,0.39991814,1.93,0.60008186,1.0
1.72,0.6342432,2.22,0.36575675,1.0
1.53,0.62987036,2.64,0.37012964,0.0
2.34,0.5448487,1.65,0.4551513,1.0
1.68,0.505394,2.28,0.494606,1.0
2.04,0.4681732,1.84,0.53182685,0.0
1.82,0.61168885,2.07,0.38831118,1.0
1.98,0.43810362,1.89,0.56189644,0.0
1.63,0.5565843,2.4,0.44341567,1.0
2.43,0.31800786,1.61,0.6819922,0.0
1.76,0.4616826,2.15,0.5383174,1.0
1.68,0.5895133,2.29,0.41048673,1.0
1.99,0.5689348,1.88,0.43106517,0.0
1.55,0.60989505,2.59,0.39010498,1.0
2.94,0.41630214,1.44,0.5836978,0.0
1.93,0.5112562,1.93,0.48874375,0.0
2.28,0.39289948,1.68,0.60710055,0.0
1.97,0.44262728,1.9,0.5573727,0.0
1.89,0.53862464,1.98,0.4613754,0.0
1.91,0.4001056,1.95,0.5998944,0.0
1.65,0.5805132,2.36,0.41948676,0.0
1.39,0.6791284,3.21,0.3208715,1.0
1.9,0.47622755,1.97,0.5237725,1.0
2.05,0.33493167,1.84,0.6650683,0.0
1.78,0.57899666,2.11,0.42100334,1.0
1.83,0.55941975,2.06,0.4405802,0.0
1.62,0.68752724,2.42,0.31247276,1.0
1.73,0.63026863,2.2,0.36973143,0.0
2.02,0.34697503,1.86,0.6530249,1.0
1.59,0.49070147,2.47,0.5092985,0.0
1.55,0.56372374,2.6,0.4362763,0.0
1.71,0.48029682,2.23,0.51970327,0.0
1.81,0.4958329,2.08,0.50416714,0.0
1.78,0.5783485,2.12,0.42165148,0.0
1.54,0.6679101,2.6,0.3320899,0.0
2.53,0.42811164,1.57,0.57188845,0.0
1.69,0.47164527,2.25,0.52835476,1.0
1.58,0.5577334,2.52,0.4422666,0.0
2.02,0.32098368,1.85,0.67901635,0.0
1.59,0.51366055,2.49,0.48633948,1.0
1.68,0.49924558,2.28,0.5007545,0.0
2.61,0.42683512,1.54,0.5731648,1.0
1.75,0.62821025,2.16,0.37178972,1.0
1.7,0.4478983,2.26,0.5521016,0.0
1.58,0.5657368,2.51,0.43426323,1.0
1.87,0.45515597,2.0,0.54484403,0.0
1.96,0.5037795,1.9,0.49622053,0.0
2.13,0.46279347,1.79,0.53720653,1.0
1.79,0.5160566,2.14,0.48394337,0.0
1.88,0.6335714,1.99,0.36642867,0.0
2.02,0.48581138,1.85,0.51418865,1.0
1.85,0.47851366,2.02,0.52148634,0.0
1.7,0.5606988,2.26,0.43930122,0.0
1.49,0.5671976,2.78,0.4328024,1.0
1.53,0.6854556,2.64,0.31454438,1.0
2.05,0.39781085,1.84,0.6021891,1.0
2.13,0.42552412,1.79,0.5744759,0.0
1.91,0.47927955,1.95,0.5207204,0.0
2.14,0.4171519,1.76,0.5828481,1.0
3.36,0.37925366,1.36,0.6207463,0.0
1.79,0.53384686,2.14,0.46615314,0.0
1.56,0.47424892,2.56,0.52575105,0.0
1.37,0.64525145,3.31,0.35474855,1.0
1.43,0.6590752,3.01,0.34092477,1.0
1.93,0.4983688,1.94,0.5016312,0.0
2.24,0.43356106,1.71,0.566439,0.0
1.54,0.45124826,2.62,0.5487518,1.0
1.56,0.55675125,2.58,0.44324878,1.0
1.7,0.57681686,2.25,0.4231832,0.0
1.75,0.5000657,2.17,0.49993426,0.0
1.9,0.39465556,1.96,0.6053445,1.0
1.82,0.49653098,2.07,0.50346905,1.0
2.49,0.41159818,1.59,0.5884018,0.0
2.02,0.60658383,1.86,0.39341614,1.0
1.99,0.48928174,1.88,0.5107183,1.0
1.5,0.4963415,2.77,0.50365853,1.0
1.6,0.5737833,2.46,0.42621675,1.0
1.69,0.5375327,2.27,0.4624673,1.0
1.91,0.5405914,1.96,0.45940864,1.0
1.56,0.54490036,2.57,0.45509967,1.0
1.76,0.4989843,2.15,0.5010157,1.0
2.2,0.4557888,1.73,0.54421115,1.0
2.87,0.39510763,1.46,0.6048924,0.0
1.91,0.47705758,1.96,0.5229424,0.0
1.46,0.64646983,2.88,0.35353017,1.0
1.47,0.64697105,2.81,0.35302892,1.0
1.53,0.4818153,2.66,0.5181846,0.0
2.04,0.5684693,1.84,0.43153068,0.0
1.84,0.5003358,2.04,0.49966416,0.0
1.5,0.540172,2.72,0.45982802,1.0
2.0,0.4614211,1.87,0.5385789,1.0
2.0,0.48992068,1.87,0.5100794,1.0
1.87,0.47659826,2.0,0.52340174,0.0
3.04,0.3938935,1.42,0.60610646,0.0
1.68,0.49628842,2.29,0.50371164,1.0
2.47,0.45774633,1.6,0.5422537,1.0
2.18,0.49960867,1.74,0.50039136,1.0
1.39,0.63421535,3.19,0.36578462,1.0
1.57,0.5822727,2.55,0.41772726,1.0
1.48,0.5940395,2.79,0.40596044,0.0
1.68,0.47119686,2.29,0.52880317,1.0
1.71,0.49925488,2.24,0.5007452,0.0
1.88,0.44138458,1.99,0.5586155,1.0
1.62,0.54305714,2.41,0.4569429,0.0
1.61,0.54984725,2.43,0.45015278,0.0
1.33,0.61607105,3.57,0.38392898,1.0
1.67,0.4754276,2.31,0.5245724,0.0
1.83,0.5372045,2.05,0.46279556,1.0
2.76,0.42860723,1.49,0.5713928,1.0
2.12,0.42287803,1.78,0.57712203,0.0
2.01,0.47571367,1.86,0.52428627,0.0
1.42,0.5244121,3.02,0.47558793,0.0
2.19,0.4180717,1.74,0.5819283,0.0
1.57,0.6080682,2.53,0.39193177,0.0
2.08,0.49988988,1.81,0.5001101,1.0
1.87,0.47199768,2.0,0.5280024,0.0
1.54,0.48442185,2.62,0.51557815,1.0
1.89,0.5350836,1.98,0.4649164,1.0
2.18,0.41755748,1.74,0.58244246,0.0
2.32,0.46835178,1.66,0.5316482,0.0
1.75,0.49662244,2.16,0.5033775,1.0
2.06,0.46805015,1.82,0.5319498,0.0
2.06,0.45270255,1.81,0.5472975,1.0
2.01,0.48182136,1.86,0.5181786,0.0
1.65,0.45743436,2.36,0.5425657,0.0
1.39,0.63997483,3.21,0.3600252,1.0
1.42,0.56223243,3.03,0.43776757,1.0
2.0,0.5442513,1.87,0.45574868,0.0
1.76,0.55417573,2.15,0.44582424,1.0
1.53,0.48214167,2.63,0.5178583,1.0
1.68,0.52027553,2.27,0.47972447,0.0
1.9,0.5027836,1.97,0.4972164,1.0
1.63,0.56210715,2.4,0.4378929,0.0
1.72,0.5117426,2.21,0.4882574,1.0
2.06,0.43880054,1.82,0.5611995,1.0
1.5,0.4638224,2.72,0.5361776,1.0
1.72,0.4838406,2.21,0.5161594,0.0
1.52,0.553794,2.67,0.44620594,1.0
1.61,0.5199305,2.44,0.48006952,1.0
1.77,0.4735205,2.13,0.52647954,1.0
1.61,0.5119598,2.45,0.4880402,1.0
1.54,0.5870647,2.62,0.4129353,1.0
1.94,0.5312047,1.93,0.46879533,0.0
1.73,0.49828035,2.2,0.5017196,1.0
1.9,0.5253011,1.96,0.47469884,0.0
1.69,0.4986826,2.27,0.50131744,1.0
1.7,0.56547993,2.25,0.43452,1.0
1.41,0.5820899,3.1,0.41791013,0.0
1.92,0.49758545,1.94,0.5024146,1.0
1.64,0.47574663,2.35,0.52425337,0.0
1.58,0.4263754,2.52,0.5736246,0.0
1.45,0.53053665,2.91,0.46946335,0.0
1.77,0.46707815,2.15,0.5329218,1.0
1.43,0.5181709,2.99,0.4818291,0.0
1.61,0.5078707,2.44,0.49212933,1.0
2.09,0.4873894,1.8,0.5126106,1.0
1.77,0.52464366,2.13,0.4753564,1.0
1.9,0.54418653,1.97,0.4558135,1.0
2.0,0.5043207,1.87,0.49567935,0.0
1.82,0.4969769,2.07,0.5030231,0.0
1.7,0.50757337,2.24,0.49242666,1.0
1.52,0.4970692,2.68,0.5029309,0.0
1.62,0.4544379,2.42,0.5455621,1.0
2.07,0.4599725,1.83,0.5400275,1.0
1.39,0.52069455,3.24,0.47930542,1.0
2.06,0.46729785,1.82,0.53270215,1.0
1.55,0.5983987,2.59,0.40160128,1.0
1.99,0.40535608,1.87,0.59464395,0.0
2.15,0.42777696,1.76,0.57222307,0.0
1.56,0.53472567,2.57,0.4652744,1.0
1.91,0.4237178,1.96,0.5762822,1.0
2.57,0.43063462,1.56,0.5693654,1.0
1.95,0.491885,1.93,0.50811493,0.0
1.85,0.5057017,2.02,0.4942983,1.0
1.54,0.5949925,2.63,0.40500748,1.0
1.75,0.4577774,2.16,0.5422226,0.0
1.82,0.52226746,2.06,0.47773254,1.0
1.86,0.4787008,2.01,0.52129924,0.0
1.56,0.4604393,2.55,0.53956074,1.0
1.89,0.47108176,1.98,0.5289182,1.0
1.91,0.42869213,1.96,0.57130784,0.0
2.1,0.44441023,1.8,0.5555898,0.0
1.72,0.53936714,2.21,0.46063283,1.0
1.35,0.5932479,3.39,0.4067521,1.0
1.85,0.47537458,2.02,0.5246255,0.0
2.08,0.4854248,1.81,0.51457524,1.0
2.15,0.46516243,1.76,0.5348376,0.0
1.52,0.50948316,2.68,0.49051684,1.0
2.25,0.42240244,1.7,0.5775975,0.0
1.73,0.44548735,2.2,0.5545127,1.0
1.85,0.47937927,2.03,0.52062076,0.0
2.12,0.43537876,1.78,0.5646212,1.0
1.67,0.46492064,2.31,0.53507936,1.0
1.89,0.48065883,1.99,0.51934123,1.0
1.96,0.4115414,1.92,0.5884586,0.0
1.52,0.51843953,2.66,0.48156047,0.0
1.62,0.5318292,2.42,0.46817076,1.0
1.65,0.4337332,2.34,0.5662668,0.0
1.52,0.51145726,2.66,0.48854274,1.0
1.37,0.5777617,3.29,0.42223832,1.0
1.93,0.48766047,1.93,0.5123396,1.0
1.51,0.5135224,2.7,0.48647764,0.0
1.51,0.51655746,2.7,0.48344257,1.0
3.23,0.40928826,1.38,0.59071165,0.0
2.21,0.4583922,1.72,0.5416078,1.0
3.04,0.40046278,1.42,0.59953725,1.0
1.66,0.45637766,2.32,0.5436223,0.0
2.18,0.41001052,1.74,0.58998954,1.0
1.62,0.48138326,2.42,0.51861674,0.0
1.77,0.47576517,2.12,0.5242348,0.0
1.51,0.5783125,2.7,0.42168748,1.0
1.77,0.49318773,2.13,0.5068123,1.0
1.35,0.49298203,3.4,0.507018,0.0
2.75,0.41215974,1.5,0.5878403,1.0
1.7,0.49052888,2.25,0.50947106,1.0
2.48,0.41154426,1.59,0.58845574,0.0
1.75,0.5607806,2.16,0.43921944,1.0
1.82,0.44254464,2.07,0.5574554,1.0
1.59,0.5369318,2.48,0.46306825,0.0
1.5,0.45418534,2.73,0.54581463,1.0
2.13,0.44869494,1.77,0.55130506,0.0
1.74,0.47649178,2.18,0.52350825,1.0
1.71,0.47405267,2.24,0.52594733,1.0
2.56,0.45862752,1.56,0.5413725,0.0
1.96,0.4612009,1.9,0.5387991,1.0
1.94,0.39794868,1.93,0.60205126,0.0
2.18,0.39190796,1.74,0.60809207,1.0
2.29,0.27917656,1.68,0.7208235,1.0
1.8,0.4197914,2.09,0.5802086,1.0
2.11,0.4685291,1.79,0.5314709,1.0
2.12,0.39706013,1.78,0.6029399,0.0
1.87,0.60159075,2.0,0.3984092,0.0
1.93,0.39191407,1.93,0.60808593,0.0
1.69,0.610759,2.26,0.38924104,1.0
1.58,0.43709657,2.52,0.56290346,1.0
2.02,0.4090441,1.86,0.59095585,0.0
1.76,0.52009666,2.16,0.47990334,1.0
1.82,0.62389123,2.07,0.37610883,1.0
2.36,0.26522285,1.64,0.7347772,0.0
2.34,0.41708428,1.66,0.5829158,1.0
1.66,0.58399546,2.34,0.41600454,1.0
2.54,0.43875203,1.57,0.56124794,0.0
2.03,0.38239592,1.84,0.6176041,0.0
2.21,0.43789425,1.72,0.5621057,1.0
2.47,0.4575533,1.6,0.54244673,1.0
2.2,0.38149914,1.73,0.6185008,0.0
1.47,0.45836934,2.83,0.5416307,0.0
1.87,0.46109095,2.0,0.5389091,0.0
1.91,0.44706044,1.95,0.55293953,1.0
1.57,0.3805366,2.54,0.6194634,0.0
1.88,0.60555047,1.99,0.39444956,1.0
1.57,0.5854666,2.53,0.41453335,1.0
1.81,0.4927464,2.08,0.5072536,1.0
1.82,0.42820743,2.06,0.5717926,0.0
2.35,0.3917775,1.65,0.6082225,0.0
1.79,0.40295088,2.11,0.5970492,1.0
2.43,0.36800843,1.62,0.63199157,1.0
1.97,0.47767895,1.9,0.52232105,1.0
1.92,0.45974228,1.95,0.54025775,0.0
1.82,0.59108007,2.06,0.40891996,1.0
2.31,0.3952169,1.67,0.60478306,0.0
1.85,0.5961986,2.03,0.4038014,1.0
1.53,0.46744284,2.64,0.53255713,1.0
1.74,0.54882556,2.18,0.45117447,1.0
1.87,0.45888862,2.01,0.5411114,1.0
1.95,0.4469458,1.91,0.55305415,1.0
1.55,0.46136433,2.58,0.53863573,0.0
3.51,0.401825,1.34,0.59817505,0.0
3.51,0.49064255,1.34,0.50935745,1.0
1.89,0.52257156,1.98,0.4774285,1.0
1.49,0.4730607,2.78,0.5269393,1.0
1.92,0.3982078,1.96,0.60179216,1.0
1.58,0.5541774,2.49,0.4458226,1.0
2.09,0.43160626,1.8,0.5683937,0.0
1.36,0.5134729,3.33,0.48652712,1.0
2.25,0.40682456,1.69,0.5931754,0.0
1.52,0.6879815,2.68,0.31201854,1.0
1.98,0.44238967,1.89,0.5576104,0.0
1.47,0.61428785,2.83,0.38571218,1.0
1.76,0.56037503,2.14,0.43962497,0.0
1.58,0.5576164,2.49,0.4423836,0.0
1.46,0.68143004,2.85,0.31856996,0.0
2.23,0.4191575,1.71,0.5808425,1.0
1.78,0.4771859,2.11,0.5228141,0.0
1.48,0.56146926,2.78,0.43853068,0.0
1.5,0.4890862,2.73,0.5109138,1.0
2.13,0.35730192,1.77,0.64269805,0.0
1.68,0.55435985,2.28,0.4456401,0.0
1.64,0.4087461,2.39,0.59125394,1.0
1.47,0.5574142,2.84,0.44258592,1.0
1.83,0.5322808,2.05,0.46771926,0.0
1.97,0.4077179,1.89,0.5922821,1.0
1.82,0.5374335,2.06,0.46256647,1.0
2.02,0.50783575,1.85,0.49216416,1.0
2.34,0.4337558,1.65,0.56624424,0.0
1.46,0.70307505,2.86,0.2969249,1.0
2.12,0.4072773,1.78,0.5927227,0.0
1.73,0.62419075,2.19,0.3758093,1.0
2.0,0.40321296,1.87,0.59678704,1.0
1.54,0.5610609,2.62,0.43893903,1.0
1.59,0.59537333,2.48,0.40462664,0.0
1.46,0.5968069,2.85,0.40319315,0.0
1.4,0.5448168,3.1,0.45518327,1.0
1.93,0.435655,1.93,0.564345,1.0
1.79,0.49730313,2.11,0.5026969,0.0
1.5,0.6385272,2.71,0.36147282,1.0
1.43,0.6494314,2.99,0.35056856,1.0
1.84,0.64595234,2.03,0.35404763,1.0
1.57,0.67833203,2.52,0.32166794,0.0
1.8,0.5897546,2.08,0.41024548,1.0
1.96,0.355239,1.91,0.64476097,0.0
2.63,0.38464707,1.53,0.6153529,0.0
1.63,0.56002724,2.4,0.43997276,1.0
1.6,0.6427538,2.45,0.35724616,1.0
1.89,0.4892558,1.98,0.5107442,0.0
1.51,0.55886805,2.71,0.44113192,0.0
1.52,0.64105564,2.66,0.35894436,1.0
1.3,0.7058641,3.78,0.2941359,0.0
2.2,0.41323876,1.73,0.5867613,0.0
2.51,0.4812722,1.58,0.51872784,0.0
1.93,0.44426963,1.94,0.55573034,0.0
1.85,0.4172519,2.02,0.58274806,0.0
2.71,0.36363056,1.5,0.63636947,0.0
2.06,0.41893235,1.82,0.5810676,0.0
1.92,0.43872198,1.95,0.561278,0.0
1.61,0.52242035,2.45,0.47757962,1.0
1.55,0.5708865,2.6,0.4291136,1.0
1.53,0.600804,2.65,0.39919597,1.0
1.91,0.56693614,1.96,0.4330639,0.0
1.88,0.6175833,1.99,0.38241675,1.0
1.87,0.46333295,2.0,0.5366671,0.0
1.59,0.6533081,2.5,0.34669194,1.0
1.47,0.67022145,2.85,0.3297786,1.0
1.58,0.49915063,2.53,0.50084937,0.0
1.88,0.4613709,1.99,0.53862906,0.0
2.42,0.49907574,1.62,0.5009243,1.0
1.79,0.5300117,2.11,0.46998826,1.0
1.71,0.4819294,2.23,0.51807064,0.0
2.42,0.41727415,1.62,0.5827259,0.0
2.62,0.38313484,1.54,0.6168652,0.0
1.62,0.53890985,2.42,0.46109018,0.0
1.44,0.6644056,2.95,0.33559445,0.0
1.71,0.613372,2.22,0.38662806,1.0
2.04,0.48040986,1.83,0.5195902,1.0
3.0,0.4356452,1.43,0.5643548,0.0
2.42,0.42891118,1.62,0.57108885,0.0
2.05,0.55877846,1.83,0.4412215,1.0
1.89,0.49486157,1.98,0.50513846,1.0
1.53,0.63695776,2.67,0.3630422,0.0
2.69,0.3771365,1.51,0.62286353,0.0
1.64,0.48853946,2.37,0.5114605,0.0
1.6,0.5533492,2.47,0.44665077,1.0
1.33,0.6298029,3.51,0.3701971,0.0
1.63,0.5478199,2.39,0.4521801,1.0
3.37,0.38173535,1.36,0.6182646,1.0
2.19,0.44568563,1.73,0.5543143,0.0
1.94,0.50163305,1.91,0.49836692,1.0
3.04,0.44454554,1.42,0.5554545,0.0
2.07,0.44926974,1.82,0.5507302,0.0
1.57,0.6317203,2.53,0.3682797,1.0
1.62,0.6777924,2.4,0.32220763,1.0
2.06,0.48641735,1.82,0.5135827,1.0
2.49,0.41473782,1.59,0.5852621,0.0
1.67,0.5811289,2.31,0.41887107,1.0
1.67,0.60287493,2.3,0.39712504,1.0
1.92,0.5985877,1.94,0.4014123,0.0
1.87,0.5099291,2.0,0.49007088,1.0
1.65,0.5797055,2.34,0.42029458,1.0
2.27,0.52297246,1.68,0.4770275,1.0
2.0,0.5172228,1.88,0.48277715,1.0
1.93,0.4452898,1.94,0.55471027,0.0
1.5,0.61674726,2.75,0.38325277,0.0
1.66,0.6576652,2.32,0.34233472,1.0
2.31,0.42340705,1.67,0.576593,0.0
1.55,0.58001256,2.61,0.4199874,1.0
1.88,0.5028242,2.01,0.4971758,1.0
2.05,0.45024166,1.84,0.5497584,1.0
2.08,0.45155746,1.81,0.5484425,1.0
1.9,0.5205656,1.97,0.47943437,1.0
3.46,0.39316565,1.34,0.60683435,0.0
1.65,0.6535304,2.35,0.34646958,0.0
2.06,0.48774827,1.83,0.51225173,1.0
1.57,0.6060348,2.53,0.39396513,0.0
1.77,0.53874195,2.14,0.461258,0.0
2.27,0.5810918,1.69,0.41890815,1.0
2.79,0.47810996,1.48,0.5218901,1.0
2.09,0.45112443,1.8,0.54887563,0.0
1.5,0.6170936,2.74,0.38290635,0.0
2.8,0.40746248,1.48,0.5925375,0.0
1.55,0.5697084,2.58,0.4302916,1.0
1.79,0.56028706,2.1,0.4397129,1.0
1.93,0.62138426,1.93,0.37861577,1.0
2.25,0.47876173,1.7,0.5212383,0.0
2.76,0.38870192,1.49,0.6112981,0.0
1.58,0.59233683,2.51,0.4076631,1.0
1.58,0.5612395,2.5,0.43876052,1.0
1.68,0.6186712,2.29,0.38132888,1.0
2.11,0.45564768,1.79,0.54435235,0.0
1.64,0.5821209,2.38,0.4178791,0.0
1.46,0.5915849,2.86,0.40841508,1.0
1.72,0.6111925,2.21,0.38880748,1.0
2.18,0.41072622,1.74,0.58927375,1.0
1.45,0.6965376,2.88,0.30346242,0.0
1.69,0.5358675,2.26,0.46413246,0.0
1.88,0.45797706,1.99,0.54202294,0.0
1.71,0.6065184,2.23,0.39348164,0.0
1.7,0.6303609,2.24,0.3696392,1.0
2.89,0.3756376,1.45,0.62436247,0.0
1.99,0.47748685,1.88,0.5225132,0.0
2.01,0.46831402,1.86,0.531686,0.0
1.74,0.56262064,2.19,0.43737936,1.0
1.38,0.64243746,3.26,0.35756248,1.0
1.68,0.5626628,2.28,0.43733725,1.0
1.3,0.6098291,3.75,0.39017084,1.0
1.94,0.58183044,1.93,0.4181696,0.0
3.21,0.378621,1.39,0.6213789,0.0
1.61,0.5528114,2.44,0.44718853,0.0
1.93,0.5216283,1.93,0.47837165,1.0
1.92,0.5599913,1.95,0.44000867,1.0
2.01,0.4516743,1.87,0.5483257,1.0
3.05,0.35619652,1.42,0.6438035,1.0
1.53,0.6667065,2.65,0.33329344,0.0
1.61,0.607801,2.44,0.39219895,0.0
1.51,0.5824909,2.71,0.4175091,1.0
1.68,0.55621433,2.29,0.4437857,1.0
1.94,0.4906321,1.92,0.50936794,1.0
2.14,0.47616196,1.76,0.52383804,0.0
1.56,0.52827746,2.57,0.47172248,0.0
1.54,0.5819305,2.62,0.4180695,1.0
2.13,0.4108461,1.78,0.5891539,1.0
1.69,0.6176911,2.27,0.38230893,1.0
1.84,0.5474352,2.03,0.45256475,1.0
1.65,0.49837643,2.35,0.5016235,0.0
1.41,0.5656637,3.08,0.4343363,0.0
2.03,0.5530659,1.85,0.4469341,0.0
1.98,0.57782733,1.9,0.42217267,0.0
3.18,0.3720181,1.39,0.6279819,0.0
2.07,0.41465434,1.82,0.5853457,1.0
2.06,0.49915275,1.83,0.5008472,1.0
1.77,0.558422,2.13,0.4415779,0.0
1.53,0.52267325,2.65,0.47732672,0.0
2.3,0.45926526,1.67,0.54073477,0.0
2.05,0.47807705,1.83,0.5219229,1.0
2.15,0.40586415,1.77,0.5941359,0.0
1.96,0.5593079,1.9,0.44069216,1.0
1.99,0.49350747,1.88,0.50649256,1.0
1.35,0.69588363,3.41,0.30411637,1.0
1.35,0.6188239,3.36,0.38117608,1.0
2.25,0.45472306,1.7,0.54527694,0.0
2.09,0.40625912,1.8,0.5937408,0.0
1.85,0.46556157,2.03,0.5344384,0.0
1.6,0.63955736,2.47,0.36044273,0.0
2.04,0.47320938,1.83,0.5267907,0.0
1.55,0.56627977,2.58,0.4337202,1.0
1.86,0.5675126,2.01,0.43248746,0.0
1.8,0.5161674,2.09,0.48383257,0.0
1.51,0.6021205,2.69,0.39787948,1.0
1.93,0.4394699,1.93,0.56053007,0.0
1.75,0.54112756,2.16,0.45887244,1.0
1.5,0.66662955,2.73,0.33337036,1.0
2.04,0.5169739,1.83,0.48302612,1.0
1.41,0.6024025,3.11,0.3975975,0.0
2.73,0.454252,1.5,0.54574805,1.0
2.24,0.42528984,1.71,0.57471013,0.0
1.65,0.45850268,2.34,0.54149735,1.0
1.67,0.49692467,2.31,0.50307524,1.0
1.9,0.46416393,1.97,0.5358361,0.0
1.61,0.6641211,2.44,0.33587888,1.0
1.73,0.543072,2.19,0.45692796,1.0
1.65,0.51663506,2.37,0.48336494,1.0
1.86,0.5721572,2.01,0.4278428,1.0
1.29,0.6988351,3.8,0.3011649,1.0
2.03,0.52632976,1.84,0.47367018,1.0
1.76,0.47086766,2.14,0.52913237,0.0
1.81,0.6280252,2.08,0.37197483,1.0
1.48,0.5778972,2.8,0.42210284,1.0
1.46,0.5823111,2.83,0.41768894,0.0
1.38,0.587796,3.21,0.41220403,1.0
2.47,0.45962703,1.59,0.54037297,1.0
1.9,0.460196,1.96,0.53980404,0.0
1.89,0.45247066,1.98,0.5475294,1.0
1.51,0.5768718,2.69,0.42312816,1.0
2.1,0.4717948,1.79,0.52820516,0.0
1.62,0.4587508,2.42,0.5412492,1.0
1.83,0.53054416,2.05,0.46945584,0.0
1.35,0.6311936,3.41,0.36880648,1.0
2.61,0.3882952,1.54,0.6117048,1.0
1.84,0.5375399,2.04,0.4624601,1.0
1.73,0.4864498,2.2,0.5135502,1.0
1.61,0.62839204,2.45,0.37160793,1.0
2.16,0.43604082,1.74,0.5639591,0.0
2.07,0.5086468,1.81,0.49135327,0.0
1.6,0.57297224,2.45,0.4270278,0.0
1.75,0.5355366,2.17,0.46446335,1.0
2.21,0.40318492,1.72,0.5968151,1.0
1.43,0.6639261,2.99,0.33607396,1.0
2.31,0.400894,1.67,0.599106,0.0
2.4,0.45981786,1.63,0.5401821,1.0
1.52,0.6050783,2.65,0.39492172,0.0
2.16,0.4336508,1.74,0.5663492,1.0
1.29,0.5907938,3.87,0.40920615,0.0
1.84,0.5451933,2.04,0.45480672,1.0
2.02,0.51140946,1.85,0.48859057,0.0
1.44,0.5156556,2.92,0.48434433,1.0
1.66,0.49584842,2.32,0.5041516,1.0
1.83,0.58155453,2.05,0.4184455,0.0
2.01,0.41747442,1.87,0.5825256,0.0
1.79,0.5399326,2.11,0.46006745,0.0
1.41,0.49431235,3.09,0.50568765,0.0
1.98,0.50067496,1.88,0.49932498,0.0
1.68,0.6171797,2.3,0.3828203,1.0
1.85,0.50144726,2.02,0.49855277,0.0
1.75,0.5538794,2.16,0.4461207,0.0
1.93,0.44260576,1.93,0.55739427,1.0
1.92,0.51137936,1.94,0.48862058,0.0
2.53,0.4578338,1.57,0.5421662,1.0
1.37,0.6493998,3.28,0.35060012,1.0
1.56,0.54569,2.57,0.45431,0.0
1.29,0.5998958,3.81,0.4001042,1.0
2.01,0.4228183,1.86,0.57718164,0.0
1.73,0.4922397,2.19,0.5077603,0.0
1.39,0.56685406,3.18,0.43314597,1.0
2.23,0.38380638,1.72,0.61619365,1.0
1.6,0.5764673,2.46,0.4235327,1.0
2.5,0.39872262,1.59,0.6012775,0.0
2.59,0.4321268,1.56,0.56787324,1.0
1.53,0.58878136,2.65,0.41121867,1.0
1.84,0.5167186,2.04,0.4832813,0.0
1.84,0.4829089,2.04,0.5170911,1.0
1.27,0.6020782,4.06,0.3979218,1.0
1.78,0.54271597,2.12,0.45728397,0.0
1.58,0.5622275,2.51,0.43777257,1.0
1.58,0.4708185,2.52,0.52918154,0.0
1.67,0.5880508,2.32,0.41194922,1.0
1.71,0.5179467,2.25,0.48205325,0.0
1.84,0.54152787,2.04,0.45847213,1.0
2.03,0.4873114,1.85,0.51268864,0.0
2.61,0.40092406,1.54,0.5990759,1.0
2.0,0.45065343,1.88,0.54934657,0.0
2.31,0.5010887,1.66,0.49891132,0.0
2.01,0.4969256,1.86,0.50307435,0.0
1.85,0.4986993,2.02,0.5013007,1.0
1.68,0.540281,2.29,0.45971903,1.0
1.74,0.5530264,2.18,0.44697368,1.0
1.41,0.56572133,3.09,0.4342787,0.0
2.08,0.4670656,1.8,0.5329345,1.0
1.58,0.5073697,2.5,0.4926303,1.0
2.7,0.4080377,1.51,0.59196234,1.0
2.31,0.43593097,1.67,0.56406903,0.0
2.67,0.45461068,1.52,0.5453893,0.0
1.62,0.5583003,2.42,0.44169968,1.0
2.08,0.48108488,1.8,0.5189151,0.0
1.87,0.51557106,1.99,0.484429,1.0
1.7,0.51159126,2.26,0.48840877,0.0
1.79,0.4823463,2.11,0.51765376,0.0
2.15,0.48626038,1.76,0.5137396,1.0
1.4,0.5700838,3.11,0.4299162,1.0
1.44,0.5703462,2.93,0.42965385,1.0
2.45,0.45966598,1.6,0.540334,1.0
1.63,0.48130724,2.38,0.51869273,0.0
1.7,0.5222583,2.26,0.47774163,1.0
1.77,0.52096593,2.13,0.47903404,0.0
1.5,0.5540779,2.72,0.44592202,1.0
1.49,0.5398161,2.77,0.46018392,0.0
1.94,0.46575364,1.91,0.5342463,0.0
2.13,0.5192758,1.77,0.48072425,1.0
1.65,0.534761,2.35,0.46523902,1.0
2.07,0.47109967,1.82,0.52890027,0.0
1.83,0.49268842,2.04,0.5073115,0.0
1.83,0.51134896,2.05,0.48865107,1.0
2.3,0.4737803,1.68,0.52621967,1.0
1.87,0.5255297,2.0,0.4744703,0.0
1.68,0.5061234,2.28,0.4938766,1.0
1.64,0.5448634,2.38,0.45513657,1.0
2.01,0.4932094,1.86,0.50679064,0.0
2.04,0.45102128,1.84,0.54897875,0.0
2.22,0.46125236,1.71,0.53874767,0.0
1.54,0.5110529,2.61,0.4889471,0.0
2.09,0.5095925,1.8,0.49040747,0.0
1.61,0.5100914,2.45,0.4899085,1.0
1.81,0.5414298,2.08,0.45857018,1.0
1.99,0.4601892,1.88,0.5398109,0.0
2.4,0.38661107,1.62,0.61338896,0.0
1.76,0.5497231,2.15,0.4502769,1.0
2.35,0.4305345,1.65,0.56946546,0.0
1.82,0.5172513,2.07,0.4827487,1.0
1.9,0.4965186,1.97,0.5034814,0.0
1.48,0.5986176,2.78,0.40138233,1.0
1.83,0.4629092,2.05,0.53709084,0.0
2.66,0.3949683,1.53,0.6050317,1.0
1.68,0.50070333,2.3,0.49929667,1.0
1.73,0.5407285,2.2,0.45927146,0.0
1.72,0.58215314,2.21,0.4178468,0.0
2.58,0.47327724,1.56,0.5267227,1.0
1.61,0.5142626,2.44,0.48573738,0.0
1.92,0.48698014,1.95,0.5130199,0.0
1.47,0.5648633,2.83,0.43513662,1.0
1.58,0.5864748,2.51,0.41352525,1.0
1.69,0.5576645,2.26,0.44233555,1.0
2.36,0.42397913,1.64,0.57602084,0.0
2.07,0.5155092,1.82,0.48449075,1.0
1.75,0.4820239,2.16,0.5179761,1.0
2.48,0.38384655,1.59,0.6161534,1.0
1.96,0.48721668,1.9,0.5127832,1.0
1.58,0.51014066,2.51,0.48985937,0.0
2.34,0.44918504,1.65,0.5508149,0.0
1.75,0.5080279,2.16,0.49197212,0.0
1.79,0.45315117,2.1,0.54684883,1.0
1.82,0.5589042,2.07,0.44109592,0.0
1.73,0.4929513,2.19,0.5070487,1.0
1.48,0.5705994,2.79,0.42940062,1.0
1.86,0.44701758,2.01,0.5529824,1.0
1.48,0.6700495,2.77,0.32995048,0.0
2.13,0.43886983,1.77,0.5611301,1.0
2.28,0.38467276,1.68,0.61532724,1.0
2.19,0.48710805,1.74,0.512892,1.0
2.0,0.48098648,1.87,0.5190135,0.0
1.55,0.64863014,2.59,0.3513698,1.0
1.59,0.5226279,2.49,0.47737208,0.0
2.31,0.48850703,1.67,0.511493,0.0
1.76,0.6012513,2.14,0.39874873,0.0
1.43,0.5457697,3.02,0.45423025,1.0
2.03,0.49170956,1.84,0.50829047,0.0
1.34,0.64209247,3.45,0.3579075,1.0
1.52,0.58415943,2.65,0.4158406,1.0
1.72,0.5968111,2.21,0.4031889,0.0
1.55,0.4577842,2.59,0.5422158,0.0
1.47,0.6075743,2.81,0.39242572,0.0
1.48,0.5607748,2.81,0.43922514,1.0
1.81,0.5530541,2.08,0.446946,1.0
3.37,0.37130967,1.35,0.62869036,0.0
1.94,0.49593678,1.92,0.5040633,1.0
1.69,0.5473908,2.27,0.45260915,0.0
1.44,0.5761707,2.96,0.4238294,1.0
1.5,0.67501116,2.73,0.32498887,1.0
1.67,0.5770427,2.32,0.42295736,1.0
1.84,0.4381759,2.02,0.5618241,0.0
1.65,0.58593136,2.35,0.41406867,1.0
1.57,0.6394869,2.54,0.360513,1.0
1.82,0.5274812,2.07,0.4725189,1.0
1.42,0.5732189,3.04,0.42678115,0.0
2.54,0.35729513,1.57,0.64270484,0.0
1.71,0.525559,2.23,0.47444093,1.0
2.51,0.43291366,1.58,0.56708634,0.0
1.75,0.5546226,2.17,0.4453774,1.0
1.7,0.5604571,2.25,0.4395429,1.0
1.38,0.62305325,3.23,0.3769468,1.0
1.88,0.5319715,2.0,0.46802843,1.0
2.22,0.3998566,1.71,0.60014343,0.0
1.44,0.62709033,2.89,0.37290967,1.0
1.43,0.68600374,2.99,0.3139963,1.0
1.46,0.67336524,2.86,0.3266347,1.0
1.59,0.589773,2.48,0.410227,1.0
1.89,0.5053378,1.98,0.4946622,1.0
1.96,0.4964843,1.9,0.5035157,0.0
1.55,0.56398183,2.59,0.43601817,1.0
2.55,0.35988766,1.56,0.64011234,0.0
1.57,0.5386028,2.54,0.46139708,0.0
3.28,0.38412344,1.37,0.61587656,0.0
1.76,0.5397207,2.14,0.46027923,1.0
1.41,0.6027053,3.05,0.39729464,1.0
1.86,0.54172605,2.02,0.45827395,0.0
1.49,0.57129616,2.73,0.42870384,1.0
1.91,0.5122073,1.95,0.48779267,0.0
1.3,0.6561791,3.74,0.34382096,1.0
1.99,0.5061427,1.89,0.49385732,1.0
1.67,0.56185,2.31,0.43815,1.0
1.61,0.5805084,2.43,0.41949162,0.0
1.76,0.53636056,2.14,0.46363944,1.0
1.75,0.6142112,2.17,0.38578874,0.0
1.61,0.5480355,2.44,0.4519645,0.0
2.03,0.5172565,1.85,0.48274347,1.0
1.95,0.5215815,1.9,0.4784185,0.0
1.42,0.5979117,3.03,0.40208834,1.0
2.4,0.4804397,1.63,0.51956034,1.0
1.48,0.61971766,2.8,0.38028234,1.0
1.62,0.49805138,2.41,0.50194865,1.0
1.35,0.64465046,3.43,0.35534954,1.0
1.76,0.48004743,2.15,0.5199526,1.0
1.68,0.52587837,2.29,0.4741216,1.0
4.15,0.34223467,1.26,0.6577654,0.0
1.66,0.5691352,2.31,0.4308648,1.0
2.17,0.40901563,1.75,0.5909844,1.0
1.82,0.48096415,2.06,0.5190358,0.0
1.81,0.5902484,2.08,0.40975156,1.0
1.69,0.53357357,2.27,0.46642637,1.0
1.71,0.6075214,2.22,0.3924786,1.0
1.73,0.522243,2.19,0.47775698,0.0
2.09,0.53609055,1.8,0.46390945,0.0
2.84,0.431253,1.46,0.56874704,0.0
1.38,0.6575947,3.22,0.34240526,0.0
2.3,0.49251977,1.68,0.5074802,1.0
1.26,0.6547878,4.08,0.3452122,1.0
1.91,0.45988092,1.96,0.5401191,0.0
2.13,0.40804735,1.77,0.5919527,0.0
1.46,0.52583885,2.84,0.4741612,0.0
2.34,0.36751315,1.65,0.6324869,0.0
2.69,0.3811587,1.51,0.6188413,0.0
1.29,0.6514176,3.88,0.34858245,1.0
1.53,0.5991631,2.64,0.40083697,1.0
2.4,0.48972517,1.63,0.5102748,0.0
1.57,0.6155425,2.55,0.38445747,0.0
1.87,0.50759226,2.01,0.49240768,0.0
2.02,0.42082012,1.85,0.5791799,0.0
1.63,0.5526859,2.39,0.44731405,1.0
1.54,0.5693811,2.61,0.43061882,0.0
1.29,0.66791546,3.82,0.3320845,1.0
1.81,0.4988972,2.07,0.50110286,1.0
1.66,0.5575699,2.33,0.4424301,1.0
3.0,0.36952534,1.43,0.6304747,0.0
1.62,0.6339208,2.42,0.36607918,1.0
1.82,0.59995764,2.06,0.40004236,1.0
1.48,0.59418344,2.78,0.4058165,0.0
1.71,0.5434667,2.23,0.45653337,1.0
2.03,0.4201566,1.84,0.5798434,1.0
2.96,0.375259,1.45,0.6247411,1.0
2.01,0.50572807,1.87,0.49427187,1.0
1.97,0.48882973,1.89,0.5111702,1.0
1.49,0.60252523,2.74,0.39747474,1.0
1.55,0.6455082,2.6,0.3544918,0.0
2.01,0.43270046,1.87,0.5672996,0.0
1.43,0.68221533,2.97,0.31778467,1.0
2.96,0.39410195,1.45,0.60589796,0.0
1.45,0.56302774,2.89,0.4369723,0.0
1.48,0.647421,2.8,0.35257903,1.0
3.11,0.35958415,1.4,0.64041585,0.0
1.83,0.5445713,2.06,0.45542866,1.0
3.02,0.3996021,1.42,0.6003979,1.0
2.01,0.45474154,1.86,0.54525846,0.0
1.45,0.6267854,2.89,0.3732146,1.0
1.43,0.6718778,3.01,0.32812217,0.0
1.99,0.51041096,1.88,0.48958904,0.0
1.52,0.67615795,2.67,0.32384208,1.0
1.75,0.5513393,2.17,0.44866064,0.0
2.64,0.39234775,1.53,0.60765225,0.0
1.45,0.5940357,2.91,0.40596437,1.0
1.57,0.6244507,2.53,0.37554932,0.0
1.9,0.43597168,1.97,0.5640283,0.0
2.27,0.50502235,1.69,0.49497762,0.0
1.61,0.5402462,2.44,0.45975384,1.0
2.42,0.4028379,1.62,0.5971622,1.0
1.72,0.66158444,2.22,0.3384156,1.0
2.21,0.4881408,1.72,0.51185924,1.0
1.47,0.6359096,2.81,0.36409044,1.0
1.96,0.5743076,1.91,0.42569232,1.0
1.23,0.6763623,4.44,0.32363775,1.0
2.5,0.4303928,1.58,0.56960714,0.0
1.51,0.64780337,2.69,0.35219663,1.0
1.67,0.5691713,2.3,0.43082878,1.0
1.5,0.60850185,2.75,0.39149812,1.0
2.37,0.4767074,1.64,0.52329266,1.0
1.45,0.57024926,2.87,0.42975083,0.0
1.77,0.47835958,2.13,0.5216404,1.0
1.86,0.48329273,2.01,0.5167073,0.0
2.3,0.4136258,1.67,0.5863743,0.0
1.46,0.5808532,2.85,0.41914672,0.0
1.9,0.47861373,1.97,0.5213862,1.0
1.93,0.53733903,1.93,0.46266097,0.0
1.82,0.56310266,2.07,0.4368973,1.0
1.56,0.64744556,2.55,0.35255447,1.0
2.1,0.56413645,1.8,0.43586355,0.0
2.85,0.38187018,1.46,0.61812985,0.0
2.16,0.5499619,1.75,0.45003805,1.0
2.74,0.41691697,1.5,0.58308303,0.0
1.96,0.5041931,1.91,0.4958069,1.0
2.03,0.43277568,1.85,0.5672243,0.0
1.83,0.46264404,2.05,0.53735596,1.0
1.45,0.64121777,2.89,0.35878223,0.0
1.91,0.5680667,1.95,0.4319333,1.0
1.77,0.479044,2.13,0.520956,1.0
1.66,0.51436067,2.33,0.4856394,0.0
1.83,0.5417458,2.05,0.45825428,1.0
1.37,0.69154537,3.29,0.3084546,1.0
1.92,0.55680406,1.94,0.44319597,1.0
1.6,0.57276237,2.45,0.4272376,0.0
1.72,0.50059134,2.21,0.49940866,1.0
2.16,0.46545902,1.75,0.534541,0.0
1.62,0.5894896,2.41,0.41051045,1.0
1.68,0.6353559,2.29,0.3646441,1.0
2.01,0.4665993,1.87,0.5334008,1.0
1.45,0.6626756,2.93,0.3373244,1.0
1.83,0.5212978,2.05,0.4787022,0.0
1.75,0.5646207,2.17,0.43537927,0.0
2.01,0.48511472,1.87,0.51488525,1.0
1.96,0.47993985,1.9,0.5200601,0.0
1.35,0.70026195,3.42,0.29973805,1.0
1.98,0.45029268,1.89,0.5497073,1.0
1.7,0.54720724,2.25,0.4527928,0.0
1.89,0.48874956,1.98,0.51125044,1.0
1.93,0.57310367,1.93,0.42689636,0.0
1.75,0.5673475,2.16,0.43265244,0.0
1.54,0.47049862,2.6,0.5295013,1.0
1.87,0.5743289,2.01,0.42567113,0.0
2.62,0.42531937,1.54,0.5746806,0.0
1.95,0.43788087,1.91,0.5621191,1.0
1.69,0.6058312,2.27,0.39416882,1.0
1.75,0.59208214,2.16,0.40791783,1.0
2.27,0.42387876,1.69,0.5761212,0.0
2.16,0.4806799,1.76,0.51932013,1.0
1.88,0.45090857,1.99,0.5490914,1.0
1.88,0.5461974,1.99,0.45380262,1.0
1.23,0.70762926,4.45,0.29237077,0.0
1.89,0.5741402,1.98,0.4258598,1.0
1.63,0.55826694,2.37,0.44173303,1.0
1.62,0.50057334,2.42,0.49942666,1.0
1.4,0.618545,3.11,0.38145497,1.0
1.82,0.55287415,2.07,0.44712582,0.0
2.26,0.43145117,1.7,0.5685488,0.0
1.65,0.60153884,2.34,0.3984612,1.0
1.7,0.59899324,2.24,0.40100676,0.0
1.55,0.5769113,2.59,0.42308876,0.0
1.56,0.61203104,2.56,0.38796893,1.0
1.54,0.5459458,2.61,0.45405424,0.0
1.66,0.5821506,2.33,0.41784936,1.0
1.98,0.515999,1.89,0.48400104,0.0
2.79,0.41211805,1.48,0.587882,0.0
1.58,0.6016867,2.51,0.39831328,0.0
2.72,0.42163533,1.5,0.57836473,0.0
2.19,0.44267508,1.73,0.5573249,0.0
2.16,0.45766643,1.75,0.5423336,1.0
1.75,0.55677503,2.16,0.443225,0.0
1.66,0.47891915,2.33,0.52108085,0.0
1.48,0.6028412,2.78,0.3971588,1.0
1.98,0.45124617,1.89,0.54875386,0.0
1.92,0.5752339,1.94,0.42476615,1.0
1.41,0.60993135,3.06,0.3900686,1.0
1.51,0.59690243,2.71,0.40309757,1.0
2.29,0.45543048,1.68,0.5445695,1.0
1.67,0.6098868,2.31,0.39011315,0.0
1.85,0.53314257,2.02,0.46685746,0.0
2.49,0.46737942,1.59,0.5326206,1.0
2.6,0.40109858,1.55,0.5989014,0.0
1.92,0.58776915,1.94,0.41223085,0.0
2.28,0.45254704,1.68,0.5474529,1.0
2.6,0.4566747,1.54,0.54332536,0.0
1.68,0.47315684,2.28,0.52684313,0.0
1.73,0.55391,2.2,0.44608995,1.0
1.49,0.5711704,2.76,0.42882967,0.0
1.57,0.581549,2.51,0.418451,0.0
1.49,0.5803839,2.77,0.41961607,1.0
1.83,0.53131485,2.04,0.46868518,0.0
3.75,0.40440637,1.3,0.5955936,0.0
1.58,0.6135723,2.5,0.38642773,1.0
1.48,0.5489376,2.8,0.45106232,1.0
2.11,0.46940896,1.78,0.530591,0.0
2.25,0.45708746,1.7,0.5429125,1.0
1.76,0.5653467,2.16,0.43465322,1.0
2.46,0.4614148,1.6,0.5385852,1.0
2.1,0.44131923,1.79,0.55868083,1.0
1.74,0.57450104,2.17,0.425499,1.0
1.57,0.5431079,2.55,0.45689207,1.0
1.48,0.5965734,2.78,0.40342656,1.0
1.57,0.6137029,2.51,0.3862971,1.0
2.68,0.39859155,1.51,0.6014085,0.0
2.39,0.46536934,1.63,0.53463066,0.0
1.8,0.5334571,2.09,0.46654284,0.0
1.85,0.5177705,2.02,0.48222953,1.0
1.35,0.6245603,3.42,0.37543973,0.0
1.57,0.53184605,2.54,0.4681539,0.0
3.38,0.47181776,1.35,0.52818227,1.0
1.89,0.5237428,1.97,0.47625718,0.0
1.91,0.48327464,1.96,0.51672536,0.0
1.96,0.5022467,1.91,0.4977534,0.0
1.96,0.53154266,1.9,0.46845734,1.0
1.43,0.5922503,3.0,0.40774977,0.0
2.09,0.47096294,1.8,0.5290371,0.0
2.38,0.41421074,1.63,0.58578926,1.0
1.87,0.52905285,2.0,0.47094715,1.0
1.99,0.51549727,1.87,0.48450276,0.0
1.56,0.58479816,2.55,0.41520184,0.0
1.77,0.50741804,2.13,0.49258187,1.0
2.66,0.4807261,1.52,0.5192739,0.0
1.61,0.55406475,2.42,0.44593528,0.0
1.94,0.45982695,1.92,0.54017305,0.0
1.75,0.53606355,2.16,0.46393648,1.0
1.94,0.5020901,1.92,0.4979099,1.0
2.24,0.41907397,1.7,0.58092606,0.0
1.51,0.5587387,2.71,0.4412613,0.0
1.77,0.555365,2.12,0.44463497,0.0
1.91,0.4979097,1.96,0.50209033,1.0
2.24,0.53051424,1.71,0.46948582,1.0
2.13,0.48582488,1.77,0.5141751,1.0
2.23,0.49541306,1.71,0.504587,1.0
1.46,0.59640676,2.87,0.40359324,1.0
1.73,0.5432847,2.2,0.45671535,0.0
1.83,0.5112149,2.05,0.48878512,0.0
1.91,0.55564266,1.95,0.4443574,1.0
1.99,0.5342522,1.89,0.46574774,0.0
1.68,0.5889456,2.27,0.4110543,1.0
2.12,0.45456287,1.78,0.5454371,0.0
2.08,0.43528873,1.81,0.5647113,1.0
1.42,0.58985925,3.02,0.41014075,1.0
1.97,0.55207455,1.9,0.44792548,1.0
1.53,0.5889524,2.65,0.4110476,1.0
1.8,0.53925604,2.09,0.46074387,0.0
2.16,0.46927962,1.75,0.53072035,0.0
1.34,0.6242121,3.49,0.37578785,1.0
1.68,0.54682153,2.28,0.45317847,0.0
1.58,0.59688365,2.52,0.40311638,0.0
2.14,0.45436963,1.76,0.5456304,0.0
2.26,0.43590057,1.69,0.5640994,0.0
1.85,0.58308643,2.02,0.4169136,0.0
3.28,0.5021431,1.37,0.49785683,0.0
2.37,0.4744516,1.64,0.52554834,1.0
1.73,0.5550014,2.19,0.44499865,1.0
1.26,0.66182333,4.19,0.33817667,1.0
2.04,0.5425012,1.83,0.45749876,1.0
2.4,0.45874485,1.63,0.5412551,0.0
2.07,0.50098914,1.82,0.49901086,0.0
1.36,0.57608575,3.36,0.42391425,0.0
1.78,0.46801093,2.12,0.531989,1.0
1.86,0.47002453,2.01,0.5299754,1.0
1.7,0.5285135,2.24,0.47148654,1.0
2.6,0.40132618,1.55,0.5986738,0.0
1.79,0.5677236,2.1,0.43227643,0.0
1.23,0.61540437,4.5,0.38459563,0.0
1.79,0.47532356,2.1,0.52467644,1.0
2.71,0.5051829,1.5,0.49481705,1.0
2.15,0.4961493,1.76,0.50385076,1.0
2.02,0.49377987,1.85,0.50622016,1.0
1.23,0.62443197,4.5,0.37556797,1.0
2.15,0.49524707,1.76,0.50475293,1.0
2.15,0.45429844,1.76,0.5457015,0.0
1.5,0.61206776,2.72,0.3879322,1.0
2.31,0.5239962,1.67,0.47600377,1.0
1.32,0.57951397,3.64,0.420486,0.0
1.83,0.4737416,2.05,0.52625835,1.0
2.42,0.4157458,1.62,0.5842542,0.0
2.04,0.55514216,1.84,0.44485787,0.0
1.78,0.5301267,2.12,0.46987337,1.0
1.99,0.5056433,1.89,0.49435672,1.0
1.61,0.5909967,2.45,0.4090033,1.0
1.29,0.61938006,3.83,0.3806199,1.0
1.84,0.523722,2.03,0.476278,1.0
3.06,0.4769626,1.42,0.52303743,0.0
2.29,0.46493694,1.68,0.535063,1.0
1.67,0.50366884,2.31,0.49633113,0.0
1.81,0.5359378,2.07,0.46406218,0.0
1.46,0.5360327,2.87,0.46396735,0.0
1.7,0.44264612,2.24,0.55735385,1.0
1.86,0.48387262,2.01,0.5161273,0.0
1.91,0.5628404,1.95,0.43715966,1.0
2.06,0.4382733,1.82,0.56172675,0.0
2.07,0.44100678,1.81,0.5589932,0.0
1.64,0.5536247,2.35,0.44637534,1.0
1.57,0.5542051,2.54,0.4457949,1.0
2.25,0.5620062,1.7,0.43799374,1.0
1.76,0.4597939,2.15,0.5402061,1.0
1.48,0.53073466,2.79,0.46926534,0.0
1.65,0.55075884,2.34,0.44924122,0.0
1.72,0.5289262,2.22,0.4710738,1.0
1.89,0.49823922,1.99,0.5017608,0.0
1.98,0.47584245,1.89,0.5241575,1.0
1.89,0.49120018,1.98,0.5087998,0.0
1.68,0.5563541,2.29,0.44364583,0.0
1.32,0.61072415,3.61,0.3892758,1.0
1.87,0.4758682,2.0,0.52413183,1.0
1.56,0.51471585,2.57,0.48528412,1.0
1.9,0.52049834,1.97,0.47950163,1.0
2.01,0.4665841,1.86,0.533416,1.0
1.58,0.54809654,2.5,0.45190337,1.0
1.82,0.5029314,2.07,0.49706864,0.0
2.37,0.4896308,1.64,0.5103691,0.0
1.85,0.4364715,2.02,0.56352854,0.0
1.56,0.5211451,2.58,0.4788549,1.0
1.55,0.5414001,2.6,0.45859987,1.0
1.6,0.56200475,2.47,0.43799517,0.0
2.46,0.43024662,1.6,0.5697533,0.0
1.83,0.46601534,2.05,0.53398466,1.0
1.34,0.6962326,3.42,0.30376738,0.0
2.02,0.5139372,1.85,0.4860628,1.0
2.54,0.49107254,1.57,0.50892746,0.0
1.77,0.53931224,2.14,0.46068773,1.0
2.02,0.444508,1.85,0.555492,0.0
2.13,0.4541982,1.77,0.5458018,0.0
1.76,0.46008843,2.15,0.53991157,1.0
1.75,0.50262964,2.16,0.49737036,0.0
1.68,0.45135197,2.28,0.54864806,1.0
1.6,0.5569968,2.46,0.4430032,1.0
1.73,0.47287652,2.19,0.5271235,1.0
1.71,0.5148278,2.22,0.48517215,1.0
1.71,0.5227257,2.23,0.47727427,1.0
1.52,0.58168006,2.67,0.4183199,1.0
1.34,0.55704,3.44,0.44295996,1.0
1.92,0.52770466,1.94,0.47229534,1.0
2.38,0.37939683,1.63,0.62060314,0.0
1.62,0.635456,2.43,0.364544,0.0
1.71,0.5355705,2.23,0.46442944,1.0
1.48,0.5722785,2.79,0.42772156,1.0
1.57,0.57270455,2.53,0.42729545,0.0
1.69,0.55430776,2.29,0.44569224,0.0
1.43,0.63435924,2.94,0.36564073,1.0
1.57,0.5688108,2.55,0.43118924,1.0
1.63,0.53150403,2.39,0.468496,1.0
2.12,0.48969406,1.77,0.5103059,1.0
1.39,0.5691075,3.21,0.43089256,0.0
1.64,0.46844634,2.36,0.5315536,0.0
1.49,0.6273042,2.76,0.3726958,0.0
1.63,0.57892746,2.41,0.42107254,1.0
1.76,0.5122065,2.14,0.4877935,1.0
1.49,0.61025685,2.77,0.38974318,1.0
1.47,0.5989191,2.81,0.40108088,1.0
1.92,0.42393732,1.95,0.5760627,0.0
1.52,0.5720956,2.66,0.42790434,1.0
1.57,0.5781131,2.52,0.42188698,0.0
1.53,0.45634842,2.65,0.54365164,0.0
1.38,0.64856756,3.24,0.35143238,1.0
1.63,0.55659896,2.38,0.44340107,1.0
1.69,0.6339005,2.26,0.36609945,0.0
1.56,0.5650337,2.55,0.43496633,1.0
1.86,0.49302775,2.01,0.50697225,0.0
1.53,0.5017029,2.65,0.49829704,1.0
1.32,0.6174089,3.56,0.38259122,1.0
1.67,0.5040142,2.31,0.4959858,1.0
1.43,0.6476288,3.01,0.35237122,1.0
2.08,0.4241531,1.81,0.5758469,1.0
1.67,0.563253,2.3,0.436747,1.0
1.71,0.5641913,2.23,0.4358087,1.0
1.58,0.5714867,2.52,0.42851323,1.0
1.78,0.45873392,2.11,0.5412661,0.0
1.42,0.5991196,3.06,0.40088034,0.0
1.37,0.5563117,3.32,0.44368827,1.0
2.26,0.4124098,1.69,0.5875902,0.0
1.64,0.6294517,2.37,0.37054828,0.0
1.36,0.66296875,3.36,0.33703125,1.0
2.06,0.5049108,1.83,0.4950892,0.0
1.58,0.4947705,2.51,0.50522953,1.0
1.9,0.46757877,1.97,0.53242123,0.0
1.74,0.62054026,2.18,0.3794597,1.0
1.59,0.62577635,2.49,0.37422374,0.0
1.59,0.5219827,2.49,0.47801727,0.0
1.57,0.57144034,2.51,0.4285597,0.0
1.38,0.6047679,3.24,0.39523202,1.0
1.86,0.43072927,2.02,0.56927073,1.0
1.65,0.58497566,2.33,0.41502437,1.0
1.96,0.52157784,1.89,0.4784222,1.0
1.46,0.6591812,2.83,0.34081876,1.0
1.6,0.51692295,2.46,0.48307702,1.0
2.63,0.42067924,1.53,0.5793208,0.0
2.12,0.48430827,1.78,0.51569176,0.0
2.78,0.39075914,1.48,0.60924083,0.0
1.74,0.53618294,2.19,0.463817,1.0
1.77,0.5509434,2.13,0.44905654,1.0
1.74,0.55145967,2.17,0.4485403,1.0
2.22,0.45469823,1.71,0.54530174,0.0
2.03,0.487002,1.85,0.512998,1.0
1.88,0.46953338,1.99,0.5304666,0.0
1.91,0.45291945,1.95,0.54708064,0.0
2.03,0.5679224,1.85,0.43207765,0.0
1.4,0.65921724,3.13,0.34078276,0.0
1.71,0.4458877,2.24,0.55411226,0.0
1.57,0.6194937,2.53,0.3805063,1.0
2.04,0.502261,1.84,0.49773905,1.0
2.74,0.41928473,1.49,0.5807153,0.0
1.52,0.59931815,2.67,0.40068188,0.0
2.54,0.39452934,1.57,0.60547066,0.0
1.96,0.4890344,1.9,0.5109656,0.0
1.6,0.58418685,2.44,0.41581318,0.0
2.04,0.44494033,1.84,0.5550597,0.0
1.48,0.64774513,2.79,0.35225484,1.0
1.46,0.5337489,2.85,0.46625116,1.0
2.36,0.47619382,1.65,0.52380615,1.0
1.81,0.51806086,2.08,0.4819391,0.0
1.52,0.57176036,2.66,0.42823967,1.0
1.74,0.5864473,2.18,0.41355267,1.0
1.56,0.65125793,2.55,0.34874207,0.0
1.7,0.4784493,2.25,0.5215507,0.0
2.32,0.43675634,1.66,0.5632436,0.0
1.46,0.6508731,2.83,0.34912688,1.0
3.27,0.41185343,1.37,0.5881465,0.0
1.48,0.5908787,2.81,0.40912125,1.0
2.96,0.39525458,1.43,0.6047454,1.0
2.58,0.44962043,1.55,0.55037963,1.0
1.82,0.5025302,2.07,0.49746978,1.0
1.47,0.64641744,2.84,0.35358256,1.0
1.55,0.5817222,2.59,0.4182778,0.0
1.43,0.62342113,2.98,0.3765789,1.0
2.43,0.44905496,1.61,0.550945,1.0
1.48,0.68209296,2.77,0.31790704,1.0
1.73,0.5955178,2.2,0.40448216,0.0
2.17,0.45636222,1.75,0.54363775,0.0
1.7,0.5900764,2.27,0.4099236,0.0
1.72,0.6052053,2.22,0.39479464,1.0
3.01,0.40607172,1.42,0.5939282,0.0
1.45,0.6203127,2.89,0.3796873,0.0
2.04,0.5320918,1.83,0.46790823,0.0
2.11,0.45342845,1.78,0.5465715,1.0
1.93,0.50791776,1.93,0.4920823,1.0
1.91,0.5317438,1.96,0.4682562,1.0
2.31,0.5090133,1.67,0.49098673,1.0
1.49,0.60554326,2.77,0.39445674,0.0
2.32,0.42548728,1.66,0.5745127,0.0
1.91,0.4679999,1.96,0.5320001,1.0
2.1,0.4631846,1.79,0.5368154,1.0
2.32,0.52070683,1.66,0.4792932,1.0
1.81,0.5710294,2.08,0.42897058,1.0
3.33,0.4088837,1.38,0.5911163,0.0
1.44,0.6309494,2.94,0.36905062,1.0
1.76,0.5712546,2.15,0.42874536,0.0
1.92,0.5375582,1.93,0.4624418,0.0
2.16,0.4994582,1.75,0.50054187,0.0
2.41,0.4367109,1.62,0.5632891,1.0
1.91,0.5521318,1.96,0.44786814,0.0
2.95,0.42016652,1.44,0.57983345,0.0
1.45,0.5899949,2.87,0.4100051,0.0
2.46,0.42362496,1.6,0.576375,0.0
3.33,0.4216164,1.38,0.5783836,0.0
2.25,0.45633462,1.7,0.5436653,1.0
2.65,0.45454124,1.53,0.54545885,0.0
1.79,0.53876555,2.1,0.46123448,0.0
1.86,0.47811067,2.01,0.5218893,0.0
3.85,0.37992087,1.29,0.62007916,0.0
1.45,0.6332494,2.91,0.3667506,1.0
1.75,0.6053936,2.16,0.3946064,1.0
1.99,0.45787987,1.88,0.54212016,0.0
2.0,0.6027334,1.88,0.39726666,1.0
1.75,0.54921,2.16,0.45079,1.0
2.91,0.4212679,1.45,0.57873213,0.0
1.5,0.57688445,2.73,0.4231156,0.0
2.29,0.4307767,1.68,0.56922334,0.0
2.6,0.42863318,1.54,0.5713668,1.0
2.03,0.51863474,1.85,0.4813653,1.0
1.93,0.59739673,1.93,0.4026033,1.0
2.28,0.45535287,1.68,0.54464716,0.0
2.19,0.5196457,1.74,0.48035437,1.0
1.48,0.61830026,2.77,0.3816998,1.0
1.46,0.61840993,2.84,0.38159013,0.0
2.6,0.4473901,1.55,0.55260986,0.0
1.93,0.58915347,1.93,0.41084653,1.0
1.48,0.64174235,2.77,0.35825762,1.0
1.68,0.5878453,2.27,0.41215467,1.0
2.55,0.41307953,1.57,0.5869205,1.0
2.15,0.48096144,1.75,0.5190385,1.0
1.77,0.58923393,2.14,0.41076604,1.0
1.48,0.6006936,2.79,0.39930642,0.0
1.86,0.44386035,2.01,0.55613965,0.0
1.7,0.60476696,2.25,0.39523295,0.0
1.98,0.5358607,1.89,0.46413928,1.0
1.46,0.6904643,2.85,0.30953565,1.0
2.07,0.48698387,1.81,0.5130162,0.0
2.83,0.44509932,1.47,0.55490065,0.0
1.75,0.60724515,2.16,0.39275488,0.0
1.48,0.6179435,2.79,0.38205644,1.0
2.58,0.40887013,1.56,0.59112984,0.0
1.48,0.5834997,2.79,0.4165003,0.0
2.14,0.55613256,1.77,0.4438674,1.0
2.27,0.45817402,1.69,0.541826,0.0
1.94,0.53932154,1.93,0.46067846,1.0
2.17,0.55873924,1.75,0.4412608,1.0
1.5,0.60915387,2.72,0.39084616,0.0
1.78,0.4550214,2.13,0.5449786,0.0
1.88,0.54036987,1.98,0.45963016,0.0
1.85,0.5941939,2.03,0.4058061,1.0
1.68,0.6172833,2.3,0.38271672,1.0
1.87,0.557009,2.0,0.44299102,0.0
1.95,0.5103472,1.91,0.48965287,1.0
2.13,0.49250194,1.77,0.5074981,0.0
1.51,0.65169764,2.7,0.34830236,0.0
2.5,0.49233723,1.58,0.5076628,0.0
1.41,0.62208134,3.09,0.3779187,1.0
1.47,0.5591489,2.83,0.44085112,1.0
2.08,0.4567362,1.81,0.5432638,0.0
1.83,0.5418682,2.05,0.45813176,1.0
1.78,0.46728262,2.11,0.5327174,0.0
1.56,0.60528094,2.56,0.394719,1.0
1.54,0.6335933,2.61,0.36640665,0.0
1.64,0.5888381,2.36,0.41116184,0.0
2.11,0.4870305,1.79,0.5129695,0.0
1.84,0.50318587,2.03,0.49681404,0.0
1.88,0.4702101,1.98,0.52978987,0.0
1.64,0.59047323,2.36,0.40952677,1.0
1.86,0.51805365,2.01,0.4819463,1.0
1.58,0.70396316,2.5,0.2960369,1.0
2.17,0.47484842,1.75,0.52515155,1.0
2.25,0.4463495,1.69,0.5536505,0.0
1.58,0.6014558,2.5,0.39854422,1.0
1.54,0.6458483,2.62,0.3541517,1.0
1.52,0.6382797,2.67,0.36172032,1.0
2.15,0.49926206,1.76,0.5007379,0.0
1.27,0.67968065,4.09,0.32031927,1.0
1.89,0.5923132,1.98,0.4076868,1.0
1.27,0.7083399,4.08,0.29166,1.0
1.76,0.4912066,2.15,0.5087934,0.0
1.88,0.49323592,1.98,0.5067641,1.0
1.7,0.5437377,2.25,0.45626235,1.0
1.54,0.6880236,2.62,0.31197634,1.0
1.79,0.5724923,2.11,0.42750773,1.0
2.28,0.45046625,1.68,0.5495337,1.0
2.15,0.4470732,1.76,0.55292684,0.0
2.21,0.47666943,1.72,0.52333057,0.0
1.31,0.67506576,3.71,0.32493424,1.0
1.51,0.6508146,2.69,0.34918538,0.0
1.92,0.4645997,1.95,0.5354003,1.0
1.93,0.52230436,1.93,0.4776956,0.0
1.66,0.5212618,2.32,0.4787382,1.0
1.52,0.57425106,2.67,0.4257489,0.0
1.61,0.5443936,2.44,0.4556064,0.0
1.47,0.6959335,2.81,0.30406648,1.0
1.78,0.5014277,2.13,0.49857223,0.0
2.38,0.5095369,1.64,0.4904631,1.0
1.57,0.6563819,2.54,0.3436181,0.0
1.63,0.58344525,2.4,0.41655475,1.0
2.14,0.46597722,1.77,0.53402275,0.0
2.48,0.4435542,1.59,0.55644584,1.0
2.32,0.4750731,1.67,0.5249269,1.0
1.48,0.63418716,2.77,0.3658128,0.0
1.4,0.65990704,3.13,0.34009287,1.0
1.92,0.5648388,1.94,0.43516117,1.0
1.38,0.67996186,3.25,0.32003817,1.0
1.77,0.5168912,2.13,0.4831089,0.0
1.83,0.5269206,2.05,0.47307932,1.0
1.43,0.6103585,3.02,0.38964158,0.0
1.65,0.5361007,2.34,0.46389934,1.0
1.51,0.7154263,2.7,0.28457373,1.0
1.92,0.5108757,1.94,0.48912427,0.0
1.92,0.48668596,1.94,0.513314,1.0
2.45,0.43265745,1.6,0.56734246,0.0
2.75,0.41539717,1.49,0.58460283,0.0
2.69,0.44544396,1.51,0.5545561,0.0
1.49,0.5691856,2.75,0.4308144,0.0
1.56,0.5897649,2.57,0.41023514,1.0
1.76,0.53727204,2.14,0.46272796,0.0
1.92,0.5546627,1.94,0.4453373,0.0
1.61,0.6184876,2.43,0.38151243,0.0
2.01,0.5330571,1.86,0.46694285,0.0
1.45,0.6252543,2.89,0.37474573,1.0
1.42,0.60749394,3.02,0.3925061,1.0
1.5,0.5711518,2.74,0.42884824,1.0
1.51,0.54104203,2.72,0.45895797,0.0
2.5,0.4128703,1.58,0.5871298,1.0
2.07,0.51109946,1.82,0.4889006,0.0
1.7,0.5893878,2.25,0.41061223,1.0
1.73,0.5597048,2.2,0.44029525,1.0
1.66,0.5812297,2.31,0.4187703,0.0
2.78,0.47247514,1.49,0.5275249,1.0
1.84,0.517117,2.04,0.482883,1.0
1.35,0.65193236,3.42,0.34806764,1.0
1.47,0.55285734,2.82,0.44714272,0.0
1.9,0.5093541,1.96,0.49064592,0.0
1.56,0.5511998,2.55,0.44880024,0.0
1.42,0.56150156,3.03,0.43849838,1.0
1.47,0.53199834,2.83,0.46800172,0.0
1.43,0.5470948,2.99,0.45290515,1.0
2.21,0.43880248,1.72,0.56119746,0.0
1.58,0.5704222,2.51,0.4295778,1.0
1.9,0.5480628,1.96,0.45193723,1.0
1.36,0.56304216,3.34,0.43695784,1.0
1.63,0.5040228,2.39,0.49597722,0.0
2.36,0.43459058,1.65,0.5654094,0.0
1.97,0.52250755,1.89,0.47749245,0.0
1.64,0.6289072,2.37,0.37109286,1.0
2.07,0.5443591,1.82,0.45564097,1.0
2.58,0.46789744,1.55,0.5321025,0.0
1.65,0.5620186,2.35,0.43798143,1.0
1.53,0.5883919,2.65,0.4116081,1.0
1.38,0.5619568,3.26,0.43804315,1.0
1.46,0.5496867,2.85,0.45031336,1.0
1.55,0.5275901,2.58,0.47240993,0.0
1.61,0.5965694,2.43,0.40343067,0.0
1.48,0.6033715,2.8,0.39662853,1.0
1.75,0.574133,2.16,0.42586696,1.0
1.65,0.5493273,2.35,0.45067266,0.0
1.49,0.5583249,2.77,0.44167507,1.0
1.56,0.56783074,2.55,0.4321692,1.0
1.48,0.5781744,2.79,0.4218255,1.0
2.57,0.5075525,1.56,0.49244747,1.0
1.49,0.5680659,2.75,0.43193418,1.0
2.61,0.42410168,1.54,0.57589835,0.0
2.18,0.5367625,1.74,0.46323752,1.0
1.7,0.57291085,2.25,0.4270891,0.0
2.31,0.4790756,1.67,0.52092445,1.0
2.09,0.49700242,1.8,0.5029976,1.0
1.77,0.548535,2.13,0.451465,1.0
2.11,0.516012,1.79,0.48398796,0.0
2.82,0.40369305,1.47,0.59630686,1.0
2.12,0.4753208,1.78,0.52467924,0.0
1.58,0.5336388,2.52,0.4663613,0.0
2.19,0.43878073,1.73,0.56121933,0.0
1.39,0.57491374,3.18,0.4250862,1.0
1.58,0.5607889,2.52,0.43921104,0.0
3.2,0.4169159,1.4,0.5830841,0.0
1.57,0.5635288,2.54,0.43647128,1.0
1.95,0.48099822,1.92,0.5190018,1.0
1.67,0.54636824,2.31,0.45363176,1.0
2.14,0.55441463,1.77,0.44558534,1.0
1.87,0.5434057,2.01,0.45659432,0.0
2.33,0.4552891,1.67,0.5447108,1.0
3.2,0.44808406,1.4,0.55191594,0.0
1.72,0.5545748,2.22,0.4454252,0.0
2.4,0.48968086,1.62,0.5103192,0.0
3.53,0.38968047,1.33,0.6103195,1.0
1.63,0.52974385,2.4,0.4702562,0.0
1.63,0.51215005,2.39,0.4878499,1.0
2.79,0.43350792,1.48,0.5664921,0.0
1.26,0.59383434,4.15,0.40616566,1.0
2.02,0.5264643,1.85,0.47353578,0.0
2.06,0.5448033,1.82,0.45519665,0.0
1.9,0.45803213,1.96,0.54196787,0.0
1.85,0.5021017,2.04,0.49789834,1.0
1.76,0.55703443,2.15,0.4429656,1.0
1.82,0.5356944,2.08,0.46430558,0.0
2.96,0.40230379,1.44,0.59769624,0.0
1.37,0.59813786,3.3,0.40186214,1.0
1.66,0.5024441,2.32,0.49755582,0.0
1.64,0.5353925,2.37,0.46460745,1.0
2.1,0.46024826,1.79,0.5397517,0.0
1.59,0.54583555,2.5,0.4541645,1.0
1.44,0.5622094,2.97,0.43779054,1.0
3.33,0.43639788,1.36,0.56360215,0.0
1.41,0.59565073,3.09,0.40434918,0.0
2.16,0.5078946,1.75,0.49210545,1.0
2.01,0.50156343,1.86,0.49843663,0.0
1.49,0.54421425,2.77,0.45578575,1.0
1.73,0.5407458,2.19,0.45925418,1.0
2.26,0.49518105,1.69,0.5048189,1.0
2.55,0.46484682,1.56,0.53515315,1.0
1.37,0.5931771,3.28,0.40682295,1.0
2.11,0.50699395,1.79,0.49300608,1.0
1.4,0.60348666,3.13,0.3965133,1.0
2.02,0.5347048,1.85,0.4652952,0.0
2.11,0.5126815,1.79,0.48731855,1.0
1.43,0.60811,3.0,0.39189,1.0
1.77,0.53558767,2.13,0.46441227,1.0
3.0,0.4235123,1.43,0.57648766,0.0
1.43,0.53767467,3.0,0.46232525,0.0
1.83,0.5255069,2.05,0.47449312,1.0
1.59,0.57217544,2.49,0.42782453,1.0
2.07,0.4948631,1.81,0.5051369,0.0
2.01,0.4673628,1.86,0.53263724,1.0
1.9,0.5203473,1.97,0.47965273,1.0
1.64,0.5191777,2.38,0.48082227,1.0
1.91,0.52691114,1.96,0.47308886,1.0
1.5,0.5520126,2.7,0.44798735,0.0
1.97,0.45195237,1.9,0.5480476,1.0
1.28,0.6115879,3.91,0.38841206,1.0
1.94,0.52628577,1.93,0.47371417,1.0
1.36,0.61440563,3.38,0.38559437,0.0
1.7,0.5590814,2.26,0.44091862,1.0
2.3,0.46316126,1.67,0.5368387,0.0
1.54,0.5903113,2.63,0.4096887,0.0
1.73,0.5178306,2.19,0.48216942,0.0
2.45,0.4741896,1.61,0.5258104,0.0
1.65,0.55394304,2.34,0.446057,0.0
2.09,0.52375317,1.8,0.4762468,0.0
2.27,0.46990165,1.69,0.5300983,0.0
1.48,0.60557723,2.78,0.39442277,1.0
1.3,0.668762,3.75,0.33123794,0.0
1.86,0.54704976,2.01,0.45295024,1.0
1.74,0.5010871,2.18,0.49891296,0.0
2.83,0.41661492,1.47,0.5833851,0.0
1.38,0.56440204,3.22,0.43559793,0.0
1.75,0.5491139,2.17,0.45088604,0.0
1.63,0.51522624,2.4,0.48477376,0.0
2.32,0.41422054,1.66,0.5857795,1.0
1.28,0.659165,3.93,0.340835,1.0
1.82,0.53056854,2.06,0.4694315,1.0
1.84,0.5382758,2.03,0.46172422,0.0
1.5,0.6003484,2.72,0.39965162,1.0
1.77,0.51274765,2.14,0.48725238,0.0
1.8,0.55900395,2.08,0.44099608,0.0
2.45,0.42893314,1.6,0.57106686,1.0
1.51,0.5258601,2.7,0.47414,0.0
1.78,0.5242466,2.12,0.47575343,1.0
1.52,0.5801318,2.67,0.4198681,1.0
1.71,0.5563858,2.22,0.44361413,1.0
1.74,0.4873868,2.17,0.5126132,1.0
2.03,0.4244735,1.85,0.57552654,1.0
1.91,0.51185846,1.95,0.48814148,1.0
1.28,0.72427285,3.98,0.2757271,1.0
1.76,0.5322041,2.14,0.4677959,0.0
2.16,0.48813447,1.75,0.51186556,0.0
1.77,0.5592368,2.14,0.44076318,1.0
1.84,0.53181183,2.04,0.4681882,1.0
2.77,0.3993413,1.49,0.6006588,0.0
1.77,0.51491255,2.12,0.4850875,0.0
1.53,0.51178694,2.64,0.48821297,1.0
2.01,0.50771487,1.86,0.4922851,1.0
1.81,0.5557384,2.08,0.44426164,0.0
2.03,0.5214779,1.84,0.47852206,1.0
2.32,0.39963815,1.66,0.6003619,0.0
2.06,0.4905179,1.83,0.50948215,0.0
1.62,0.5044949,2.41,0.49550506,1.0
1.37,0.658753,3.27,0.34124696,0.0
1.75,0.580818,2.15,0.419182,0.0
1.98,0.53199637,1.88,0.46800366,0.0
2.65,0.3945026,1.53,0.60549736,1.0
1.81,0.48131332,2.07,0.51868665,1.0
1.64,0.5409109,2.37,0.4590891,0.0
1.94,0.54686975,1.93,0.45313025,1.0
1.84,0.55189836,2.03,0.44810164,1.0
2.26,0.49502686,1.69,0.5049732,0.0
1.46,0.6151284,2.85,0.38487166,0.0
1.51,0.5165249,2.69,0.48347512,1.0
2.28,0.4031229,1.68,0.5968771,0.0
1.59,0.54578906,2.48,0.45421097,1.0
1.46,0.5523917,2.86,0.44760832,1.0
2.09,0.44420126,1.8,0.5557988,0.0
1.52,0.5296444,2.66,0.47035557,1.0
1.74,0.57880133,2.17,0.42119873,1.0
1.82,0.5547098,2.05,0.44529015,1.0
1.41,0.60435957,3.08,0.39564043,1.0
2.08,0.50602514,1.81,0.49397492,1.0
1.66,0.52409124,2.32,0.47590867,1.0
1.86,0.516206,2.01,0.4837939,1.0
1.5,0.5913323,2.75,0.40866774,0.0
1.92,0.53162634,1.95,0.46837357,0.0
1.82,0.48287505,2.06,0.51712495,0.0
1.44,0.54891,2.94,0.45108995,0.0
1.69,0.49464467,2.26,0.5053553,0.0
1.41,0.5915031,3.07,0.4084969,1.0
1.7,0.58306843,2.24,0.41693154,1.0
1.84,0.44274506,2.03,0.55725497,0.0
2.08,0.5105435,1.81,0.48945644,0.0
1.43,0.63260746,2.95,0.36739257,1.0
2.14,0.4326868,1.76,0.5673132,0.0
1.8,0.5144873,2.09,0.48551267,1.0
1.6,0.58497393,2.44,0.41502604,0.0
1.33,0.6360971,3.58,0.36390287,1.0
1.92,0.5188198,1.94,0.48118016,1.0
1.51,0.551724,2.7,0.44827607,1.0
1.55,0.5363447,2.57,0.46365526,1.0
2.07,0.49233505,1.82,0.507665,0.0
1.42,0.58322257,3.02,0.41677743,1.0
1.48,0.589597,2.8,0.41040298,0.0
1.6,0.47679782,2.44,0.5232022,0.0
1.3,0.6551042,3.79,0.34489584,1.0
1.53,0.5964994,2.64,0.40350056,1.0
1.91,0.46868348,1.95,0.5313166,0.0
2.22,0.5384838,1.72,0.4615162,1.0
1.52,0.5211761,2.65,0.4788239,0.0
1.9,0.53190184,1.97,0.46809813,0.0
1.82,0.45620936,2.06,0.54379064,0.0
1.63,0.56622374,2.37,0.43377626,0.0
1.42,0.5716922,3.04,0.42830783,1.0
1.63,0.54040766,2.37,0.45959234,1.0
2.35,0.50345993,1.65,0.49654007,1.0
1.43,0.614887,2.99,0.38511306,1.0
1.61,0.55944246,2.43,0.44055754,0.0
1.93,0.5137248,1.94,0.48627517,0.0
2.43,0.48543772,1.61,0.5145623,0.0
1.6,0.51464564,2.46,0.4853543,0.0
1.67,0.56234443,2.31,0.43765554,1.0
3.03,0.45054817,1.42,0.5494518,1.0
1.47,0.5903823,2.83,0.4096177,1.0
1.99,0.47595742,1.87,0.5240426,0.0
2.28,0.4496263,1.68,0.55037373,1.0
2.39,0.46541125,1.63,0.5345887,0.0
1.36,0.7208521,3.37,0.27914792,1.0
2.0,0.47291186,1.88,0.5270881,0.0
1.52,0.61374485,2.67,0.3862552,1.0
1.6,0.5561621,2.46,0.44383788,1.0
2.3,0.42811185,1.67,0.57188815,0.0
1.53,0.5204016,2.65,0.47959837,1.0
1.53,0.56658906,2.64,0.43341097,1.0
1.91,0.4863152,1.96,0.5136848,0.0
1.63,0.5723565,2.4,0.42764354,1.0
1.49,0.5965187,2.75,0.4034813,1.0
1.81,0.5291998,2.07,0.47080028,1.0
1.83,0.48608273,2.05,0.51391727,0.0
1.56,0.5475413,2.55,0.45245868,1.0
2.19,0.49569505,1.74,0.50430495,0.0
2.54,0.4553631,1.57,0.54463685,1.0
1.4,0.68385494,3.12,0.31614503,1.0
1.49,0.45213643,2.75,0.5478636,1.0
2.25,0.43035907,1.7,0.56964093,0.0
1.51,0.59178275,2.69,0.40821725,1.0
1.46,0.60885996,2.85,0.39114007,0.0
1.68,0.57705474,2.28,0.42294532,1.0
2.15,0.44692382,1.76,0.55307615,1.0
1.73,0.50659376,2.19,0.4934062,0.0
2.04,0.4686076,1.84,0.5313924,0.0
2.6,0.45517585,1.54,0.5448242,1.0
2.15,0.46137267,1.76,0.5386273,0.0
1.59,0.5933905,2.48,0.4066095,1.0
1.38,0.6861829,3.28,0.31381708,1.0
2.29,0.43577427,1.69,0.56422573,0.0
1.67,0.5509084,2.29,0.4490916,1.0
1.73,0.6043139,2.22,0.39568612,1.0
2.01,0.44012803,1.86,0.5598719,0.0
2.1,0.46792775,1.8,0.5320723,1.0
1.42,0.5695904,3.02,0.4304096,1.0
1.67,0.50725913,2.3,0.49274093,0.0
1.72,0.51091915,2.22,0.48908082,0.0
1.81,0.47812518,2.07,0.52187485,1.0
3.9,0.3681749,1.28,0.6318251,0.0
2.75,0.4135371,1.49,0.5864629,1.0
2.35,0.5166429,1.65,0.48335713,1.0
1.73,0.5733193,2.18,0.4266807,0.0
2.53,0.5018937,1.57,0.49810633,0.0
1.78,0.51493686,2.12,0.48506314,1.0
1.75,0.5182699,2.17,0.4817301,1.0
1.69,0.5233739,2.27,0.4766261,1.0
1.77,0.5123571,2.13,0.48764282,0.0
2.08,0.5377992,1.81,0.46220082,0.0
1.71,0.56692445,2.24,0.43307552,0.0
2.56,0.467934,1.56,0.532066,1.0
2.64,0.4083259,1.52,0.59167415,0.0
2.66,0.3931685,1.52,0.6068315,0.0
1.71,0.52912813,2.24,0.47087184,0.0
1.3,0.7168688,3.75,0.28313115,1.0
1.36,0.61331505,3.35,0.38668498,0.0
2.13,0.5262404,1.77,0.47375956,0.0
2.59,0.49721783,1.55,0.5027821,1.0
1.81,0.5810269,2.07,0.4189731,1.0
1.8,0.5446342,2.09,0.45536572,1.0
1.71,0.5672997,2.24,0.43270022,1.0
2.05,0.46135297,1.83,0.538647,0.0
1.61,0.53575826,2.43,0.46424168,1.0
1.47,0.5619637,2.84,0.4380363,0.0
2.27,0.47400343,1.69,0.5259966,0.0
2.7,0.44485697,1.51,0.555143,0.0
3.39,0.38556424,1.35,0.6144358,0.0
1.93,0.58757997,1.94,0.41242006,1.0
1.85,0.51236165,2.01,0.4876384,0.0
2.26,0.48692536,1.69,0.51307464,0.0
1.47,0.5932035,2.85,0.4067965,1.0
1.68,0.5467606,2.28,0.45323935,0.0
1.79,0.54790074,2.1,0.45209926,0.0
2.81,0.39270043,1.47,0.60729957,0.0
1.35,0.6861233,3.42,0.31387672,1.0
1.61,0.58707434,2.43,0.41292563,0.0
2.88,0.5115216,1.45,0.4884784,1.0
2.07,0.43896398,1.81,0.56103605,0.0
2.0,0.47919706,1.87,0.5208029,1.0
1.55,0.56919336,2.58,0.4308066,1.0
1.73,0.51948243,2.2,0.48051757,1.0
1.58,0.5607437,2.52,0.4392563,1.0
2.06,0.5045104,1.82,0.4954897,0.0
1.58,0.5500958,2.52,0.44990414,1.0
1.43,0.67948574,2.99,0.32051426,1.0
2.62,0.41634813,1.54,0.58365184,1.0
2.66,0.4506475,1.52,0.5493525,0.0
2.03,0.5604403,1.85,0.43955967,1.0
1.86,0.52717614,2.01,0.47282386,0.0
2.01,0.5087364,1.86,0.4912637,0.0
1.33,0.6746552,3.56,0.32534483,1.0
1.53,0.61942106,2.64,0.38057896,1.0
1.84,0.5544698,2.04,0.4455302,0.0
1.49,0.6258355,2.76,0.37416452,0.0
1.78,0.5363736,2.12,0.4636264,0.0
2.36,0.45822838,1.64,0.54177165,1.0
2.14,0.47735602,1.77,0.52264404,0.0
1.48,0.6498801,2.79,0.35011995,1.0
1.53,0.5507526,2.65,0.44924748,0.0
1.67,0.58104765,2.31,0.4189524,1.0
2.22,0.5073782,1.72,0.49262184,1.0
1.73,0.56406254,2.2,0.43593752,0.0
1.71,0.4623864,2.24,0.53761363,0.0
2.06,0.51560783,1.83,0.48439223,1.0
1.69,0.5256482,2.26,0.47435185,0.0
2.27,0.4703748,1.69,0.5296252,0.0
1.37,0.67372316,3.31,0.32627684,1.0
1.43,0.632806,2.99,0.36719397,0.0
1.38,0.6178437,3.24,0.3821563,1.0
1.45,0.6700291,2.89,0.32997093,1.0
1.86,0.54018456,2.0,0.45981544,1.0
1.96,0.48281267,1.9,0.51718736,0.0
1.44,0.66368353,2.93,0.33631647,1.0
1.57,0.56221914,2.54,0.4377809,1.0
1.57,0.59891593,2.53,0.40108404,0.0
1.88,0.54866713,1.99,0.45133284,1.0
1.74,0.47923958,2.18,0.5207604,0.0
2.33,0.51422596,1.66,0.48577404,1.0
1.68,0.54511935,2.28,0.45488068,0.0
2.05,0.5027827,1.83,0.49721727,1.0
1.56,0.59909725,2.57,0.40090272,1.0
1.44,0.63123316,2.95,0.36876684,0.0
1.53,0.68264186,2.66,0.31735805,0.0
1.97,0.52376366,1.9,0.4762363,1.0
1.76,0.500279,2.15,0.49972108,0.0
1.47,0.6295302,2.85,0.37046984,0.0
1.51,0.5635639,2.71,0.43643606,1.0
1.57,0.5930287,2.53,0.4069713,0.0
1.93,0.523671,1.93,0.47632906,0.0
1.62,0.6214084,2.41,0.37859166,0.0
2.1,0.5670176,1.79,0.43298244,0.0
2.09,0.5385486,1.8,0.46145147,1.0
2.1,0.45059273,1.8,0.54940724,1.0
2.35,0.4611585,1.65,0.5388414,1.0
2.14,0.5142797,1.76,0.48572028,0.0
1.66,0.52090776,2.33,0.4790922,0.0
1.56,0.60219985,2.55,0.3978001,1.0
2.01,0.5819789,1.87,0.41802108,0.0
1.72,0.49660712,2.22,0.50339293,0.0
1.55,0.6060674,2.6,0.39393255,1.0
2.25,0.53941816,1.7,0.46058187,0.0
1.61,0.5469124,2.45,0.45308766,0.0
1.7,0.515473,2.25,0.48452693,0.0
1.61,0.5408095,2.44,0.45919052,1.0
1.88,0.52777284,1.99,0.4722272,0.0
2.05,0.49824095,1.83,0.50175905,0.0
1.6,0.54658806,2.44,0.453412,1.0
1.53,0.586795,2.65,0.41320503,1.0
1.44,0.6548644,2.97,0.34513566,1.0
1.35,0.61652094,3.42,0.38347906,1.0
1.95,0.55722785,1.92,0.44277218,0.0
1.79,0.49162278,2.11,0.50837725,0.0
1.51,0.62606794,2.71,0.3739321,0.0
2.73,0.44981316,1.5,0.5501868,0.0
1.59,0.53852385,2.49,0.46147618,1.0
1.92,0.4825164,1.95,0.51748353,0.0
1.68,0.55520177,2.27,0.44479826,0.0
1.44,0.5598716,2.94,0.4401284,1.0
1.61,0.53064424,2.45,0.4693557,0.0
2.03,0.46033382,1.85,0.5396662,1.0
2.03,0.5694966,1.85,0.4305035,0.0
2.31,0.51139945,1.67,0.4886006,0.0
2.07,0.4991339,1.81,0.50086606,1.0
1.63,0.50576943,2.38,0.49423054,1.0
2.1,0.52328074,1.79,0.4767192,1.0
1.44,0.62419873,2.97,0.37580127,1.0
1.27,0.65868825,4.06,0.3413118,1.0
1.55,0.59702283,2.58,0.40297717,1.0
1.5,0.56240356,2.73,0.43759638,0.0
1.61,0.5171828,2.43,0.48281717,1.0
2.45,0.49445543,1.6,0.5055446,1.0
1.43,0.57978016,3.0,0.4202199,1.0
1.71,0.5461,2.23,0.45389998,1.0
1.74,0.5489352,2.17,0.45106477,1.0
1.62,0.54108506,2.42,0.4589149,0.0
1.34,0.59109443,3.47,0.40890557,0.0
2.35,0.52032906,1.65,0.47967097,1.0
1.45,0.57877326,2.89,0.4212267,0.0
1.69,0.5896686,2.27,0.41033143,1.0
1.68,0.5741412,2.28,0.42585883,1.0
2.69,0.45238966,1.51,0.5476104,1.0
1.64,0.47867846,2.37,0.5213215,0.0
1.31,0.68349165,3.7,0.31650838,1.0
2.2,0.51475877,1.73,0.48524123,0.0
2.44,0.4776696,1.61,0.5223304,0.0
2.28,0.5174795,1.68,0.48252052,0.0
1.92,0.56318575,1.94,0.4368142,0.0
1.78,0.57864875,2.11,0.4213513,1.0
2.07,0.50618935,1.81,0.49381068,1.0
1.49,0.5655464,2.75,0.4344536,1.0
1.57,0.5715296,2.53,0.42847043,1.0
1.82,0.50199735,2.07,0.4980026,0.0
1.55,0.6259526,2.6,0.3740474,1.0
1.36,0.57550544,3.33,0.42449456,0.0
1.66,0.5778053,2.33,0.42219475,1.0
1.55,0.5606671,2.57,0.4393329,1.0
1.67,0.53404474,2.31,0.46595523,1.0
1.3,0.67744505,3.78,0.32255492,1.0
2.29,0.5386071,1.67,0.4613929,1.0
1.91,0.5567034,1.96,0.4432966,1.0
2.09,0.54496753,1.8,0.45503244,1.0
2.79,0.44210184,1.48,0.55789816,0.0
1.69,0.5350561,2.26,0.46494383,1.0
1.35,0.57278216,3.38,0.42721787,1.0
1.89,0.52685344,1.98,0.4731466,0.0
1.56,0.54918694,2.55,0.45081306,0.0
1.39,0.6704301,3.19,0.32956985,1.0
1.31,0.5797028,3.71,0.42029724,1.0
1.33,0.6644187,3.58,0.3355812,0.0
2.57,0.4828145,1.56,0.51718557,0.0
1.83,0.5530789,2.06,0.44692114,0.0
2.44,0.51595587,1.62,0.4840441,1.0
2.31,0.495922,1.67,0.504078,0.0
1.78,0.52721363,2.11,0.47278643,0.0
2.66,0.45743707,1.52,0.54256296,0.0
1.47,0.559054,2.83,0.44094595,1.0
1.49,0.6023064,2.75,0.39769357,1.0
2.13,0.47907296,1.78,0.52092713,1.0
1.54,0.6268731,2.62,0.37312692,0.0
1.91,0.48591894,1.96,0.5140811,0.0
1.42,0.5634314,3.04,0.43656853,1.0
2.0,0.5173458,1.87,0.4826542,1.0
2.02,0.5674939,1.84,0.43250602,0.0
1.36,0.6254781,3.36,0.37452194,1.0
2.61,0.40672874,1.54,0.5932712,0.0
1.39,0.674099,3.17,0.325901,1.0
1.62,0.57313555,2.41,0.42686448,0.0
2.96,0.4218429,1.44,0.57815707,0.0
1.67,0.5585603,2.29,0.4414397,0.0
1.52,0.59080285,2.68,0.40919715,1.0
2.59,0.4533204,1.55,0.54667956,0.0
1.66,0.5249333,2.33,0.47506666,1.0
1.61,0.4982907,2.44,0.5017093,0.0
1.71,0.5484772,2.23,0.45152292,0.0
1.64,0.57188493,2.36,0.42811513,0.0
2.74,0.5355604,1.5,0.4644396,0.0
1.25,0.64550257,4.24,0.3544974,1.0
2.66,0.42762902,1.52,0.572371,0.0
1.67,0.47590065,2.3,0.52409935,0.0
2.86,0.44042778,1.46,0.55957216,1.0
1.87,0.52657384,2.0,0.47342613,0.0
1.55,0.5771217,2.58,0.42287832,0.0
1.67,0.61401206,2.3,0.38598788,0.0
1.66,0.574925,2.33,0.42507493,1.0
3.06,0.43090945,1.42,0.56909055,1.0
1.63,0.5401549,2.38,0.45984513,1.0
1.87,0.4941653,2.0,0.5058347,1.0
1.94,0.53934157,1.94,0.46065843,1.0
1.28,0.6767061,3.9,0.32329398,1.0
1.53,0.57506776,2.65,0.4249322,1.0
1.96,0.43807304,1.9,0.56192696,1.0
1.61,0.5573063,2.44,0.44269368,0.0
1.95,0.5135537,1.91,0.48644632,0.0
1.28,0.68888533,3.9,0.3111147,0.0
1.6,0.5335371,2.47,0.4664629,1.0
2.53,0.5285341,1.57,0.47146592,1.0
1.53,0.5802996,2.64,0.41970035,1.0
2.66,0.45809323,1.52,0.5419067,0.0
1.7,0.61123484,2.25,0.38876513,1.0
1.48,0.60908884,2.79,0.3909111,1.0
2.11,0.49191234,1.78,0.5080877,1.0
1.57,0.5205571,2.54,0.4794429,1.0
1.96,0.4657967,1.91,0.5342033,0.0
1.89,0.53240407,1.97,0.46759593,0.0
2.34,0.54155535,1.66,0.45844465,0.0
1.54,0.57737356,2.61,0.42262644,1.0
2.05,0.44891503,1.83,0.551085,1.0
2.23,0.5003714,1.71,0.49962863,1.0
1.59,0.56417364,2.48,0.43582627,1.0
1.76,0.6136449,2.15,0.3863551,1.0
1.52,0.5578807,2.66,0.44211933,0.0
1.59,0.5795346,2.48,0.42046535,1.0
1.67,0.5633851,2.29,0.43661487,1.0
1.77,0.5484746,2.14,0.4515253,0.0
2.26,0.5305485,1.69,0.4694514,0.0
3.25,0.3889844,1.38,0.61101556,0.0
2.25,0.44520035,1.7,0.5547996,0.0
1.73,0.5382649,2.19,0.4617352,0.0
1.57,0.5836337,2.53,0.41636628,0.0
2.66,0.45812324,1.52,0.54187673,0.0
1.46,0.53411585,2.84,0.46588412,1.0
1.38,0.62663484,3.23,0.37336516,1.0
1.59,0.57157856,2.48,0.42842147,1.0
2.16,0.4577341,1.76,0.5422659,1.0
2.33,0.4475306,1.66,0.5524695,1.0
1.57,0.5542074,2.52,0.44579268,1.0
2.67,0.47279686,1.52,0.52720314,0.0
1.56,0.5632223,2.55,0.43677774,0.0
1.66,0.52548563,2.31,0.47451437,0.0
2.23,0.4944649,1.71,0.50553507,1.0
3.23,0.39506873,1.38,0.60493124,0.0
3.33,0.47030374,1.37,0.5296963,0.0
1.41,0.6178018,3.11,0.38219818,1.0
3.23,0.40857017,1.38,0.5914298,0.0
1.68,0.51959085,2.28,0.48040912,1.0
1.37,0.61980927,3.28,0.38019076,1.0
1.72,0.5688749,2.22,0.43112502,1.0
1.62,0.56345373,2.42,0.43654624,1.0
3.09,0.46567556,1.41,0.53432447,1.0
1.93,0.46447882,1.94,0.53552115,0.0
2.15,0.45416588,1.76,0.5458342,0.0
1.87,0.46452135,2.0,0.53547865,0.0
1.45,0.5624102,2.89,0.43758985,1.0
3.02,0.41524354,1.42,0.5847565,1.0
1.74,0.5621786,2.19,0.43782133,1.0
2.3,0.46422276,1.67,0.5357773,1.0
3.01,0.47412506,1.43,0.5258749,0.0
1.9,0.48834488,1.96,0.5116551,1.0
1.79,0.5297288,2.1,0.47027123,0.0
1.53,0.5128627,2.66,0.48713726,1.0
1.35,0.61144716,3.41,0.38855284,1.0
1.74,0.55858,2.18,0.44142005,1.0
1.38,0.58178055,3.24,0.4182194,1.0
2.04,0.46545184,1.83,0.5345481,1.0
1.6,0.53932005,2.46,0.4606799,1.0
1.6,0.5937603,2.45,0.40623972,1.0
2.93,0.4465609,1.44,0.5534391,0.0
1.64,0.52150923,2.38,0.4784908,1.0
