1.39,0.7038799,3.17,0.2961202,1.0,04,20,NYY,KCR
1.65,0.65748036,2.33,0.3425196,1.0,04,20,STL,NYM
1.75,0.52809256,2.16,0.47190738,0.0,04,20,CHC,ARI
2.67,0.38666177,1.53,0.6133383,0.0,04,20,BAL,MIN
1.73,0.6312634,2.18,0.3687366,1.0,04,20,PIT,SFG
1.74,0.5868358,2.17,0.41316423,0.0,04,20,OAK,TOR
1.7,0.57529765,2.22,0.42470232,1.0,04,20,CLE,ATL
3.06,0.33199367,1.42,0.6680063,1.0,04,20,FLA,WSN
1.72,0.60272145,2.21,0.39727852,0.0,04,20,TBD,BOS
1.99,0.5051803,1.87,0.49481973,1.0,04,20,MIL,LAD
1.7,0.6249207,2.22,0.3750793,0.0,04,20,CLE,ATL
2.67,0.48454115,1.53,0.5154588,0.0,04,20,BAL,MIN
2.92,0.3380214,1.44,0.6619786,1.0,04,20,TEX,HOU
1.71,0.45896718,2.24,0.54103273,0.0,04,20,COL,PHI
1.79,0.47817308,2.11,0.5218269,0.0,04,20,SDP,CIN
1.83,0.52771586,2.03,0.47228414,0.0,04,20,ANA,SEA
2.32,0.39593443,1.66,0.6040656,0.0,04,21,BAL,MIN
1.46,0.71127445,2.82,0.28872555,1.0,04,21,NYY,KCR
1.87,0.5163704,1.99,0.48362958,1.0,04,21,DET,CHW
2.41,0.39030582,1.61,0.6096942,0.0,04,21,FLA,WSN
1.67,0.599722,2.28,0.400278,0.0,04,21,PIT,SFG
2.14,0.46983302,1.76,0.530167,0.0,04,21,MIL,LAD
1.87,0.48655087,1.99,0.5134491,0.0,04,21,TBD,BOS
2.19,0.48561388,1.73,0.51438606,1.0,04,21,STL,NYM
1.91,0.49681118,1.94,0.50318885,1.0,04,21,CHC,ARI
3.17,0.34736186,1.39,0.65263814,1.0,04,21,TEX,HOU
2.18,0.5308501,1.75,0.46914986,1.0,04,21,COL,PHI
1.82,0.5233652,2.05,0.47663483,1.0,04,21,ANA,SEA
1.67,0.60213786,2.3,0.39786208,0.0,04,21,OAK,TOR
1.92,0.55563444,1.94,0.44436547,1.0,04,21,SDP,CIN
1.9,0.5484239,1.96,0.4515762,0.0,04,21,CLE,ATL
1.88,0.51363635,1.98,0.4863637,1.0,04,22,NYM,PHI
2.11,0.50800467,1.77,0.49199536,0.0,04,22,BAL,CHW
1.74,0.5722941,2.18,0.42770588,0.0,04,22,PIT,ARI
1.56,0.6340847,2.55,0.3659154,1.0,04,22,TBD,KCR
1.65,0.5807007,2.33,0.41929933,1.0,04,22,STL,MIL
1.47,0.6858262,2.8,0.31417385,0.0,04,23,BOS,DET
1.42,0.69218814,3.03,0.30781183,0.0,04,23,CLE,FLA
2.0,0.47931197,1.87,0.52068806,1.0,04,23,CIN,ATL
2.16,0.47019115,1.75,0.5298088,1.0,04,23,BAL,CHW
1.9,0.5748229,1.97,0.42517713,0.0,04,23,PIT,ARI
1.89,0.5683907,1.97,0.43160927,0.0,04,23,TOR,SFG
1.47,0.62310314,2.8,0.37689683,0.0,04,23,BOS,DET
1.79,0.58499336,2.11,0.41500667,1.0,04,23,NYM,PHI
1.52,0.6637139,2.67,0.33628613,1.0,04,23,TBD,KCR
1.84,0.53788626,2.04,0.4621138,1.0,04,23,STL,MIL
1.6,0.61009973,2.46,0.38990024,1.0,04,23,HOU,MIN
1.8,0.433016,2.08,0.566984,0.0,04,23,COL,WSN
1.86,0.44282445,2.01,0.5571756,0.0,04,23,ANA,NYY
1.68,0.61637396,2.28,0.38362607,1.0,04,23,OAK,TEX
1.62,0.63301235,2.4,0.36698768,1.0,04,24,CLE,FLA
1.43,0.70207614,2.96,0.2979239,0.0,04,24,TBD,KCR
1.74,0.51245844,2.15,0.48754153,1.0,04,24,STL,MIL
2.33,0.57324696,1.61,0.42675304,1.0,04,24,COL,WSN
1.65,0.6243538,2.33,0.37564617,1.0,04,24,OAK,TEX
1.73,0.5527629,2.2,0.44723707,1.0,04,24,SDP,SEA
2.05,0.61876357,1.82,0.38123643,0.0,04,24,TOR,SFG
1.98,0.50538194,1.89,0.4946181,0.0,04,24,CIN,ATL
2.16,0.5205069,1.74,0.47949308,0.0,04,24,NYM,PHI
1.8,0.5154305,2.08,0.48456943,1.0,04,24,BAL,CHW
1.87,0.51298565,1.99,0.48701438,0.0,04,24,PIT,ARI
1.46,0.6480447,2.86,0.35195535,1.0,04,24,BOS,DET
1.89,0.4672309,1.97,0.5327691,1.0,04,24,CHC,LAD
1.67,0.68643975,2.3,0.31356022,1.0,04,24,HOU,MIN
1.94,0.45270497,1.92,0.547295,0.0,04,24,ANA,NYY
1.89,0.5122623,1.96,0.48773772,0.0,04,25,PIT,ARI
2.02,0.49447617,1.84,0.5055238,0.0,04,25,CHC,LAD
1.7,0.5412579,2.22,0.45874205,1.0,04,25,CIN,ATL
1.5,0.6806921,2.7,0.3193079,0.0,04,25,PHI,FLA
1.43,0.6466248,2.95,0.35337523,1.0,04,25,BOS,DET
2.01,0.40763035,1.85,0.5923696,1.0,04,25,ANA,NYY
1.55,0.65428525,2.55,0.34571475,1.0,04,26,PHI,FLA
1.47,0.64627224,2.8,0.35372776,0.0,04,26,WSN,SDP
1.79,0.51239204,2.09,0.487608,1.0,04,26,TOR,OAK
1.59,0.6016749,2.46,0.39832503,0.0,04,26,NYM,MIL
1.63,0.6014847,2.36,0.39851528,0.0,04,26,ATL,COL
1.63,0.59110737,2.35,0.4088926,0.0,04,26,HOU,CLE
1.67,0.6334517,2.28,0.36654827,1.0,04,26,SEA,TEX
1.51,0.6892181,2.68,0.31078187,1.0,04,27,MIN,BAL
1.67,0.5858001,2.28,0.41419986,1.0,04,27,STL,CIN
1.93,0.48895293,1.92,0.51104707,1.0,04,27,TOR,OAK
1.75,0.5688102,2.14,0.43118975,0.0,04,27,BOS,TBD
1.77,0.58586717,2.11,0.4141328,1.0,04,27,HOU,CLE
1.99,0.38875178,1.87,0.6112482,0.0,04,27,SFG,NYY
1.59,0.63916284,2.46,0.36083722,0.0,04,27,WSN,SDP
1.51,0.6639446,2.68,0.3360554,1.0,04,27,PHI,FLA
1.75,0.55917203,2.15,0.440828,0.0,04,27,NYM,MIL
1.95,0.45384762,1.9,0.5461524,1.0,04,27,KCR,ANA
1.82,0.5842695,2.06,0.41573042,0.0,04,27,ATL,COL
1.92,0.5361996,1.93,0.46380034,0.0,04,27,ARI,CHC
1.54,0.65359336,2.58,0.34640664,1.0,04,27,LAD,PIT
1.71,0.56572133,2.21,0.4342786,0.0,04,27,SEA,TEX
1.72,0.6151192,2.19,0.38488078,0.0,04,28,BOS,TBD
1.58,0.64244694,2.48,0.35755306,1.0,04,28,PHI,FLA
2.04,0.4751695,1.83,0.5248305,1.0,04,28,TOR,OAK
1.8,0.50967455,2.07,0.49032545,1.0,04,28,NYM,MIL
1.59,0.5771828,2.45,0.42281714,1.0,04,28,ATL,COL
2.06,0.5725787,1.81,0.42742133,1.0,04,28,WSN,SDP
2.03,0.546874,1.83,0.45312604,1.0,04,28,CHW,DET
1.46,0.6799553,2.84,0.3200447,1.0,04,28,MIN,BAL
1.95,0.45444867,1.9,0.54555124,0.0,04,28,KCR,ANA
1.69,0.6034511,2.24,0.39654902,1.0,04,28,STL,CIN
2.12,0.42326745,1.77,0.5767326,0.0,04,28,SFG,NYY
1.89,0.5156542,1.96,0.48434585,0.0,04,28,ARI,CHC
1.47,0.63428223,2.82,0.3657178,1.0,04,28,LAD,PIT
1.92,0.6036708,1.94,0.39632916,0.0,04,28,SEA,TEX
1.91,0.5626421,1.94,0.43735787,1.0,04,28,HOU,CLE
1.71,0.5706866,2.22,0.42931345,1.0,04,29,BOS,OAK
1.75,0.58142513,2.14,0.41857487,0.0,04,29,WSN,STL
1.67,0.6146718,2.32,0.38532817,0.0,04,29,NYM,CIN
1.64,0.5870102,2.35,0.41298977,1.0,04,29,ATL,SDP
1.9,0.55007136,1.96,0.44992867,1.0,04,29,MIL,COL
2.47,0.4194435,1.58,0.5805566,1.0,04,29,MIN,HOU
1.49,0.6370076,2.71,0.36299235,0.0,04,30,PHI,DET
1.96,0.5249964,1.91,0.47500357,0.0,04,30,WSN,STL
1.6,0.5564888,2.44,0.4435112,1.0,04,30,BOS,OAK
2.7,0.3374079,1.5,0.6625921,0.0,04,30,FLA,CLE
1.91,0.49346077,1.97,0.50653917,1.0,04,30,NYM,CIN
1.86,0.5646861,2.01,0.43531382,0.0,04,30,ATL,SDP
1.94,0.54219925,1.92,0.45780075,1.0,04,30,MIL,COL
2.38,0.42900467,1.62,0.57099533,0.0,04,30,MIN,HOU
2.34,0.36030012,1.64,0.6396999,0.0,04,30,SFG,LAD
1.71,0.54319584,2.2,0.45680416,1.0,05,01,BOS,OAK
2.21,0.42357093,1.72,0.576429,1.0,05,01,KCR,TBD
1.91,0.4407917,1.94,0.5592083,0.0,05,01,TEX,PIT
1.73,0.42856717,2.2,0.57143277,1.0,05,01,ARI,NYY
1.58,0.61950743,2.45,0.3804926,0.0,05,01,CHW,BAL
2.21,0.34010357,1.72,0.6598965,1.0,05,01,KCR,TBD
2.15,0.5361654,1.74,0.4638346,0.0,05,01,SEA,CHC
1.52,0.6466221,2.62,0.35337788,0.0,05,01,NYM,CIN
1.39,0.67631656,3.11,0.32368344,1.0,05,01,PHI,DET
1.69,0.56315815,2.24,0.4368418,0.0,05,01,WSN,STL
2.09,0.39833203,1.79,0.6016679,1.0,05,01,FLA,CLE
1.69,0.61302894,2.23,0.38697106,1.0,05,01,ATL,SDP
1.69,0.5793879,2.25,0.4206121,0.0,05,01,MIL,COL
1.58,0.5927685,2.45,0.40723154,1.0,05,01,CHW,BAL
2.25,0.41110286,1.69,0.58889705,1.0,05,01,SFG,LAD
1.68,0.5597766,2.26,0.4402235,1.0,05,01,ANA,TOR
1.68,0.5973223,2.29,0.40267769,0.0,05,02,ATL,SDP
1.54,0.62141913,2.58,0.3785808,1.0,05,02,NYM,CIN
2.24,0.512596,1.69,0.48740402,1.0,05,02,MIN,HOU
1.86,0.57395834,2.01,0.42604166,0.0,05,02,MIL,COL
2.44,0.39065874,1.59,0.60934126,0.0,05,02,KCR,TBD
1.67,0.587782,2.32,0.41221792,1.0,05,02,WSN,STL
1.87,0.5715864,2.0,0.42841372,1.0,05,02,ANA,TOR
1.93,0.518449,1.92,0.4815509,1.0,05,03,CHC,STL
2.98,0.39763162,1.43,0.6023684,0.0,05,03,BAL,TBD
1.65,0.62314063,2.33,0.37685937,1.0,05,03,NYY,MIN
1.58,0.58074045,2.5,0.4192595,1.0,05,03,PHI,WSN
1.82,0.5407053,2.06,0.45929465,0.0,05,03,PIT,OAK
1.67,0.6298441,2.29,0.37015584,0.0,05,03,CIN,SFG
1.65,0.59940684,2.33,0.4005932,1.0,05,03,CLE,SEA
1.67,0.5945419,2.29,0.4054581,1.0,05,03,DET,KCR
2.39,0.4130566,1.62,0.5869434,0.0,05,03,FLA,ATL
2.65,0.39840427,1.51,0.60159576,0.0,05,03,CHW,BOS
1.83,0.5982643,2.04,0.40173575,0.0,05,04,NYY,MIN
1.82,0.52413064,2.05,0.4758694,1.0,05,04,CHC,STL
1.5,0.63172823,2.72,0.36827174,1.0,05,04,CLE,SEA
1.9,0.5679743,1.96,0.43202564,0.0,05,04,DET,KCR
2.36,0.40110558,1.63,0.5988944,0.0,05,04,FLA,ATL
2.52,0.37563348,1.57,0.6243665,1.0,05,04,BAL,TBD
1.85,0.5125347,2.04,0.4874653,0.0,05,04,PHI,WSN
1.94,0.5277481,1.92,0.47225186,1.0,05,04,PIT,OAK
2.29,0.41950977,1.68,0.5804902,0.0,05,04,ANA,HOU
2.58,0.43058679,1.54,0.5694132,0.0,05,04,CHW,BOS
1.75,0.5616107,2.16,0.43838927,1.0,05,04,CIN,SFG
1.78,0.54422385,2.11,0.45577613,1.0,05,04,MIL,NYM
1.7,0.5385217,2.24,0.4614782,1.0,05,04,TEX,TOR
1.92,0.58815616,1.94,0.4118438,0.0,05,04,COL,ARI
2.33,0.4060841,1.65,0.5939159,0.0,05,04,SDP,LAD
1.82,0.52809983,2.05,0.47190022,1.0,05,05,DET,KCR
1.71,0.58200806,2.22,0.41799194,0.0,05,05,CLE,SEA
2.03,0.40348935,1.84,0.5965107,0.0,05,05,FLA,ATL
2.02,0.47660398,1.84,0.523396,1.0,05,05,PIT,OAK
1.57,0.54375726,2.5,0.45624274,1.0,05,05,PHI,WSN
2.32,0.4116571,1.66,0.58834285,0.0,05,05,CHW,BOS
1.58,0.61511195,2.48,0.38488802,1.0,05,05,MIL,NYM
1.79,0.50106764,2.09,0.4989323,1.0,05,05,TEX,TOR
1.73,0.5418706,2.18,0.45812932,1.0,05,05,COL,ARI
2.88,0.34111938,1.45,0.65888065,0.0,05,05,ANA,HOU
1.72,0.61183983,2.18,0.3881602,1.0,05,05,NYY,MIN
1.55,0.62886727,2.58,0.37113276,0.0,05,05,CIN,SFG
1.93,0.44542637,1.94,0.5545736,1.0,05,05,SDP,LAD
1.81,0.56213725,2.07,0.43786272,1.0,05,05,CHC,STL
1.67,0.5956105,2.29,0.40438953,1.0,05,06,CIN,SFG
1.41,0.69899184,3.13,0.30100816,0.0,05,06,CLE,CHW
1.69,0.65288424,2.26,0.34711576,1.0,05,06,NYY,SEA
2.46,0.41349748,1.59,0.58650255,1.0,05,06,BAL,BOS
1.89,0.5326935,1.98,0.4673065,0.0,05,06,TOR,MIN
1.45,0.6411898,2.86,0.3588102,1.0,05,06,TBD,ARI
1.91,0.5270113,1.95,0.47298875,1.0,05,06,MIL,WSN
1.72,0.6089431,2.21,0.39105687,0.0,05,07,CLE,CHW
1.64,0.63630146,2.35,0.3636985,1.0,05,07,NYY,SEA
2.8,0.39079466,1.47,0.60920525,0.0,05,07,BAL,BOS
1.66,0.5493808,2.3,0.4506192,1.0,05,07,PIT,TEX
2.25,0.43708295,1.69,0.562917,0.0,05,07,TOR,MIN
2.17,0.46781075,1.74,0.5321893,0.0,05,07,DET,ANA
1.57,0.57889116,2.51,0.42110875,1.0,05,07,TBD,ARI
1.82,0.50236124,2.08,0.49763876,1.0,05,07,MIL,WSN
1.8,0.49139795,2.08,0.508602,0.0,05,07,STL,PHI
1.39,0.6750478,3.18,0.32495216,1.0,05,07,CHC,FLA
1.35,0.68810046,3.38,0.31189957,0.0,05,07,HOU,KCR
1.63,0.59656435,2.38,0.40343568,1.0,05,07,LAD,ATL
2.01,0.49401295,1.86,0.5059871,0.0,05,07,SDP,NYM
1.81,0.562701,2.07,0.43729904,0.0,05,08,PIT,TEX
1.49,0.6021105,2.74,0.39788947,1.0,05,08,MIL,WSN
1.64,0.59581643,2.35,0.40418357,0.0,05,08,TBD,ARI
1.64,0.5815368,2.35,0.41846323,0.0,05,08,STL,PHI
2.37,0.54407084,1.63,0.45592922,1.0,05,08,SDP,NYM
1.49,0.6332476,2.75,0.36675248,1.0,05,08,CLE,CHW
1.81,0.6172968,2.08,0.38270324,0.0,05,08,NYY,SEA
3.39,0.31892604,1.35,0.681074,0.0,05,08,BAL,BOS
2.15,0.47763118,1.75,0.5223687,0.0,05,08,TOR,MIN
1.85,0.4753339,2.02,0.5246661,1.0,05,08,DET,ANA
1.57,0.70086795,2.5,0.29913202,1.0,05,08,CHC,FLA
1.41,0.6840022,3.07,0.31599778,1.0,05,08,HOU,KCR
1.8,0.5572655,2.08,0.44273445,1.0,05,08,OAK,CIN
1.72,0.6227694,2.21,0.37723058,1.0,05,08,LAD,ATL
1.41,0.67312706,3.07,0.32687292,1.0,05,09,CLE,CHW
2.51,0.42810905,1.58,0.5718909,0.0,05,09,DET,ANA
1.48,0.672399,2.76,0.32760105,1.0,05,09,CHC,FLA
1.6,0.6283719,2.44,0.3716281,1.0,05,09,COL,SFG
1.8,0.5870057,2.09,0.4129943,0.0,05,09,OAK,CIN
1.71,0.640698,2.23,0.35930192,1.0,05,09,NYY,SEA
1.66,0.5940645,2.3,0.40593553,1.0,05,09,STL,PIT
1.81,0.55071276,2.06,0.4492872,0.0,05,10,CHC,MIL
2.56,0.43767273,1.55,0.5623273,0.0,05,10,BAL,ANA
1.75,0.5834965,2.16,0.41650355,1.0,05,10,TOR,CHW
1.48,0.62130934,2.79,0.37869063,1.0,05,10,BOS,SEA
1.52,0.6710002,2.65,0.3289998,1.0,05,10,NYM,FLA
1.59,0.5225586,2.47,0.47744128,0.0,05,10,TBD,NYY
1.52,0.7021824,2.65,0.2978176,1.0,05,10,HOU,TEX
1.9,0.5870085,1.96,0.41299152,0.0,05,10,ARI,ATL
1.62,0.611696,2.39,0.38830397,1.0,05,10,LAD,WSN
1.56,0.624919,2.55,0.37508097,1.0,05,11,BOS,SEA
1.45,0.6172866,2.88,0.3827134,0.0,05,11,MIN,DET
1.62,0.65073544,2.41,0.34926453,0.0,05,11,STL,PIT
1.8,0.53831404,2.08,0.461686,1.0,05,11,CHC,MIL
1.62,0.59560865,2.39,0.40439132,0.0,05,11,TOR,CHW
2.12,0.4278999,1.77,0.5721001,0.0,05,11,BAL,ANA
1.72,0.45614964,2.24,0.54385036,1.0,05,11,OAK,CLE
1.69,0.48690486,2.25,0.51309514,1.0,05,11,TBD,NYY
1.35,0.71805495,3.49,0.28194502,1.0,05,11,NYM,FLA
2.26,0.48019528,1.68,0.51980466,0.0,05,11,KCR,PHI
1.75,0.51201224,2.15,0.48798776,0.0,05,11,ARI,ATL
1.57,0.5906142,2.52,0.4093858,0.0,05,11,COL,SDP
1.36,0.70825875,3.33,0.2917413,1.0,05,11,HOU,TEX
1.45,0.6247874,2.88,0.37521255,1.0,05,11,MIN,DET
2.28,0.5008222,1.67,0.49917787,0.0,05,11,SFG,CIN
1.51,0.5936146,2.7,0.40638542,0.0,05,11,LAD,WSN
2.39,0.42864725,1.62,0.5713528,1.0,05,12,BAL,ANA
1.73,0.5610049,2.17,0.43899518,1.0,05,12,BOS,SEA
1.85,0.56038195,2.01,0.43961808,0.0,05,12,TOR,CHW
1.53,0.5571417,2.62,0.44285828,0.0,05,12,TBD,NYY
1.33,0.65274197,3.51,0.34725794,1.0,05,12,HOU,TEX
1.48,0.6478288,2.78,0.35217127,0.0,05,12,MIN,DET
1.93,0.4662669,1.93,0.53373307,0.0,05,12,KCR,PHI
1.59,0.58609897,2.47,0.41390106,0.0,05,12,STL,PIT
1.74,0.5634954,2.16,0.43650457,1.0,05,12,COL,SDP
2.15,0.5528056,1.76,0.4471944,1.0,05,12,SFG,CIN
1.82,0.56268066,2.05,0.43731925,0.0,05,12,OAK,CLE
2.07,0.49420068,1.81,0.5057994,0.0,05,12,ARI,ATL
1.74,0.59949154,2.17,0.40050846,1.0,05,12,LAD,WSN
1.83,0.5388883,2.04,0.46111172,1.0,05,12,CHC,MIL
1.68,0.5905852,2.27,0.40941486,1.0,05,13,PHI,MIL
2.45,0.3982474,1.6,0.6017527,0.0,05,13,DET,HOU
1.78,0.6173215,2.11,0.38267842,0.0,05,13,MIN,ANA
2.38,0.3886507,1.63,0.61134934,0.0,05,14,CHW,CLE
1.94,0.46424657,1.92,0.5357535,0.0,05,14,CIN,CHC
1.97,0.5415258,1.89,0.45847425,0.0,05,14,PHI,MIL
2.2,0.48623604,1.75,0.513764,0.0,05,14,WSN,NYM
1.42,0.64563614,3.09,0.35436383,0.0,05,14,BOS,COL
2.9,0.3253329,1.45,0.67466706,0.0,05,14,DET,HOU
2.24,0.38861203,1.7,0.6113879,0.0,05,14,FLA,TBD
2.04,0.5218581,1.85,0.4781419,0.0,05,14,ATL,STL
1.76,0.5942113,2.14,0.40578866,1.0,05,14,MIN,ANA
1.57,0.5879528,2.51,0.41204718,0.0,05,14,ARI,PIT
1.85,0.52843595,2.02,0.47156402,1.0,05,14,SEA,OAK
1.74,0.61462337,2.16,0.38537666,1.0,05,15,MIN,ANA
1.37,0.7178369,3.24,0.28216305,1.0,05,15,NYY,BAL
1.63,0.61247766,2.37,0.38752237,1.0,05,15,ARI,PIT
1.79,0.54135215,2.1,0.45864782,1.0,05,15,SFG,TOR
1.37,0.7128069,3.24,0.2871931,1.0,05,15,NYY,BAL
1.71,0.5125235,2.21,0.48747656,1.0,05,15,CIN,CHC
1.81,0.52306694,2.06,0.476933,0.0,05,15,PHI,MIL
1.67,0.58709437,2.33,0.41290563,1.0,05,15,WSN,NYM
1.68,0.5543463,2.27,0.4456537,1.0,05,15,BOS,COL
4.04,0.29321185,1.27,0.7067882,0.0,05,15,DET,HOU
2.53,0.39186284,1.56,0.6081372,0.0,05,15,FLA,TBD
1.76,0.5511255,2.14,0.4488744,1.0,05,15,ATL,STL
1.75,0.4352964,2.18,0.5647035,0.0,05,15,KCR,TEX
1.63,0.61550254,2.36,0.3844975,1.0,05,15,LAD,SDP
1.81,0.5085859,2.06,0.49141413,0.0,05,16,PHI,MIL
2.13,0.50041574,1.76,0.49958423,1.0,05,16,WSN,NYM
2.33,0.4701936,1.65,0.5298064,0.0,05,16,DET,OAK
2.05,0.49324492,1.82,0.5067551,0.0,05,16,KCR,TEX
1.31,0.71387607,3.79,0.28612387,1.0,05,16,CLE,BAL
1.69,0.5384325,2.25,0.46156752,1.0,05,16,CIN,CHC
1.86,0.5469497,2.0,0.45305035,1.0,05,16,ATL,STL
1.93,0.60416174,1.94,0.3958383,1.0,05,17,NYY,TBD
1.82,0.544029,2.07,0.45597097,1.0,05,17,PHI,COL
1.63,0.564997,2.38,0.435003,0.0,05,17,WSN,CHC
2.19,0.44442898,1.73,0.55557096,0.0,05,17,BOS,HOU
2.25,0.4384382,1.69,0.5615618,0.0,05,17,CIN,LAD
1.58,0.6565982,2.5,0.3434018,0.0,05,17,CLE,BAL
2.63,0.42662153,1.53,0.5733785,0.0,05,17,DET,OAK
2.88,0.3492583,1.46,0.65074164,1.0,05,17,FLA,NYM
1.77,0.508456,2.12,0.491544,1.0,05,17,ATL,MIL
2.03,0.5264852,1.84,0.4735148,0.0,05,17,CHW,TOR
1.68,0.55779827,2.27,0.44220164,0.0,05,17,SDP,PIT
1.95,0.5320086,1.91,0.46799138,0.0,05,17,SEA,MIN
2.0,0.5486298,1.87,0.45137018,0.0,05,18,NYY,TBD
1.63,0.552983,2.36,0.44701707,1.0,05,18,CHW,TOR
2.04,0.48987955,1.83,0.5101205,0.0,05,18,TEX,STL
1.57,0.61108685,2.52,0.38891318,1.0,05,18,PHI,COL
2.44,0.38375413,1.6,0.61624587,1.0,05,18,CIN,LAD
1.65,0.6249735,2.33,0.37502646,1.0,05,18,CLE,BAL
2.02,0.4691073,1.84,0.5308927,0.0,05,18,DET,OAK
2.11,0.42144868,1.78,0.57855135,1.0,05,18,FLA,NYM
1.83,0.5083101,2.06,0.49168992,1.0,05,18,ATL,MIL
1.97,0.49534512,1.89,0.5046549,0.0,05,18,BOS,HOU
1.76,0.5311464,2.17,0.46885353,1.0,05,18,WSN,CHC
1.66,0.549905,2.32,0.45009503,0.0,05,18,SDP,PIT
1.53,0.6181659,2.62,0.38183406,1.0,05,18,ANA,KCR
1.97,0.5598804,1.92,0.44011956,0.0,05,18,ARI,SFG
2.14,0.45799083,1.75,0.5420092,0.0,05,18,SEA,MIN
1.53,0.571103,2.63,0.428897,1.0,05,19,BOS,HOU
1.88,0.50624335,1.99,0.49375668,1.0,05,19,NYY,TBD
1.84,0.5441368,2.02,0.45586318,1.0,05,19,PHI,COL
2.5,0.41827625,1.58,0.58172375,0.0,05,19,CIN,LAD
1.42,0.69089967,3.04,0.30910033,1.0,05,19,CLE,BAL
2.74,0.36624917,1.49,0.63375086,1.0,05,19,FLA,NYM
2.2,0.5102144,1.72,0.48978564,0.0,05,19,ATL,MIL
1.88,0.55373144,1.98,0.4462686,0.0,05,19,CHW,TOR
2.46,0.44625434,1.59,0.5537457,1.0,05,19,TEX,STL
1.49,0.6498654,2.75,0.35013464,0.0,05,19,ARI,SFG
1.58,0.61696684,2.47,0.3830332,0.0,05,19,ANA,KCR
1.87,0.52076566,2.0,0.4792343,0.0,05,19,SDP,PIT
1.84,0.48420933,2.04,0.5157906,1.0,05,19,SEA,MIN
2.29,0.43263906,1.67,0.5673609,0.0,05,19,WSN,CHC
2.91,0.38457593,1.44,0.6154241,0.0,05,20,TOR,BOS
1.55,0.61289084,2.57,0.38710916,0.0,05,20,CLE,OAK
2.64,0.33876738,1.52,0.66123265,0.0,05,20,BAL,NYY
2.29,0.46736932,1.68,0.53263074,1.0,05,20,NYM,WSN
1.81,0.55434215,2.07,0.44565785,0.0,05,20,CHC,PHI
1.68,0.5776232,2.27,0.42237678,1.0,05,20,TEX,SEA
1.4,0.6842918,3.1,0.31570816,1.0,05,20,HOU,CHW
2.26,0.43481016,1.69,0.5651899,0.0,05,20,SFG,ATL
1.74,0.44989538,2.18,0.5501046,0.0,05,20,ANA,MIN
1.71,0.5462905,2.22,0.45370948,1.0,05,20,SDP,ARI
1.82,0.5828726,2.06,0.41712734,0.0,05,21,CLE,OAK
1.75,0.560358,2.16,0.43964198,1.0,05,21,CHC,PHI
2.04,0.4695371,1.83,0.5304629,0.0,05,21,PIT,COL
3.17,0.32679445,1.39,0.67320555,0.0,05,21,BAL,NYY
2.27,0.43364194,1.68,0.5663581,1.0,05,21,TOR,BOS
1.9,0.5611761,1.96,0.43882385,0.0,05,21,DET,FLA
1.72,0.60941416,2.21,0.39058587,1.0,05,21,NYM,WSN
2.23,0.44321242,1.7,0.5567876,0.0,05,21,TBD,LAD
1.77,0.6017454,2.13,0.3982546,0.0,05,21,MIL,CIN
1.84,0.56028825,2.03,0.43971178,1.0,05,21,TEX,SEA
1.29,0.729907,3.85,0.27009296,1.0,05,21,HOU,CHW
2.06,0.4378144,1.83,0.5621856,1.0,05,21,SFG,ATL
1.88,0.4978966,1.98,0.5021034,0.0,05,21,ANA,MIN
1.93,0.47278994,1.94,0.52721006,1.0,05,21,SDP,ARI
2.07,0.49562502,1.81,0.504375,0.0,05,22,CLE,OAK
1.95,0.5669882,1.91,0.43301183,1.0,05,22,MIL,CIN
1.54,0.62911695,2.55,0.37088302,0.0,05,22,STL,KCR
2.11,0.4782921,1.77,0.52170783,1.0,05,22,TEX,SEA
1.72,0.515342,2.2,0.48465803,1.0,05,22,SDP,ARI
3.07,0.32548413,1.4,0.67451584,0.0,05,22,BAL,NYY
1.97,0.50403476,1.89,0.49596527,0.0,05,22,PIT,COL
2.29,0.43997088,1.67,0.56002903,0.0,05,22,TOR,BOS
1.85,0.5540578,2.03,0.44594225,0.0,05,22,DET,FLA
2.06,0.5494068,1.81,0.45059314,1.0,05,22,NYM,WSN
2.06,0.45948464,1.81,0.54051536,1.0,05,22,TBD,LAD
1.54,0.6556,2.55,0.3444,1.0,05,22,STL,KCR
1.61,0.5870808,2.42,0.41291922,1.0,05,22,CHC,PHI
1.29,0.726911,3.88,0.27308905,0.0,05,22,HOU,CHW
2.36,0.44883335,1.64,0.5511666,0.0,05,22,SFG,ATL
2.51,0.48428217,1.57,0.5157178,1.0,05,23,NYM,WSN
2.71,0.3146251,1.5,0.6853749,0.0,05,23,BAL,NYY
1.77,0.51806885,2.13,0.4819312,1.0,05,23,PIT,COL
2.16,0.4450888,1.74,0.55491126,0.0,05,23,TOR,BOS
1.66,0.5891957,2.31,0.41080433,0.0,05,23,DET,FLA
2.11,0.53074217,1.78,0.46925783,0.0,05,23,CHC,PHI
2.02,0.48460758,1.85,0.51539236,0.0,05,23,SFG,ATL
2.18,0.4859652,1.73,0.5140348,0.0,05,23,ANA,MIN
2.13,0.52767247,1.77,0.4723275,0.0,05,23,CLE,TBD
1.53,0.65115184,2.62,0.34884816,0.0,05,23,HOU,CHW
1.53,0.6307219,2.61,0.36927807,0.0,05,24,CHC,CIN
2.7,0.39144912,1.51,0.6085509,0.0,05,24,PIT,LAD
1.64,0.6244788,2.36,0.3755212,1.0,05,24,WSN,FLA
2.07,0.5293403,1.81,0.47065964,0.0,05,24,TOR,SDP
2.12,0.467841,1.77,0.53215903,1.0,05,24,CLE,TBD
1.35,0.68717617,3.38,0.31282383,0.0,05,24,NYM,DET
2.26,0.5096069,1.7,0.49039304,1.0,05,24,HOU,BOS
1.67,0.58777773,2.29,0.41222227,0.0,05,24,MIL,PHI
1.48,0.6520828,2.78,0.34791717,1.0,05,24,MIN,CHW
1.71,0.58502406,2.23,0.41497594,0.0,05,24,STL,ATL
1.63,0.6372927,2.37,0.36270738,1.0,05,24,COL,BAL
1.63,0.58974296,2.36,0.41025695,1.0,05,24,OAK,SEA
1.64,0.5755923,2.35,0.42440772,0.0,05,24,ANA,TEX
2.16,0.43697578,1.74,0.5630242,0.0,05,24,SFG,ARI
1.45,0.68599105,2.89,0.31400895,1.0,05,25,MIN,CHW
2.17,0.37894517,1.73,0.6210548,0.0,05,25,KCR,NYY
1.68,0.5976855,2.27,0.40231454,1.0,05,25,CHC,CIN
1.95,0.5121393,1.91,0.48786068,0.0,05,25,TOR,SDP
1.83,0.48443872,2.04,0.5155613,0.0,05,25,SFG,ARI
1.42,0.6881636,3.0,0.3118364,1.0,05,25,WSN,FLA
1.8,0.5756847,2.07,0.42431533,1.0,05,25,OAK,SEA
1.78,0.5355811,2.1,0.46441892,0.0,05,25,CLE,TBD
1.74,0.57447594,2.16,0.42552406,0.0,05,25,MIL,PHI
1.55,0.6738693,2.56,0.32613075,1.0,05,25,NYM,DET
1.74,0.5587063,2.19,0.44129378,1.0,05,25,HOU,BOS
2.63,0.40949893,1.53,0.5905011,0.0,05,25,PIT,LAD
1.98,0.4687032,1.9,0.5312968,1.0,05,25,STL,ATL
2.17,0.37587544,1.73,0.6241246,0.0,05,25,KCR,NYY
1.55,0.682539,2.59,0.31746104,0.0,05,25,COL,BAL
1.87,0.5107842,2.01,0.48921576,1.0,05,25,ANA,TEX
1.86,0.5456217,2.0,0.45437828,1.0,05,26,TOR,SDP
1.91,0.5766846,1.95,0.4233154,0.0,05,26,CLE,TBD
1.57,0.6529119,2.52,0.34708813,1.0,05,26,NYM,DET
2.41,0.43011984,1.61,0.5698801,0.0,05,26,PIT,LAD
1.73,0.5825413,2.19,0.4174587,1.0,05,26,WSN,FLA
1.59,0.6566381,2.46,0.34336188,0.0,05,26,HOU,BOS
1.62,0.5594476,2.39,0.44055244,1.0,05,26,MIL,PHI
1.4,0.6874604,3.13,0.31253958,1.0,05,26,MIN,CHW
2.41,0.37666023,1.61,0.6233398,1.0,05,26,KCR,NYY
1.6,0.6047008,2.43,0.3952992,0.0,05,26,CHC,CIN
1.28,0.71542215,3.86,0.28457788,1.0,05,26,COL,BAL
1.96,0.44707024,1.9,0.55292976,0.0,05,26,SFG,ARI
1.58,0.60238844,2.48,0.39761153,1.0,05,26,ANA,TEX
1.72,0.59372586,2.2,0.4062741,1.0,05,26,OAK,SEA
1.7,0.5592593,2.23,0.44074067,0.0,05,26,STL,ATL
1.32,0.69367754,3.6,0.30632243,0.0,05,27,WSN,FLA
1.91,0.5265875,1.95,0.4734125,1.0,05,27,BAL,DET
1.79,0.5931046,2.09,0.40689537,1.0,05,27,NYY,SDP
1.47,0.65194035,2.8,0.34805965,0.0,05,27,CIN,PIT
1.55,0.6310596,2.59,0.36894044,1.0,05,27,TBD,TOR
1.57,0.6272223,2.52,0.3727777,1.0,05,27,HOU,CHC
1.9,0.48342347,1.95,0.51657647,1.0,05,27,COL,ARI
1.54,0.6252645,2.59,0.37473544,1.0,05,27,BOS,CLE
1.65,0.6051235,2.34,0.39487645,1.0,05,27,OAK,ANA
1.47,0.58261925,2.8,0.41738075,1.0,05,27,CIN,PIT
2.0,0.5428972,1.87,0.45710275,0.0,05,27,MIN,MIL
1.54,0.5831907,2.59,0.41680932,1.0,05,27,LAD,NYM
1.8,0.51943743,2.09,0.48056254,1.0,05,27,SEA,TEX
1.54,0.68721217,2.61,0.31278783,0.0,05,28,NYY,SDP
1.89,0.5221589,1.98,0.47784114,1.0,05,28,CIN,PIT
1.93,0.4982152,1.93,0.5017848,0.0,05,28,BAL,DET
1.79,0.5400397,2.12,0.4599602,1.0,05,28,PHI,STL
1.52,0.6517154,2.67,0.34828463,0.0,05,28,BOS,CLE
1.92,0.48912472,1.94,0.5108753,1.0,05,28,FLA,SFG
1.5,0.65843606,2.72,0.3415639,1.0,05,28,TBD,TOR
1.83,0.5444912,2.05,0.45550883,0.0,05,28,ATL,WSN
1.6,0.5704492,2.44,0.42955083,1.0,05,28,CHW,KCR
1.85,0.5572166,2.02,0.44278342,1.0,05,28,HOU,CHC
1.99,0.52000225,1.87,0.47999775,1.0,05,28,MIN,MIL
1.78,0.5540441,2.12,0.44595587,1.0,05,28,COL,ARI
1.66,0.6109064,2.31,0.38909352,0.0,05,28,SEA,TEX
1.59,0.6143993,2.47,0.38560072,0.0,05,28,OAK,ANA
1.5,0.65360296,2.71,0.346397,0.0,05,28,LAD,NYM
1.68,0.5879377,2.27,0.4120623,0.0,05,29,CIN,PIT
1.72,0.64808786,2.21,0.3519121,1.0,05,29,NYY,SDP
1.72,0.5621791,2.19,0.43782088,0.0,05,29,OAK,ANA
1.73,0.55372775,2.18,0.44627228,0.0,05,29,SEA,TEX
1.9,0.52647966,1.95,0.4735204,0.0,05,29,BOS,CLE
1.74,0.5958175,2.16,0.40418243,0.0,05,29,BAL,DET
1.6,0.6111748,2.44,0.38882518,1.0,05,29,PHI,STL
2.05,0.46301654,1.82,0.5369835,1.0,05,29,FLA,SFG
1.37,0.68670255,3.28,0.31329742,1.0,05,29,TBD,TOR
1.6,0.58993,2.44,0.41007,0.0,05,29,ATL,WSN
1.96,0.5777217,1.9,0.42227834,0.0,05,29,HOU,CHC
1.88,0.5555497,1.98,0.44445032,1.0,05,29,CHW,KCR
1.97,0.49598253,1.9,0.5040174,1.0,05,29,COL,ARI
1.51,0.6378047,2.67,0.36219534,1.0,05,29,LAD,NYM
1.91,0.574702,1.94,0.425298,0.0,05,30,PHI,STL
1.94,0.53313226,1.92,0.46686772,0.0,05,30,FLA,SFG
1.81,0.57565486,2.06,0.42434514,1.0,05,30,COL,ARI
2.08,0.47020233,1.8,0.5297976,0.0,05,30,PIT,MIL
1.65,0.5908738,2.34,0.40912625,1.0,05,30,TBD,MIN
1.6,0.63347644,2.44,0.36652353,0.0,05,30,TEX,KCR
2.69,0.39170688,1.51,0.60829306,1.0,05,30,CHW,CLE
1.38,0.6673558,3.2,0.33264425,1.0,05,30,LAD,NYM
1.75,0.54299515,2.16,0.45700487,0.0,05,30,SEA,ANA
2.02,0.5125814,1.85,0.48741856,1.0,05,31,BAL,SFG
2.27,0.5180049,1.68,0.48199502,1.0,05,31,NYY,BOS
2.21,0.45982182,1.72,0.5401782,1.0,05,31,PIT,MIL
2.03,0.46720937,1.84,0.5327906,1.0,05,31,CIN,WSN
1.76,0.5094545,2.14,0.4905455,0.0,05,31,TBD,MIN
1.51,0.6501737,2.68,0.34982625,0.0,05,31,ATL,DET
1.88,0.5466508,1.99,0.45334926,1.0,05,31,TEX,KCR
2.38,0.40650824,1.63,0.59349173,1.0,05,31,CHW,CLE
1.77,0.56791294,2.12,0.43208706,1.0,05,31,STL,CHC
1.38,0.68250555,3.28,0.31749445,1.0,05,31,COL,TOR
1.98,0.50259477,1.87,0.49740526,0.0,05,31,ARI,NYM
2.13,0.47170365,1.77,0.52829635,0.0,05,31,OAK,HOU
1.63,0.60273993,2.38,0.3972601,1.0,05,31,LAD,PHI
1.55,0.6174289,2.56,0.38257113,1.0,05,31,SDP,FLA
2.1,0.4929955,1.79,0.5070045,1.0,05,31,SEA,ANA
1.84,0.5326749,2.03,0.46732506,0.0,06,01,TBD,MIN
1.94,0.4993328,1.92,0.5006672,0.0,06,01,CHW,CLE
2.21,0.4774815,1.72,0.5225184,0.0,06,01,BAL,SFG
2.66,0.403597,1.52,0.59640306,0.0,06,01,PIT,MIL
1.57,0.62612176,2.52,0.37387824,1.0,06,01,TEX,KCR
1.36,0.68149465,3.31,0.31850526,1.0,06,01,ATL,DET
1.77,0.5967625,2.13,0.40323752,0.0,06,01,CIN,WSN
1.78,0.58566874,2.12,0.41433126,1.0,06,01,NYY,BOS
2.09,0.4741509,1.79,0.5258491,0.0,06,01,SEA,ANA
1.68,0.55985415,2.28,0.44014585,1.0,06,01,STL,CHC
1.65,0.60269487,2.32,0.39730513,1.0,06,01,COL,TOR
1.62,0.5987134,2.39,0.40128657,0.0,06,01,SDP,FLA
2.29,0.3783327,1.67,0.62166727,0.0,06,01,OAK,HOU
1.91,0.5492674,1.95,0.4507326,1.0,06,01,ARI,NYM
1.51,0.63972133,2.7,0.36027864,1.0,06,01,LAD,PHI
1.96,0.49153787,1.9,0.5084622,0.0,06,02,BAL,SFG
2.12,0.48598763,1.77,0.5140124,0.0,06,02,CIN,WSN
1.81,0.48241138,2.06,0.5175887,0.0,06,02,TBD,MIN
1.58,0.6334544,2.49,0.3665456,1.0,06,02,ATL,DET
1.96,0.45258054,1.9,0.5474194,0.0,06,02,PIT,MIL
1.88,0.52554363,1.98,0.47445634,1.0,06,02,CHW,CLE
1.97,0.5123299,1.89,0.48767015,1.0,06,02,STL,CHC
1.83,0.53943825,2.05,0.46056175,1.0,06,02,TEX,KCR
1.75,0.59079397,2.15,0.40920606,1.0,06,02,COL,TOR
1.55,0.6439012,2.57,0.35609877,1.0,06,02,LAD,PHI
2.18,0.41788357,1.74,0.5821165,0.0,06,02,OAK,HOU
1.93,0.5387567,1.92,0.46124327,1.0,06,02,ARI,NYM
1.82,0.5235753,2.05,0.47642466,0.0,06,02,SEA,ANA
1.53,0.64633083,2.63,0.3536692,0.0,06,02,SDP,FLA
2.08,0.5493175,1.8,0.45068252,0.0,06,02,NYY,BOS
1.58,0.57968915,2.49,0.42031085,1.0,06,03,CHC,ANA
2.24,0.44890246,1.7,0.5510976,0.0,06,03,ARI,LAD
2.19,0.4377391,1.76,0.5622609,1.0,06,03,SDP,PHI
2.11,0.44557402,1.77,0.55442595,0.0,06,03,SEA,HOU
2.66,0.46736932,1.53,0.5326307,0.0,06,04,PIT,ATL
1.39,0.6432999,3.15,0.35670012,1.0,06,04,WSN,CHW
2.72,0.33826965,1.5,0.6617304,1.0,06,04,TOR,NYY
1.77,0.5294242,2.12,0.4705758,1.0,06,04,CLE,MIN
3.2,0.30751848,1.39,0.6924815,1.0,06,04,DET,TBD
1.69,0.5925071,2.26,0.4074929,0.0,06,04,NYM,SFG
1.47,0.68817466,2.81,0.31182542,0.0,06,04,MIL,FLA
2.78,0.39056745,1.48,0.6094326,0.0,06,04,KCR,BOS
1.51,0.6227974,2.71,0.3772026,1.0,06,04,CHC,COL
1.7,0.6350725,2.24,0.36492753,0.0,06,04,TEX,BAL
1.91,0.5139667,1.95,0.4860334,0.0,06,04,STL,CIN
2.8,0.38795665,1.47,0.6120434,0.0,06,04,ARI,LAD
1.92,0.5204929,1.94,0.47950706,0.0,06,04,ANA,OAK
1.64,0.54539305,2.36,0.4546069,0.0,06,04,SDP,PHI
2.46,0.37340704,1.59,0.626593,0.0,06,04,SEA,HOU
1.52,0.61774504,2.64,0.382255,1.0,06,05,WSN,CHW
2.48,0.42291394,1.58,0.5770861,1.0,06,05,ARI,LAD
1.99,0.48004198,1.87,0.51995796,0.0,06,05,SDP,PHI
2.15,0.50074404,1.75,0.49925596,1.0,06,05,PIT,ATL
2.7,0.3653894,1.5,0.6346106,1.0,06,05,TOR,NYY
2.06,0.4856537,1.82,0.5143463,1.0,06,05,CLE,MIN
2.71,0.37743133,1.5,0.6225687,0.0,06,05,DET,TBD
1.64,0.6173547,2.35,0.38264528,1.0,06,05,NYM,SFG
1.4,0.68564105,3.11,0.31435895,0.0,06,05,MIL,FLA
1.81,0.49292678,2.07,0.5070732,1.0,06,05,CHC,COL
1.57,0.6553665,2.51,0.3446335,1.0,06,05,TEX,BAL
3.13,0.34064522,1.39,0.65935475,0.0,06,05,KCR,BOS
1.78,0.526875,2.1,0.47312498,1.0,06,05,ANA,OAK
2.45,0.37125793,1.6,0.62874204,1.0,06,05,SEA,HOU
1.58,0.63299644,2.5,0.36700353,1.0,06,06,NYM,SFG
2.01,0.4943778,1.86,0.50562227,1.0,06,06,PIT,ATL
2.59,0.3944089,1.54,0.6055911,0.0,06,06,DET,TBD
2.19,0.4519898,1.72,0.5480102,0.0,06,06,KCR,BOS
1.68,0.5761838,2.27,0.42381617,1.0,06,06,STL,CIN
1.57,0.62680894,2.52,0.3731911,1.0,06,06,MIL,FLA
1.52,0.5969404,2.66,0.4030596,0.0,06,06,CHC,COL
2.68,0.3177874,1.51,0.6822126,0.0,06,06,SEA,HOU
1.83,0.5213469,2.03,0.47865298,0.0,06,06,CLE,MIN
2.82,0.35798442,1.47,0.6420156,0.0,06,06,TOR,NYY
1.52,0.65512073,2.64,0.34487927,1.0,06,06,TEX,BAL
1.8,0.51544106,2.08,0.484559,0.0,06,06,ANA,OAK
1.89,0.48601308,1.97,0.51398695,1.0,06,06,SDP,WSN
1.82,0.5420638,2.06,0.4579363,1.0,06,07,CHC,STL
1.82,0.6040307,2.06,0.39596924,1.0,06,07,PHI,CIN
1.83,0.52024376,2.07,0.4797563,0.0,06,07,TOR,ARI
1.86,0.5514854,2.0,0.4485146,0.0,06,07,BOS,TBD
2.03,0.46730962,1.85,0.53269035,1.0,06,07,CLE,NYY
2.1,0.43286166,1.78,0.5671384,0.0,06,07,DET,MIN
2.57,0.3912148,1.55,0.60878515,0.0,06,07,FLA,ATL
1.52,0.6134997,2.7,0.3865003,0.0,06,07,NYM,COL
1.91,0.5147977,1.95,0.4852023,0.0,06,07,TEX,OAK
1.28,0.7319689,3.95,0.2680311,1.0,06,07,HOU,BAL
1.39,0.6538925,3.21,0.34610742,1.0,06,07,MIL,PIT
1.86,0.49817204,2.02,0.501828,1.0,06,07,KCR,CHW
1.54,0.60829794,2.6,0.39170206,0.0,06,07,ANA,SEA
2.03,0.5032279,1.85,0.49677214,1.0,06,07,SDP,WSN
3.11,0.332663,1.4,0.667337,1.0,06,07,SFG,LAD
1.64,0.5272144,2.38,0.4727856,0.0,06,08,BOS,TBD
2.18,0.4755484,1.78,0.52445155,1.0,06,08,TEX,OAK
2.27,0.4913329,1.68,0.5086672,0.0,06,08,KCR,CHW
2.15,0.42116013,1.75,0.5788399,0.0,06,08,TOR,ARI
1.72,0.55970716,2.21,0.44029287,1.0,06,08,PHI,CIN
2.11,0.4269779,1.77,0.57302207,1.0,06,08,CLE,NYY
2.96,0.32955852,1.44,0.67044145,1.0,06,08,DET,MIN
2.35,0.41135576,1.64,0.58864415,0.0,06,08,FLA,ATL
1.42,0.71377367,3.01,0.2862263,0.0,06,08,HOU,BAL
1.57,0.6259855,2.52,0.3740144,1.0,06,08,MIL,PIT
1.64,0.5980512,2.38,0.40194878,1.0,06,08,BOS,TBD
1.95,0.5242421,1.93,0.4757578,1.0,06,08,CHC,STL
1.81,0.48462987,2.08,0.51537013,1.0,06,08,NYM,COL
2.81,0.3669705,1.47,0.63302946,0.0,06,08,SFG,LAD
2.18,0.45545453,1.78,0.5445455,1.0,06,08,TEX,OAK
2.55,0.4362855,1.56,0.5637145,0.0,06,08,SDP,WSN
1.74,0.56978816,2.17,0.4302119,1.0,06,08,ANA,SEA
2.12,0.5041087,1.77,0.49589124,0.0,06,09,BOS,TBD
1.73,0.60543174,2.19,0.39456823,0.0,06,09,PHI,CIN
2.28,0.4143886,1.67,0.5856114,0.0,06,09,TOR,ARI
1.75,0.5372648,2.15,0.4627352,0.0,06,09,CLE,NYY
2.93,0.32392493,1.44,0.6760751,0.0,06,09,DET,MIN
2.21,0.42253667,1.71,0.5774633,0.0,06,09,FLA,ATL
1.61,0.5667981,2.43,0.433202,1.0,06,09,NYM,COL
1.5,0.7127403,2.73,0.28725967,1.0,06,09,HOU,BAL
1.51,0.6310715,2.68,0.3689284,1.0,06,09,MIL,PIT
1.75,0.529895,2.15,0.47010496,0.0,06,09,KCR,CHW
2.76,0.45475236,1.49,0.5452477,0.0,06,09,TEX,OAK
1.64,0.58132434,2.35,0.4186756,0.0,06,09,ANA,SEA
2.38,0.3720213,1.63,0.62797874,0.0,06,09,SFG,LAD
2.36,0.41668934,1.64,0.5833107,0.0,06,09,SDP,WSN
1.54,0.6052016,2.59,0.3947984,1.0,06,09,CHC,STL
1.42,0.6280383,3.01,0.37196174,1.0,06,10,TBD,OAK
1.74,0.57771486,2.16,0.42228514,0.0,06,10,PHI,ARI
1.39,0.64967847,3.17,0.35032153,0.0,06,10,BOS,TEX
2.17,0.44241408,1.74,0.557586,0.0,06,10,FLA,STL
1.68,0.5717004,2.27,0.42829955,1.0,06,10,ATL,PIT
2.33,0.44819486,1.65,0.55180514,0.0,06,10,CHW,WSN
1.77,0.58261216,2.12,0.4173879,1.0,06,10,COL,CHC
2.63,0.4137539,1.53,0.58624613,1.0,06,10,ANA,LAD
1.61,0.63565934,2.4,0.36434072,1.0,06,11,NYY,NYM
1.8,0.57547253,2.08,0.4245275,1.0,06,11,CLE,CIN
1.61,0.66626316,2.4,0.33373684,0.0,06,11,NYY,NYM
2.07,0.50507075,1.81,0.49492925,1.0,06,11,BAL,TOR
1.7,0.55442625,2.23,0.44557372,1.0,06,11,PHI,ARI
1.54,0.6071587,2.6,0.39284125,0.0,06,11,BOS,TEX
2.33,0.40151656,1.65,0.5984835,0.0,06,11,FLA,STL
1.64,0.55562013,2.35,0.44437987,0.0,06,11,TBD,OAK
1.67,0.5976451,2.29,0.4023549,1.0,06,11,ATL,PIT
2.6,0.39450565,1.54,0.6054944,1.0,06,11,CHW,WSN
1.85,0.6269758,2.02,0.37302423,1.0,06,11,HOU,MIL
1.47,0.6059448,2.79,0.3940552,1.0,06,11,MIN,SEA
1.71,0.5357472,2.22,0.46425277,1.0,06,11,KCR,DET
2.14,0.50473595,1.76,0.49526408,1.0,06,11,COL,CHC
2.36,0.44306743,1.63,0.55693257,1.0,06,11,SFG,SDP
2.36,0.4350247,1.64,0.56497526,1.0,06,11,ANA,LAD
1.66,0.5997633,2.33,0.40023676,0.0,06,12,TBD,OAK
1.65,0.5900131,2.33,0.40998688,0.0,06,12,CLE,CIN
2.08,0.48990592,1.8,0.51009405,0.0,06,12,COL,CHC
1.6,0.5914055,2.43,0.40859452,1.0,06,12,BOS,TEX
2.02,0.44962165,1.86,0.5503783,0.0,06,12,BAL,TOR
1.77,0.5669311,2.12,0.4330688,0.0,06,12,PHI,ARI
2.62,0.37510028,1.53,0.62489974,1.0,06,12,FLA,STL
1.48,0.65407825,2.79,0.34592173,1.0,06,12,ATL,PIT
1.85,0.57770365,2.04,0.42229632,0.0,06,12,KCR,DET
1.72,0.65245146,2.21,0.34754857,0.0,06,12,HOU,MIL
1.44,0.6614985,2.95,0.33850148,0.0,06,12,MIN,SEA
2.19,0.4889322,1.73,0.5110678,1.0,06,12,SFG,SDP
1.65,0.6222096,2.31,0.37779042,1.0,06,13,ATL,PIT
1.57,0.6433087,2.51,0.3566913,1.0,06,13,MIN,SEA
2.21,0.45190525,1.71,0.5480947,0.0,06,13,BAL,TOR
1.95,0.4401345,1.87,0.5598656,0.0,06,13,WSN,ARI
1.4,0.65911627,3.12,0.34088376,1.0,06,13,BOS,TEX
1.66,0.5922209,2.33,0.40777913,0.0,06,13,TBD,ANA
2.19,0.4346547,1.72,0.5653453,1.0,06,13,KCR,DET
2.45,0.36566752,1.6,0.6343325,1.0,06,13,CHW,NYY
1.66,0.60002977,2.33,0.39997026,1.0,06,13,COL,SDP
1.55,0.62577486,2.57,0.3742251,1.0,06,13,LAD,CHC
3.15,0.3424691,1.39,0.6575309,0.0,06,14,BAL,BOS
1.5,0.58653015,2.7,0.4134699,1.0,06,14,WSN,ARI
1.61,0.58666795,2.42,0.41333207,0.0,06,14,CIN,TEX
2.46,0.39227962,1.59,0.6077203,0.0,06,14,DET,CLE
1.81,0.51333207,2.07,0.48666787,0.0,06,14,FLA,PIT
1.74,0.49824402,2.16,0.50175595,0.0,06,14,NYM,STL
1.58,0.6280095,2.5,0.3719905,1.0,06,14,TBD,ANA
1.75,0.5623904,2.16,0.43760967,1.0,06,14,ATL,PHI
1.94,0.4474513,1.92,0.5525487,1.0,06,14,CHW,NYY
1.33,0.7136957,3.53,0.28630427,1.0,06,14,HOU,TOR
1.42,0.670599,3.02,0.32940102,1.0,06,14,MIN,KCR
1.84,0.57833993,2.04,0.42166004,0.0,06,14,COL,SDP
1.54,0.61558497,2.59,0.384415,0.0,06,14,OAK,SEA
1.63,0.5814633,2.38,0.41853675,1.0,06,14,LAD,CHC
2.31,0.39626548,1.67,0.60373455,1.0,06,14,SFG,MIL
1.48,0.64964837,2.78,0.35035166,0.0,06,15,TBD,ANA
3.67,0.30369744,1.31,0.6963026,0.0,06,15,BAL,BOS
1.84,0.4576925,2.03,0.54230744,1.0,06,15,SFG,MIL
1.44,0.6195329,2.91,0.38046715,0.0,06,15,WSN,ARI
1.43,0.6962857,2.98,0.30371428,1.0,06,15,HOU,TOR
3.01,0.3641881,1.43,0.6358119,0.0,06,15,DET,CLE
1.87,0.48603216,2.0,0.5139679,1.0,06,15,FLA,PIT
2.62,0.42396918,1.53,0.57603073,0.0,06,15,CHW,NYY
1.8,0.5096486,2.09,0.49035144,0.0,06,15,CIN,TEX
1.41,0.70132816,3.08,0.2986718,1.0,06,15,MIN,KCR
1.69,0.5543117,2.26,0.44568837,1.0,06,15,NYM,STL
1.91,0.5008845,1.95,0.4991155,0.0,06,15,ATL,PHI
1.57,0.63569605,2.52,0.36430395,1.0,06,15,COL,SDP
1.49,0.6120387,2.77,0.3879614,1.0,06,15,OAK,SEA
1.53,0.6504125,2.61,0.3495875,0.0,06,15,LAD,CHC
1.55,0.58184206,2.56,0.41815788,1.0,06,16,CIN,TEX
2.35,0.40729088,1.64,0.59270906,0.0,06,16,BAL,BOS
2.52,0.39268506,1.57,0.60731494,0.0,06,16,DET,CLE
2.18,0.4688515,1.73,0.53114843,0.0,06,16,FLA,PIT
2.07,0.511562,1.8,0.48843795,0.0,06,16,NYM,STL
1.73,0.5544777,2.18,0.44552234,1.0,06,16,TBD,ANA
1.6,0.5626528,2.44,0.4373471,1.0,06,16,ATL,PHI
1.67,0.55379647,2.29,0.44620347,1.0,06,16,WSN,ARI
2.75,0.3560661,1.49,0.6439339,0.0,06,16,CHW,NYY
1.44,0.68888676,2.92,0.31111324,0.0,06,16,HOU,TOR
1.5,0.65819764,2.71,0.3418023,0.0,06,16,MIN,KCR
1.63,0.6241616,2.36,0.3758384,0.0,06,16,COL,SDP
2.41,0.4331949,1.61,0.5668051,0.0,06,16,SFG,MIL
1.62,0.5832986,2.39,0.4167014,0.0,06,16,OAK,SEA
1.56,0.639249,2.54,0.36075097,1.0,06,16,LAD,CHC
1.74,0.5981173,2.17,0.40188277,1.0,06,17,NYY,TBD
2.37,0.4896008,1.63,0.5103992,0.0,06,17,TOR,ANA
1.9,0.48555782,1.99,0.5144422,1.0,06,17,CIN,HOU
1.77,0.6179744,2.15,0.3820256,1.0,06,17,ATL,NYM
2.11,0.45475873,1.78,0.5452413,1.0,06,17,TEX,CLE
1.71,0.5794655,2.22,0.4205345,0.0,06,17,MIN,BOS
1.44,0.6859029,2.94,0.31409714,1.0,06,17,STL,FLA
1.39,0.7045222,3.13,0.29547775,0.0,06,17,LAD,SFG
1.41,0.69552016,3.07,0.30447984,1.0,06,17,OAK,BAL
1.82,0.48024973,2.06,0.5197503,1.0,06,17,SDP,MIL
1.81,0.59447944,2.07,0.4055206,0.0,06,17,SEA,KCR
1.63,0.60643244,2.43,0.3935675,1.0,06,18,NYY,TBD
1.64,0.60846776,2.36,0.39153218,0.0,06,18,PIT,DET
2.17,0.5002897,1.74,0.49971035,0.0,06,18,TOR,ANA
2.57,0.35669813,1.55,0.6433019,1.0,06,18,CIN,HOU
2.01,0.5551766,1.87,0.4448234,0.0,06,18,ATL,NYM
1.48,0.6688524,2.82,0.33114764,0.0,06,18,CHC,CHW
2.03,0.49120903,1.83,0.50879097,0.0,06,18,TEX,CLE
2.06,0.48984003,1.81,0.51015997,1.0,06,18,MIN,BOS
1.37,0.6771155,3.29,0.3228845,0.0,06,18,STL,FLA
1.64,0.5834605,2.34,0.41653955,0.0,06,18,ARI,COL
1.45,0.68723756,2.89,0.31276244,1.0,06,18,OAK,BAL
1.37,0.692657,3.23,0.30734307,1.0,06,18,LAD,SFG
2.42,0.43940112,1.61,0.56059885,1.0,06,18,SDP,MIL
1.67,0.6057268,2.28,0.39427322,0.0,06,18,SEA,KCR
2.74,0.38206264,1.49,0.61793745,1.0,06,19,CIN,HOU
2.1,0.5263188,1.79,0.47368115,1.0,06,19,NYY,TBD
1.61,0.54463154,2.38,0.4553684,1.0,06,19,WSN,PHI
1.33,0.6903515,3.52,0.3096485,1.0,06,19,OAK,BAL
2.04,0.47155657,1.83,0.5284434,1.0,06,19,SDP,MIL
1.79,0.5655633,2.09,0.43443674,1.0,06,19,SEA,KCR
1.48,0.6783837,2.77,0.32161626,1.0,06,19,PIT,DET
1.61,0.62952065,2.38,0.37047935,1.0,06,19,WSN,PHI
2.67,0.44796088,1.51,0.55203915,0.0,06,19,TOR,ANA
1.67,0.5969799,2.29,0.4030201,1.0,06,19,ATL,NYM
1.71,0.5703213,2.21,0.42967865,1.0,06,19,CHC,CHW
2.06,0.50292265,1.82,0.49707732,0.0,06,19,TEX,CLE
1.87,0.54811424,1.99,0.45188576,0.0,06,19,MIN,BOS
1.55,0.6567744,2.55,0.34322563,1.0,06,19,STL,FLA
1.64,0.59268326,2.34,0.40731677,0.0,06,19,ARI,COL
1.42,0.7028217,3.02,0.2971784,1.0,06,19,LAD,SFG
2.03,0.5182407,1.84,0.48175934,1.0,06,20,TEX,CLE
1.57,0.58635026,2.5,0.41364977,0.0,06,20,ARI,COL
1.72,0.54354054,2.19,0.45645952,1.0,06,20,NYY,HOU
1.96,0.51006985,1.9,0.4899301,1.0,06,20,WSN,PHI
2.29,0.4338919,1.67,0.5661081,1.0,06,20,TOR,ANA
1.53,0.6649286,2.61,0.33507133,0.0,06,20,STL,FLA
1.67,0.5875866,2.3,0.41241348,0.0,06,20,MIL,CIN
1.65,0.60636157,2.33,0.3936384,1.0,06,20,CHC,NYM
2.68,0.36455014,1.51,0.6354499,1.0,06,20,KCR,MIN
1.9,0.5042191,1.96,0.4957809,1.0,06,20,OAK,TBD
1.57,0.64894354,2.52,0.35105643,1.0,06,20,LAD,SFG
1.69,0.6352496,2.26,0.3647504,1.0,06,20,SEA,BAL
1.56,0.5925759,2.56,0.407424,0.0,06,21,CHC,NYM
1.62,0.57526636,2.38,0.4247336,1.0,06,21,NYY,HOU
1.38,0.68072814,3.23,0.31927186,0.0,06,21,PHI,FLA
1.9,0.5577793,1.96,0.44222075,1.0,06,21,PIT,SDP
1.69,0.5477573,2.25,0.45224267,1.0,06,21,WSN,ATL
1.33,0.69857305,3.55,0.30142692,1.0,06,21,BOS,TOR
1.51,0.6733927,2.67,0.32660732,1.0,06,21,CLE,DET
1.98,0.51068103,1.88,0.48931897,1.0,06,21,STL,ANA
1.7,0.5563625,2.24,0.4436375,0.0,06,21,TEX,CHW
1.81,0.57111037,2.07,0.4288897,0.0,06,21,MIL,CIN
2.41,0.4318668,1.62,0.56813323,0.0,06,21,KCR,MIN
1.68,0.5925189,2.26,0.40748107,0.0,06,21,ARI,SFG
1.89,0.5535517,1.97,0.4464483,0.0,06,21,OAK,TBD
1.5,0.6256708,2.72,0.3743292,1.0,06,21,LAD,COL
1.54,0.670228,2.58,0.329772,1.0,06,21,SEA,BAL
2.48,0.37180412,1.58,0.62819594,0.0,06,22,KCR,MIN
1.76,0.57029635,2.14,0.42970356,1.0,06,22,STL,ANA
1.75,0.5803131,2.15,0.41968694,0.0,06,22,CHC,NYM
1.55,0.63880515,2.57,0.36119482,0.0,06,22,BOS,TOR
1.49,0.6515245,2.75,0.3484755,0.0,06,22,PHI,FLA
2.0,0.5244805,1.86,0.47551942,1.0,06,22,PIT,SDP
1.92,0.5244857,1.94,0.4755143,1.0,06,22,OAK,TBD
1.52,0.63838506,2.64,0.36161494,1.0,06,22,CLE,DET
1.81,0.5236679,2.07,0.47633222,1.0,06,22,MIL,CIN
1.54,0.64203656,2.58,0.35796344,0.0,06,22,SEA,BAL
1.38,0.67053294,3.19,0.32946706,1.0,06,22,LAD,COL
1.63,0.5969894,2.42,0.40301067,1.0,06,22,NYY,HOU
1.9,0.5280324,1.96,0.47196764,0.0,06,22,WSN,ATL
1.54,0.6309076,2.6,0.36909238,1.0,06,22,TEX,CHW
1.79,0.61205536,2.1,0.3879446,0.0,06,22,ARI,SFG
1.51,0.6772954,2.67,0.32270467,1.0,06,23,CLE,DET
1.56,0.6454241,2.54,0.35457596,0.0,06,23,BOS,TOR
1.62,0.60731846,2.4,0.39268154,0.0,06,23,PHI,FLA
2.19,0.527546,1.72,0.472454,1.0,06,23,PIT,SDP
2.29,0.4425224,1.68,0.55747765,0.0,06,23,WSN,ATL
2.12,0.49124083,1.77,0.5087592,0.0,06,23,NYY,HOU
1.51,0.60314244,2.66,0.39685756,1.0,06,23,MIL,CIN
2.29,0.38566425,1.66,0.6143358,1.0,06,23,KCR,MIN
1.95,0.54002804,1.91,0.45997196,1.0,06,23,CHC,NYM
1.78,0.5686848,2.1,0.43131524,1.0,06,23,TEX,CHW
1.76,0.5387798,2.14,0.4612202,0.0,06,23,OAK,TBD
1.69,0.61380005,2.26,0.38619998,1.0,06,23,ARI,SFG
1.38,0.63375306,3.19,0.366247,1.0,06,23,LAD,COL
1.57,0.6385854,2.52,0.36141464,1.0,06,23,SEA,BAL
1.69,0.5770195,2.26,0.4229805,0.0,06,23,STL,ANA
1.37,0.6915028,3.28,0.30849722,1.0,06,24,NYY,TOR
1.75,0.59033126,2.15,0.4096687,1.0,06,24,PHI,NYM
1.57,0.6273357,2.52,0.37266427,1.0,06,24,BOS,CHW
1.5,0.61502284,2.7,0.3849772,1.0,06,24,CLE,KCR
1.75,0.50914615,2.16,0.49085376,1.0,06,24,CHC,ATL
2.12,0.49152648,1.77,0.5084735,1.0,06,24,ARI,LAD
2.04,0.41612896,1.83,0.5838711,0.0,06,24,SFG,COL
2.27,0.45754063,1.68,0.5424593,0.0,06,25,DET,TEX
2.58,0.42847925,1.54,0.57152075,0.0,06,25,BAL,SDP
1.33,0.6929814,3.51,0.30701858,1.0,06,25,NYY,TOR
1.63,0.6120209,2.36,0.38797906,1.0,06,25,PHI,NYM
1.34,0.6980433,3.43,0.30195674,1.0,06,25,BOS,CHW
1.39,0.6672031,3.19,0.3327969,0.0,06,25,CLE,KCR
3.0,0.36421862,1.43,0.63578135,0.0,06,25,FLA,WSN
1.93,0.5071223,1.93,0.49287775,0.0,06,25,CHC,ATL
1.33,0.6520877,3.53,0.3479123,1.0,06,25,HOU,PIT
1.57,0.6065621,2.53,0.3934379,0.0,06,25,MIL,SEA
1.95,0.5229782,1.91,0.47702184,1.0,06,25,MIN,TBD
1.62,0.56246597,2.41,0.437534,0.0,06,25,STL,OAK
1.9,0.48207375,1.99,0.51792616,0.0,06,25,ARI,LAD
1.68,0.5280684,2.32,0.47193158,1.0,06,25,SFG,COL
1.69,0.56861734,2.25,0.43138263,1.0,06,25,ANA,CIN
1.27,0.7042604,3.99,0.2957395,0.0,06,26,BOS,CHW
1.38,0.684521,3.18,0.31547892,1.0,06,26,NYY,TOR
1.44,0.6751651,2.93,0.32483488,1.0,06,26,CLE,KCR
2.07,0.43117642,1.81,0.56882364,0.0,06,26,BAL,SDP
2.35,0.43704382,1.64,0.5629562,1.0,06,26,ARI,LAD
2.29,0.411479,1.67,0.588521,0.0,06,26,SFG,COL
1.65,0.5548383,2.32,0.4451617,1.0,06,26,PHI,NYM
1.98,0.422223,1.89,0.577777,0.0,06,26,DET,TEX
2.32,0.39642724,1.65,0.6035728,0.0,06,26,FLA,WSN
1.68,0.5347752,2.26,0.4652248,0.0,06,26,STL,OAK
1.47,0.58236235,2.84,0.41763765,0.0,06,26,MIL,SEA
1.77,0.52405417,2.12,0.47594592,0.0,06,26,CHC,ATL
1.83,0.55526257,2.04,0.44473737,1.0,06,26,ANA,CIN
1.42,0.6351763,3.04,0.36482376,0.0,06,26,HOU,PIT
2.0,0.53236824,1.86,0.46763182,1.0,06,26,MIN,TBD
1.73,0.5886295,2.18,0.41137055,1.0,06,27,PHI,NYM
2.03,0.4922905,1.84,0.5077095,0.0,06,27,DET,TEX
1.89,0.5394429,1.98,0.46055707,0.0,06,27,MIN,TBD
1.49,0.63834596,2.74,0.361654,0.0,06,27,HOU,PIT
1.51,0.59538203,2.68,0.40461797,1.0,06,27,MIL,SEA
1.9,0.51152176,1.96,0.4884783,1.0,06,27,CHC,ATL
2.7,0.3910868,1.5,0.6089131,0.0,06,27,FLA,WSN
2.88,0.39066184,1.45,0.6093382,0.0,06,27,COL,LAD
1.93,0.45769924,1.93,0.5423008,0.0,06,27,SFG,ARI
1.62,0.56407535,2.38,0.43592468,1.0,06,27,ANA,OAK
2.77,0.35691616,1.48,0.6430838,1.0,06,28,BAL,CLE
1.76,0.5513198,2.14,0.44868022,1.0,06,28,TOR,KCR
2.08,0.47676337,1.81,0.52323663,1.0,06,28,CIN,CHC
2.46,0.3967914,1.59,0.6032086,0.0,06,28,DET,WSN
2.25,0.42512575,1.69,0.5748742,1.0,06,28,FLA,PHI
1.72,0.5288043,2.22,0.47119567,0.0,06,28,NYM,ATL
1.76,0.6032016,2.14,0.3967984,0.0,06,28,TBD,TEX
1.65,0.5903129,2.33,0.40968707,0.0,06,28,MIL,PIT
2.61,0.3863029,1.54,0.61369705,1.0,06,28,CHW,MIN
1.43,0.64690584,3.0,0.3530942,1.0,06,28,HOU,SEA
2.69,0.4019338,1.51,0.5980662,1.0,06,28,COL,LAD
1.72,0.4997565,2.19,0.50024354,0.0,06,28,ANA,OAK
1.75,0.51813,2.15,0.48187003,1.0,06,28,SDP,STL
2.12,0.4491572,1.78,0.5508428,1.0,06,28,SFG,ARI
2.25,0.4267444,1.69,0.57325566,0.0,06,29,BOS,NYY
2.57,0.37336403,1.55,0.6266359,1.0,06,29,BAL,CLE
1.53,0.6177454,2.63,0.38225466,1.0,06,29,TOR,KCR
1.79,0.55781704,2.1,0.4421829,0.0,06,29,CIN,CHC
2.72,0.39487576,1.5,0.6051243,1.0,06,29,DET,WSN
2.2,0.4489318,1.72,0.5510681,1.0,06,29,FLA,PHI
1.97,0.4423053,1.89,0.55769473,0.0,06,29,NYM,ATL
1.5,0.5917823,2.69,0.40821782,1.0,06,29,TBD,TEX
2.28,0.42998415,1.67,0.5700158,0.0,06,29,CHW,MIN
2.37,0.46898833,1.63,0.53101164,1.0,06,29,COL,LAD
1.31,0.70942557,3.69,0.29057452,1.0,06,29,HOU,SEA
1.48,0.6114045,2.81,0.38859552,1.0,06,29,MIL,PIT
2.33,0.38142818,1.65,0.6185718,0.0,06,29,SFG,ARI
1.69,0.55306256,2.26,0.44693747,0.0,06,29,ANA,OAK
1.8,0.5140888,2.08,0.4859112,1.0,06,29,SDP,STL
1.9,0.48922455,1.97,0.5107755,0.0,06,30,BOS,NYY
3.2,0.34110114,1.38,0.65889883,0.0,06,30,BAL,CLE
1.81,0.53369814,2.07,0.4663018,0.0,06,30,TOR,KCR
2.01,0.49443096,1.85,0.505569,1.0,06,30,CIN,CHC
3.7,0.3139306,1.3,0.6860694,0.0,06,30,DET,WSN
2.19,0.4589374,1.72,0.54106253,0.0,06,30,FLA,PHI
1.47,0.64677584,2.81,0.35322413,1.0,06,30,TBD,TEX
1.91,0.5066871,1.96,0.4933129,1.0,06,30,CHW,MIN
1.35,0.6737294,3.34,0.32627055,1.0,06,30,HOU,SEA
1.6,0.58939457,2.42,0.4106054,1.0,06,30,MIL,PIT
2.35,0.4276649,1.64,0.5723351,0.0,06,30,COL,LAD
1.99,0.46533105,1.87,0.534669,1.0,06,30,SFG,ARI
1.71,0.52150434,2.22,0.4784957,0.0,06,30,ANA,OAK
1.8,0.5066866,2.08,0.49331328,0.0,06,30,SDP,STL
1.92,0.49532202,1.93,0.5046781,1.0,06,30,NYM,ATL
1.66,0.54266936,2.3,0.4573306,1.0,07,01,TOR,KCR
2.1,0.5540813,1.78,0.44591865,1.0,07,01,PIT,CHC
1.96,0.5286362,1.9,0.47136375,0.0,07,01,CIN,MIL
1.35,0.6974006,3.37,0.30259937,1.0,07,01,TBD,BAL
1.59,0.60185295,2.47,0.39814714,0.0,07,01,SDP,SFG
2.09,0.48177037,1.79,0.51822966,1.0,07,02,PIT,CHC
1.47,0.66780573,2.83,0.33219424,1.0,07,02,WSN,FLA
2.38,0.40901715,1.6,0.59098285,0.0,07,02,TOR,BOS
1.9,0.5167336,1.96,0.48326632,1.0,07,02,CIN,MIL
2.18,0.42838737,1.73,0.5716126,1.0,07,02,NYM,NYY
1.32,0.73833406,3.57,0.261666,1.0,07,02,TBD,BAL
1.9,0.53609407,1.96,0.4639059,0.0,07,02,ATL,PHI
1.74,0.6031232,2.18,0.39687684,0.0,07,02,TEX,ANA
1.78,0.5719187,2.12,0.4280813,0.0,07,02,COL,HOU
2.53,0.39632085,1.56,0.6036792,0.0,07,02,KCR,CLE
1.98,0.5011862,1.88,0.4988138,1.0,07,02,OAK,MIN
1.42,0.65920013,3.02,0.34079984,1.0,07,02,LAD,ARI
1.64,0.60726595,2.35,0.39273408,0.0,07,02,SDP,SFG
2.29,0.4902386,1.67,0.50976145,1.0,07,02,SEA,STL
1.64,0.6087409,2.34,0.391259,1.0,07,03,CHW,DET
1.35,0.6745944,3.37,0.32540554,1.0,07,03,WSN,FLA
2.21,0.42967674,1.71,0.5703232,0.0,07,03,NYM,NYY
2.01,0.5118983,1.85,0.48810172,1.0,07,03,PIT,CHC
3.18,0.35892186,1.4,0.64107805,1.0,07,03,TOR,BOS
1.69,0.5300218,2.27,0.46997827,1.0,07,03,CIN,MIL
1.47,0.6606894,2.82,0.33931062,0.0,07,03,TBD,BAL
1.7,0.5692694,2.24,0.4307306,1.0,07,03,ATL,PHI
1.99,0.46600607,1.87,0.53399396,0.0,07,03,TEX,ANA
1.64,0.6086267,2.34,0.39137337,1.0,07,03,CHW,DET
2.19,0.44470572,1.73,0.5552942,0.0,07,03,COL,HOU
2.28,0.40519387,1.68,0.59480613,0.0,07,03,KCR,CLE
1.92,0.5510996,1.94,0.4489004,0.0,07,03,OAK,MIN
1.68,0.55803204,2.27,0.44196787,0.0,07,03,SDP,SFG
1.44,0.6646691,2.91,0.33533093,1.0,07,03,LAD,ARI
2.02,0.5144466,1.85,0.48555335,0.0,07,03,SEA,STL
1.53,0.6588344,2.63,0.34116557,1.0,07,04,WSN,FLA
2.12,0.42610452,1.77,0.5738955,0.0,07,04,KCR,CLE
1.91,0.58179593,1.95,0.41820407,0.0,07,04,CHW,DET
2.0,0.51975304,1.86,0.48024702,1.0,07,04,CIN,MIL
2.05,0.51712894,1.82,0.48287103,0.0,07,04,PIT,CHC
2.17,0.4637392,1.74,0.53626084,1.0,07,04,OAK,MIN
1.97,0.50953037,1.9,0.4904697,0.0,07,04,SEA,STL
1.94,0.4988814,1.92,0.5011186,0.0,07,04,TBD,NYY
1.6,0.6146934,2.44,0.3853066,1.0,07,04,ATL,PHI
2.1,0.4649518,1.78,0.5350482,0.0,07,04,TOR,BOS
1.85,0.5179186,2.02,0.4820814,1.0,07,04,TEX,ANA
1.45,0.68163776,2.9,0.31836227,1.0,07,04,LAD,SDP
1.94,0.5167598,1.92,0.4832402,0.0,07,05,PIT,MIL
1.47,0.6163025,2.73,0.38369754,0.0,07,05,WSN,KCR
1.69,0.6041863,2.24,0.3958137,0.0,07,05,TOR,BAL
3.04,0.3136205,1.41,0.6863795,0.0,07,05,DET,BOS
1.48,0.6104798,2.79,0.38952023,0.0,07,05,NYM,PHI
1.92,0.42109388,1.95,0.57890606,0.0,07,05,TBD,NYY
1.52,0.6700393,2.66,0.32996067,1.0,07,05,ATL,FLA
1.42,0.68595546,3.02,0.3140445,0.0,07,05,HOU,ANA
1.54,0.60953313,2.58,0.39046687,1.0,07,05,MIN,TEX
1.63,0.6154291,2.39,0.3845708,1.0,07,05,ARI,COL
1.51,0.6825717,2.69,0.31742832,0.0,07,05,LAD,SDP
2.26,0.44143483,1.68,0.5585652,0.0,07,05,SEA,OAK
1.83,0.46756026,2.04,0.53243977,0.0,07,05,SFG,STL
1.64,0.6373095,2.36,0.36269048,1.0,07,06,MIN,TEX
1.68,0.5885334,2.26,0.41146657,0.0,07,06,TOR,BAL
2.14,0.5421858,1.76,0.45781422,1.0,07,06,PIT,MIL
1.24,0.719709,4.3,0.28029102,1.0,07,06,WSN,KCR
1.46,0.6674387,2.86,0.33256128,0.0,07,06,ATL,FLA
2.11,0.47421685,1.77,0.5257831,0.0,07,06,CIN,CLE
2.54,0.3566342,1.56,0.64336586,0.0,07,06,DET,BOS
1.69,0.49084896,2.25,0.50915104,1.0,07,06,TBD,NYY
2.09,0.5119049,1.8,0.48809505,0.0,07,06,CHW,CHC
1.42,0.65387446,3.06,0.3461255,1.0,07,06,HOU,ANA
1.73,0.54494387,2.2,0.45505604,1.0,07,06,NYM,PHI
1.81,0.48312935,2.07,0.51687056,1.0,07,06,SFG,STL
1.91,0.5281052,1.96,0.47189477,1.0,07,06,ARI,COL
1.57,0.6527738,2.5,0.34722626,0.0,07,06,LAD,SDP
2.26,0.4616366,1.69,0.53836346,1.0,07,06,SEA,OAK
1.52,0.6499221,2.65,0.35007796,1.0,07,07,TOR,BAL
2.11,0.45526546,1.78,0.5447345,0.0,07,07,CIN,CLE
3.44,0.31361222,1.34,0.6863877,0.0,07,07,DET,BOS
2.0,0.48349428,1.86,0.51650566,0.0,07,07,NYM,PHI
1.81,0.509236,2.07,0.490764,1.0,07,07,TBD,NYY
1.43,0.67673725,2.96,0.32326278,1.0,07,07,ATL,FLA
1.84,0.5312633,2.03,0.46873665,1.0,07,07,PIT,MIL
1.4,0.67175233,3.12,0.32824767,1.0,07,07,WSN,KCR
2.63,0.4003924,1.53,0.59960765,1.0,07,07,CHW,CHC
1.58,0.6057974,2.49,0.3942026,1.0,07,07,HOU,ANA
1.52,0.6465349,2.67,0.35346508,0.0,07,07,MIN,TEX
2.03,0.4688803,1.84,0.5311197,1.0,07,07,SFG,STL
2.27,0.48100945,1.68,0.5189905,1.0,07,07,ARI,COL
1.6,0.6438207,2.42,0.35617927,0.0,07,07,LAD,SDP
2.16,0.46607125,1.75,0.53392875,0.0,07,07,SEA,OAK
2.19,0.5087729,1.74,0.49122703,1.0,07,11,TEX,HOU
1.58,0.58242255,2.48,0.41757745,1.0,07,12,CHC,PIT
2.23,0.48248118,1.7,0.5175188,0.0,07,12,PHI,WSN
2.44,0.36248353,1.6,0.63751644,0.0,07,12,BAL,TBD
1.34,0.6995582,3.44,0.30044183,1.0,07,12,NYY,TOR
1.84,0.52096355,2.03,0.47903645,1.0,07,12,BOS,LAD
1.68,0.55957025,2.27,0.4404298,0.0,07,12,CLE,MIN
2.0,0.47873765,1.88,0.52126235,1.0,07,12,FLA,NYM
2.82,0.3671383,1.48,0.63286173,1.0,07,12,TEX,HOU
1.56,0.62840605,2.55,0.37159395,0.0,07,12,MIL,SFG
1.73,0.568493,2.19,0.43150696,1.0,07,12,KCR,DET
1.82,0.5504387,2.06,0.44956133,0.0,07,12,STL,ARI
1.72,0.57228905,2.2,0.42771092,1.0,07,12,COL,CIN
1.6,0.5469639,2.43,0.45303613,1.0,07,12,ANA,SEA
1.5,0.66626364,2.71,0.33373645,1.0,07,12,OAK,CHW
1.9,0.46796003,1.95,0.53203994,0.0,07,12,SDP,ATL
3.02,0.36384165,1.42,0.63615835,1.0,07,13,BAL,TBD
1.36,0.7082263,3.32,0.29177365,0.0,07,13,NYY,TOR
1.53,0.5910105,2.62,0.40898955,1.0,07,13,CHC,PIT
1.46,0.6528073,2.86,0.34719262,1.0,07,13,OAK,CHW
2.25,0.4434224,1.7,0.5565776,0.0,07,13,FLA,NYM
3.02,0.3629032,1.42,0.63709676,0.0,07,13,BAL,TBD
1.68,0.5391973,2.27,0.46080264,0.0,07,13,CLE,MIN
1.61,0.59647983,2.44,0.40352014,0.0,07,13,BOS,LAD
1.96,0.56584775,1.91,0.43415225,1.0,07,13,KCR,DET
1.79,0.5761162,2.1,0.42388383,1.0,07,13,MIL,SFG
1.84,0.5602888,2.03,0.43971127,0.0,07,13,PHI,WSN
1.72,0.52322507,2.2,0.47677493,1.0,07,13,STL,ARI
2.25,0.489738,1.7,0.5102621,0.0,07,13,TEX,HOU
1.87,0.56248087,1.99,0.43751916,0.0,07,13,COL,CIN
1.85,0.4670969,2.02,0.53290313,0.0,07,13,SDP,ATL
1.6,0.57158434,2.42,0.42841563,1.0,07,13,ANA,SEA
2.87,0.3719541,1.45,0.6280459,0.0,07,14,BAL,TBD
1.46,0.68377745,2.84,0.3162225,1.0,07,14,NYY,TOR
1.86,0.5104458,2.0,0.48955423,1.0,07,14,PHI,WSN
1.68,0.5259276,2.27,0.4740724,1.0,07,14,CLE,MIN
3.0,0.3852154,1.42,0.6147846,0.0,07,14,FLA,NYM
1.53,0.6205682,2.61,0.37943172,0.0,07,14,MIL,SFG
1.69,0.56925184,2.25,0.43074816,0.0,07,14,KCR,DET
2.0,0.47126293,1.86,0.52873707,1.0,07,14,STL,ARI
1.55,0.5571643,2.56,0.44283572,1.0,07,14,CHC,PIT
2.84,0.3590656,1.46,0.64093435,0.0,07,14,TEX,HOU
1.89,0.5564759,1.97,0.44352418,1.0,07,14,COL,CIN
1.54,0.60639614,2.6,0.3936039,1.0,07,14,ANA,SEA
1.51,0.6540189,2.67,0.3459811,1.0,07,14,OAK,CHW
2.32,0.4049687,1.65,0.5950314,0.0,07,14,SDP,ATL
1.9,0.51255846,1.96,0.48744154,0.0,07,14,BOS,LAD
1.61,0.62998515,2.48,0.37001482,0.0,07,15,COL,SFG
2.57,0.42209074,1.55,0.5779093,0.0,07,15,PHI,LAD
1.65,0.6048682,2.33,0.39513177,0.0,07,15,NYY,TBD
1.55,0.6334195,2.56,0.36658052,1.0,07,15,BOS,TOR
1.47,0.65891784,2.82,0.3410822,1.0,07,15,CLE,DET
1.67,0.5736716,2.28,0.42632842,0.0,07,15,CHC,CIN
1.9,0.4659982,1.99,0.5340018,0.0,07,15,MIL,ATL
2.11,0.48044345,1.78,0.5195565,1.0,07,15,KCR,CHW
1.71,0.5648027,2.23,0.4351973,1.0,07,15,STL,PIT
1.61,0.54511976,2.48,0.45488027,0.0,07,15,COL,SFG
2.12,0.5102388,1.77,0.4897612,1.0,07,15,ANA,HOU
2.6,0.37936082,1.54,0.6206392,0.0,07,16,BAL,WSN
1.68,0.6190266,2.27,0.3809734,1.0,07,16,NYY,TBD
2.71,0.38699675,1.5,0.6130033,1.0,07,16,PHI,LAD
1.51,0.6502991,2.67,0.34970102,0.0,07,16,BOS,TOR
1.4,0.7003522,3.12,0.29964778,1.0,07,16,CLE,DET
2.01,0.5147122,1.88,0.48528776,1.0,07,16,FLA,SDP
1.78,0.56850934,2.11,0.43149066,1.0,07,16,CHC,CIN
1.66,0.56484145,2.35,0.43515864,0.0,07,16,TEX,ARI
1.58,0.55568445,2.51,0.44431558,1.0,07,16,MIL,ATL
1.58,0.64065796,2.48,0.35934207,0.0,07,16,MIN,NYM
2.03,0.50241196,1.84,0.49758807,1.0,07,16,KCR,CHW
1.56,0.5858931,2.54,0.41410682,0.0,07,16,STL,PIT
1.71,0.58368486,2.22,0.41631514,0.0,07,16,COL,SFG
2.1,0.52610683,1.78,0.47389314,1.0,07,16,ANA,HOU
1.58,0.6185717,2.49,0.38142833,1.0,07,16,OAK,SEA
1.52,0.5901622,2.65,0.40983778,0.0,07,17,MIN,NYM
1.71,0.5932222,2.21,0.40677783,1.0,07,17,STL,PIT
1.92,0.5001048,1.94,0.49989516,1.0,07,17,MIL,ATL
1.78,0.56167364,2.11,0.4383264,1.0,07,17,CHC,CIN
1.46,0.60934204,2.83,0.39065805,0.0,07,17,COL,SFG
1.49,0.65137744,2.74,0.3486226,1.0,07,17,OAK,SEA
2.55,0.4095033,1.55,0.5904967,1.0,07,17,BAL,WSN
2.44,0.4225591,1.6,0.5774409,0.0,07,17,PHI,LAD
1.38,0.6780339,3.2,0.32196608,1.0,07,17,BOS,TOR
1.32,0.6970269,3.63,0.3029731,1.0,07,17,CLE,DET
2.46,0.4504125,1.59,0.5495875,0.0,07,17,FLA,SDP
2.13,0.45015103,1.76,0.549849,0.0,07,17,TEX,ARI
1.76,0.5471256,2.13,0.45287436,1.0,07,17,KCR,CHW
2.83,0.44231457,1.46,0.55768543,0.0,07,17,ANA,HOU
2.13,0.4897156,1.76,0.5102845,1.0,07,18,FLA,SDP
1.9,0.514466,1.96,0.48553398,1.0,07,18,PHI,LAD
1.35,0.6978888,3.4,0.3021112,1.0,07,18,BOS,TOR
1.62,0.57034445,2.4,0.42965555,1.0,07,18,KCR,CHW
1.6,0.5999875,2.4,0.40001243,1.0,07,18,NYY,TBD
1.84,0.53515345,2.03,0.4648466,0.0,07,18,CIN,STL
1.45,0.683632,2.86,0.31636798,1.0,07,18,CLE,DET
2.33,0.5167248,1.65,0.48327523,0.0,07,18,ATL,WSN
1.6,0.5490207,2.4,0.4509793,1.0,07,18,NYY,TBD
1.76,0.5155554,2.13,0.48444462,1.0,07,18,MIN,OAK
2.33,0.4436245,1.65,0.5563755,0.0,07,18,ANA,HOU
1.96,0.5477561,1.91,0.4522439,0.0,07,18,ARI,MIL
1.8,0.5336559,2.04,0.46634418,1.0,07,18,SFG,NYM
1.59,0.6170382,2.47,0.3829618,1.0,07,19,CHC,SDP
2.89,0.35550135,1.45,0.6444987,1.0,07,19,BAL,BOS
1.43,0.65876263,2.96,0.3412374,1.0,07,19,NYY,COL
1.86,0.5191878,2.01,0.48081213,0.0,07,19,PIT,PHI
1.93,0.48168582,1.94,0.5183142,0.0,07,19,CIN,STL
1.36,0.68086094,3.41,0.31913903,1.0,07,19,CLE,KCR
2.4,0.41074204,1.62,0.58925796,0.0,07,19,DET,TOR
1.43,0.6436611,2.98,0.356339,0.0,07,19,TBD,CHW
1.98,0.54063636,1.89,0.4593636,1.0,07,19,ATL,WSN
1.45,0.65667003,2.89,0.34332997,1.0,07,19,HOU,TEX
1.74,0.5573307,2.16,0.44266924,0.0,07,19,MIN,OAK
2.11,0.4966462,1.79,0.50335383,1.0,07,19,ARI,MIL
1.29,0.7235988,3.8,0.27640128,1.0,07,19,LAD,FLA
2.05,0.45988265,1.82,0.5401174,1.0,07,19,SEA,ANA
2.42,0.43636966,1.62,0.5636304,1.0,07,19,SFG,NYM
1.38,0.6918219,3.22,0.30817813,1.0,07,20,NYY,COL
1.73,0.60448354,2.19,0.39551648,1.0,07,20,CHC,SDP
1.66,0.60407,2.32,0.39593002,0.0,07,20,SFG,NYM
2.08,0.45650065,1.8,0.54349935,0.0,07,20,DET,TOR
1.61,0.5942551,2.44,0.4057449,0.0,07,20,TBD,CHW
2.87,0.3706007,1.45,0.62939924,0.0,07,20,BAL,BOS
1.75,0.54641455,2.15,0.45358536,1.0,07,20,PIT,PHI
1.71,0.5383836,2.22,0.46161634,1.0,07,20,CIN,STL
1.57,0.6156288,2.51,0.38437116,0.0,07,20,CLE,KCR
1.52,0.6413093,2.66,0.35869068,1.0,07,20,HOU,TEX
1.69,0.56646866,2.25,0.43353128,0.0,07,20,MIN,OAK
1.6,0.60925025,2.44,0.39074972,0.0,07,20,ATL,WSN
1.72,0.6041194,2.27,0.39588058,0.0,07,20,ARI,MIL
1.31,0.719035,3.63,0.28096497,1.0,07,20,LAD,FLA
2.24,0.47345838,1.71,0.52654165,0.0,07,20,SEA,ANA
2.82,0.33784795,1.47,0.66215205,1.0,07,21,BAL,BOS
1.49,0.65301067,2.75,0.34698933,0.0,07,21,NYY,COL
1.89,0.48859552,1.96,0.51140445,0.0,07,21,CIN,STL
1.46,0.64630795,2.83,0.353692,1.0,07,21,CLE,KCR
2.06,0.4590688,1.82,0.5409312,1.0,07,21,DET,TOR
1.36,0.66992575,3.3,0.3300742,1.0,07,21,TBD,CHW
1.77,0.54135036,2.13,0.4586496,0.0,07,21,PIT,PHI
1.7,0.5869101,2.23,0.4130899,1.0,07,21,HOU,TEX
1.73,0.5385678,2.18,0.46143216,1.0,07,21,MIN,OAK
1.54,0.64687634,2.59,0.35312372,0.0,07,21,CHC,SDP
1.91,0.5436106,1.96,0.45638943,1.0,07,21,SFG,NYM
2.11,0.5026736,1.77,0.4973264,0.0,07,21,ARI,MIL
1.31,0.70960605,3.67,0.29039392,1.0,07,21,LAD,FLA
2.18,0.48325938,1.73,0.5167406,0.0,07,21,SEA,ANA
1.59,0.57564336,2.47,0.42435658,1.0,07,21,ATL,WSN
2.12,0.4619925,1.78,0.5380075,0.0,07,22,TBD,BOS
1.94,0.50682706,1.93,0.49317294,0.0,07,22,PIT,STL
2.59,0.4286817,1.54,0.57131827,0.0,07,22,TOR,CLE
1.89,0.56184316,1.99,0.4381568,1.0,07,22,CHW,FLA
1.4,0.6515761,3.13,0.34842393,1.0,07,22,HOU,OAK
1.87,0.56361794,2.0,0.43638206,0.0,07,22,MIL,CIN
2.01,0.4529198,1.85,0.54708016,1.0,07,22,MIN,NYY
1.41,0.68428934,3.06,0.31571063,1.0,07,22,ARI,BAL
1.95,0.4839247,1.91,0.5160753,1.0,07,22,SFG,CHC
1.78,0.5733849,2.11,0.42661512,1.0,07,22,SEA,TEX
1.75,0.52205557,2.16,0.4779444,0.0,07,23,PIT,STL
1.42,0.6239227,3.01,0.37607738,1.0,07,23,WSN,COL
2.47,0.38948214,1.59,0.61051786,1.0,07,23,TOR,CLE
2.24,0.38007167,1.69,0.61992836,0.0,07,23,DET,PHI
2.2,0.5215033,1.74,0.47849667,1.0,07,23,NYM,SDP
2.33,0.4670007,1.65,0.53299934,0.0,07,23,TBD,BOS
1.42,0.66644686,3.04,0.33355314,0.0,07,23,ATL,KCR
2.07,0.53590393,1.81,0.46409613,0.0,07,23,CHW,FLA
1.6,0.56395394,2.44,0.43604606,0.0,07,23,HOU,OAK
1.65,0.58689225,2.34,0.4131077,0.0,07,23,MIL,CIN
2.02,0.47628877,1.85,0.5237112,0.0,07,23,MIN,NYY
1.55,0.67928106,2.57,0.32071897,0.0,07,23,ARI,BAL
1.95,0.5083834,1.92,0.49161655,1.0,07,23,SFG,CHC
1.48,0.6519189,2.78,0.34808108,0.0,07,23,LAD,ANA
1.8,0.5437694,2.1,0.45623055,0.0,07,23,SEA,TEX
1.89,0.538472,1.96,0.46152797,1.0,07,24,TBD,BOS
1.85,0.51582503,2.0,0.48417497,1.0,07,24,WSN,COL
2.36,0.37562487,1.63,0.6243751,0.0,07,24,DET,PHI
1.46,0.6361337,2.83,0.36386636,1.0,07,24,HOU,OAK
1.61,0.5903357,2.4,0.40966424,1.0,07,24,MIL,CIN
1.67,0.59259605,2.28,0.40740392,1.0,07,24,ARI,BAL
2.23,0.48826578,1.7,0.5117342,1.0,07,24,SEA,TEX
2.02,0.5322366,1.85,0.46776345,0.0,07,24,SFG,CHC
1.93,0.47978207,1.93,0.52021796,0.0,07,24,PIT,STL
1.85,0.61682385,2.0,0.3831762,1.0,07,24,WSN,COL
2.12,0.4533766,1.77,0.5466234,0.0,07,24,TOR,CLE
1.63,0.58896637,2.37,0.4110336,0.0,07,24,NYM,SDP
1.49,0.6537527,2.73,0.3462473,0.0,07,24,ATL,KCR
1.99,0.4824277,1.87,0.5175723,0.0,07,24,MIN,NYY
1.81,0.580544,2.08,0.41945603,0.0,07,24,CHW,FLA
1.46,0.6142331,2.83,0.38576695,0.0,07,24,LAD,ANA
