HOMEODDS,HOMEPREDICTION,AWAYODDS,AWAYPREDICTION,RESULT,MONTH,DAY
1.26,1.0,4.08,3.6755914e-11,1.0,03,28
1.8,7.7765864e-14,2.09,1.0,0.0,03,28
1.85,0.9999999,2.01,7.302272e-08,1.0,03,28
1.54,1.0,2.61,1.0196568e-08,1.0,03,28
1.68,3.107136e-11,2.27,1.0,0.0,03,28
1.59,1.0,2.46,1.4645746e-08,1.0,03,28
2.14,2.077852e-15,1.75,1.0,0.0,03,28
1.98,8.8194833e-16,1.88,1.0,0.0,03,28
1.96,0.8010192,1.89,0.19898082,1.0,03,28
1.87,0.9999999,1.99,9.682947e-08,1.0,03,28
2.19,4.2680232e-19,1.73,1.0,0.0,03,28
1.85,0.99999964,2.02,3.6119792e-07,1.0,03,28
1.75,0.9999999,2.14,8.5529e-08,1.0,03,28
1.83,0.9999999,2.04,6.192891e-08,1.0,03,28
2.77,0.6541681,1.48,0.34583187,1.0,03,28
1.8,0.79656154,2.07,0.20343848,1.0,03,30
2.42,0.2623602,1.61,0.7376398,1.0,03,30
2.23,0.67940843,1.7,0.3205916,1.0,03,30
1.97,0.7736719,1.9,0.2263281,1.0,03,30
1.25,0.49144903,4.26,0.508551,0.0,03,31
1.76,0.6010909,2.13,0.3989091,0.0,03,31
2.12,0.4830807,1.77,0.5169194,1.0,03,31
2.02,0.8352462,1.85,0.16475381,1.0,03,31
1.83,0.38219577,2.04,0.6178042,1.0,03,31
1.74,0.8735517,2.18,0.12644827,1.0,03,31
2.06,0.68795645,1.82,0.31204352,1.0,03,31
1.74,0.75095814,2.16,0.2490419,0.0,03,31
2.41,0.6784003,1.62,0.32159972,1.0,03,31
1.94,0.69461477,1.92,0.30538523,1.0,03,31
1.57,0.97129065,2.52,0.028709399,1.0,03,31
1.62,0.91273254,2.39,0.0872675,1.0,03,31
2.21,0.64138746,1.72,0.3586125,1.0,03,31
1.69,0.9999999,2.26,7.11355e-08,1.0,03,31
1.8,0.5037757,2.09,0.49622428,0.0,04,01
1.62,0.99644333,2.4,0.0035567214,1.0,04,01
1.45,0.68498063,2.87,0.31501934,1.0,04,01
1.98,0.47216073,1.88,0.5278393,0.0,04,01
1.9,0.9998135,1.96,0.00018657644,1.0,04,01
1.55,0.39321813,2.55,0.6067819,0.0,04,01
2.15,0.25842327,1.75,0.74157673,0.0,04,01
1.67,0.82409483,2.3,0.17590518,1.0,04,01
1.45,0.617016,2.9,0.38298395,0.0,04,02
2.0,0.37136552,1.87,0.6286345,0.0,04,02
1.54,0.6113719,2.58,0.38862807,0.0,04,02
1.56,0.36868933,2.55,0.63131064,0.0,04,02
2.23,0.056362815,1.7,0.9436372,0.0,04,02
1.57,0.96960896,2.51,0.030391062,1.0,04,02
2.52,0.52979946,1.57,0.4702006,1.0,04,02
2.21,0.5781057,1.72,0.42189428,1.0,04,02
1.49,0.80090725,2.72,0.1990928,1.0,04,02
1.57,0.29911873,2.52,0.70088124,0.0,04,02
1.92,0.7999309,1.95,0.20006911,1.0,04,02
1.79,0.35921264,2.11,0.6407874,0.0,04,03
2.19,0.6031188,1.72,0.39688122,1.0,04,03
1.52,0.72548175,2.65,0.2745183,0.0,04,03
1.78,0.3025404,2.1,0.6974596,0.0,04,03
2.29,0.36329442,1.67,0.63670564,0.0,04,03
1.83,0.5925717,2.05,0.40742835,1.0,04,03
1.55,0.392997,2.57,0.60700303,0.0,04,03
1.65,0.44040316,2.32,0.5595969,1.0,04,03
2.79,1.5199102e-08,1.48,1.0,0.0,04,03
1.74,0.9996326,2.16,0.00036744436,1.0,04,03
1.92,0.391817,1.94,0.608183,0.0,04,03
2.93,0.47322536,1.44,0.52677464,1.0,04,03
2.49,0.32164302,1.58,0.67835695,0.0,04,03
1.62,0.86493146,2.41,0.13506852,1.0,04,03
1.96,0.5308784,1.9,0.46912158,1.0,04,04
1.75,0.019038869,2.15,0.98096114,0.0,04,04
2.9,0.006225138,1.45,0.9937749,0.0,04,04
2.23,0.4773906,1.7,0.5226094,1.0,04,04
1.49,0.70314664,2.73,0.29685342,1.0,04,04
1.94,0.4005455,1.92,0.5994545,1.0,04,04
1.82,0.99930453,2.06,0.00069540663,1.0,04,04
2.1,0.5817828,1.78,0.41821712,1.0,04,05
2.16,0.16882038,1.74,0.8311796,0.0,04,05
1.53,0.55930567,2.61,0.44069433,0.0,04,05
2.04,0.5227687,1.83,0.47723126,0.0,04,05
1.62,0.7074763,2.38,0.2925237,1.0,04,05
1.71,0.52632684,2.21,0.4736732,1.0,04,05
2.12,0.62443733,1.77,0.37556267,1.0,04,05
1.69,0.72668195,2.25,0.27331802,1.0,04,05
1.59,0.8035193,2.45,0.19648072,1.0,04,05
1.62,0.7426001,2.4,0.25739995,1.0,04,05
1.77,0.6263941,2.11,0.37360594,1.0,04,06
2.15,0.29861036,1.75,0.7013897,1.0,04,06
1.85,0.6274069,2.01,0.3725931,1.0,04,06
1.64,0.59048,2.35,0.40951997,0.0,04,06
1.94,0.22947387,1.91,0.7705262,0.0,04,06
1.82,0.45245486,2.06,0.54754514,0.0,04,06
1.85,0.7789418,2.01,0.2210582,1.0,04,06
2.15,0.6313503,1.76,0.3686497,1.0,04,06
1.49,0.77328783,2.74,0.22671211,1.0,04,06
2.59,0.0003743148,1.54,0.9996257,0.0,04,06
1.59,0.72674847,2.44,0.2732516,1.0,04,06
1.77,0.4931639,2.13,0.50683606,0.0,04,06
1.56,0.6492172,2.53,0.35078284,0.0,04,06
2.58,0.00040859994,1.54,0.9995914,0.0,04,07
1.74,0.67248005,2.16,0.32751998,1.0,04,07
1.58,0.7757977,2.49,0.2242022,1.0,04,07
1.97,0.65082586,1.89,0.34917414,1.0,04,07
2.16,0.05240009,1.75,0.9475999,0.0,04,07
1.58,0.7696426,2.48,0.23035741,1.0,04,07
1.64,0.6198837,2.34,0.38011628,1.0,04,07
1.86,0.38589537,2.0,0.61410457,0.0,04,07
1.53,0.7728886,2.62,0.22711146,1.0,04,07
1.91,0.7017301,1.95,0.29826996,1.0,04,07
1.82,0.5749729,2.05,0.42502704,1.0,04,07
2.03,0.5094082,1.84,0.49059176,0.0,04,07
1.79,0.80310756,2.08,0.19689238,1.0,04,07
2.17,0.6019794,1.74,0.39802065,0.0,04,07
2.05,0.36542735,1.81,0.6345726,0.0,04,07
2.49,0.39689282,1.58,0.60310715,0.0,04,08
1.74,0.7157436,2.18,0.2842564,1.0,04,08
1.65,0.63466746,2.33,0.36533254,1.0,04,08
2.38,0.32921818,1.63,0.67078185,1.0,04,08
1.68,0.6798048,2.28,0.3201952,1.0,04,08
1.9,0.57157,1.6,0.42843005,1.0,04,08
2.21,0.40118185,1.71,0.5988182,0.0,04,09
1.36,0.6557151,3.27,0.34428486,0.0,04,09
2.48,0.4124281,1.58,0.5875719,0.0,04,09
1.52,0.6191683,2.64,0.3808317,1.0,04,09
2.57,0.065069646,1.55,0.9349303,0.0,04,09
1.69,0.48793456,2.25,0.5120655,0.0,04,09
1.39,0.41390526,3.19,0.5860947,0.0,04,09
2.04,0.5870763,1.84,0.4129237,1.0,04,09
1.95,0.3701373,1.91,0.62986267,0.0,04,09
1.87,0.62157124,2.0,0.37842876,0.0,04,09
1.76,0.57649493,2.14,0.42350507,1.0,04,09
1.93,0.6842757,1.92,0.31572437,1.0,04,09
2.29,0.4419819,1.67,0.5580181,1.0,04,10
2.49,0.41375512,1.58,0.5862449,0.0,04,10
2.16,0.54296434,1.74,0.45703563,0.0,04,10
1.63,0.45307672,2.37,0.5469232,1.0,04,10
2.6,0.2433166,1.54,0.7566834,0.0,04,10
1.61,0.5269393,2.4,0.4730607,0.0,04,10
1.53,0.44519237,2.63,0.5548077,1.0,04,10
1.5,0.63548136,2.7,0.3645186,1.0,04,10
1.96,0.6499109,1.91,0.35008916,1.0,04,10
1.88,0.37906662,1.97,0.6209333,0.0,04,10
1.69,0.6015487,2.26,0.3984513,0.0,04,10
2.2,0.6497969,1.72,0.35020307,1.0,04,10
2.35,0.28247163,1.64,0.7175284,0.0,04,11
1.58,0.49566764,2.47,0.50433236,1.0,04,11
2.19,0.29004595,1.73,0.709954,0.0,04,11
2.36,0.38036773,1.64,0.6196323,0.0,04,11
2.19,0.50973964,1.73,0.49026036,1.0,04,11
1.54,0.74427533,2.6,0.25572464,1.0,04,11
1.76,0.5387659,2.13,0.46123403,0.0,04,11
1.58,0.7386972,2.49,0.2613028,1.0,04,11
1.77,0.8775024,2.49,0.12249759,1.0,04,12
1.49,0.53102124,2.74,0.46897882,0.0,04,12
1.53,0.42646146,2.1,0.57353854,0.0,04,12
2.31,0.46180943,1.66,0.5381906,0.0,04,12
1.38,0.68721867,3.18,0.31278133,1.0,04,12
2.42,0.3837784,1.61,0.6162216,0.0,04,12
1.87,0.45708644,1.99,0.5429136,0.0,04,12
1.85,0.47243154,2.02,0.5275684,0.0,04,12
1.96,0.58951867,1.9,0.41048136,1.0,04,12
1.36,0.62089366,3.33,0.37910634,0.0,04,13
1.6,0.5725918,2.44,0.42740828,1.0,04,13
1.47,0.65653384,2.8,0.34346616,1.0,04,13
1.48,0.7820427,2.75,0.21795735,0.0,04,13
2.77,0.53047234,1.48,0.4695277,1.0,04,13
1.7,0.5422284,2.22,0.4577717,1.0,04,13
1.81,0.5872087,2.07,0.4127913,1.0,04,13
2.39,0.459611,1.61,0.540389,1.0,04,13
2.0,0.27386817,1.87,0.7261318,1.0,04,13
2.35,0.629027,1.64,0.370973,1.0,04,13
1.65,0.56897426,2.25,0.4310257,1.0,04,13
2.04,0.5009876,1.83,0.49901247,0.0,04,13
1.61,0.3703729,2.4,0.62962717,0.0,04,13
2.27,0.46812418,1.69,0.53187585,0.0,04,13
1.38,0.72028553,3.17,0.27971452,1.0,04,14
1.5,0.4760566,2.7,0.5239434,0.0,04,14
2.16,0.46857682,1.74,0.53142315,0.0,04,14
2.31,0.38903257,1.66,0.6109674,0.0,04,14
1.55,0.5409929,2.57,0.45900708,0.0,04,14
1.41,0.73560685,3.04,0.26439315,1.0,04,14
2.19,0.6057151,1.72,0.39428484,1.0,04,14
2.28,0.65660644,1.67,0.3433936,1.0,04,14
2.06,0.15309335,1.82,0.84690666,0.0,04,14
1.96,0.3254878,1.9,0.67451227,0.0,04,14
1.88,0.57353413,1.98,0.42646584,1.0,04,14
1.67,0.5956419,2.29,0.4043581,1.0,04,14
2.7,0.49099123,1.51,0.50900877,0.0,04,14
2.38,0.51397926,1.62,0.48602074,1.0,04,14
1.38,0.59088326,3.23,0.40911666,0.0,04,15
1.85,0.46846983,2.02,0.53153026,0.0,04,15
2.17,0.48212495,1.74,0.517875,0.0,04,15
1.73,0.62076324,2.18,0.37923673,1.0,04,15
1.78,0.5132146,2.11,0.48678547,0.0,04,15
1.92,0.5384725,1.94,0.46152753,1.0,04,16
1.93,0.5349288,1.93,0.46507123,0.0,04,16
1.84,0.50358576,2.02,0.49641427,1.0,04,16
1.56,0.55252004,2.56,0.44748002,0.0,04,16
2.2,0.48219085,1.73,0.51780915,0.0,04,16
1.4,0.5536088,3.11,0.44639122,1.0,04,16
1.71,0.6803435,2.2,0.31965655,0.0,04,16
1.82,0.60844916,2.06,0.3915508,1.0,04,16
1.65,0.56164104,2.32,0.43835896,0.0,04,16
2.07,0.80972016,1.8,0.19027984,1.0,04,16
1.84,0.5197524,2.02,0.4802476,1.0,04,16
1.61,0.40256095,2.41,0.59743905,0.0,04,16
1.54,0.7789201,2.6,0.22107989,1.0,04,16
1.98,0.5023025,1.88,0.4976975,0.0,04,16
1.88,0.50647503,1.98,0.493525,1.0,04,17
1.74,0.54536515,2.17,0.4546349,0.0,04,17
1.84,0.31183904,2.02,0.68816096,0.0,04,17
1.56,0.81227607,2.53,0.18772393,1.0,04,17
1.84,0.622477,2.03,0.37752303,1.0,04,17
1.96,0.45792723,1.9,0.5420727,0.0,04,17
2.13,0.45790103,1.76,0.542099,0.0,04,17
1.67,0.5660274,2.31,0.43397254,1.0,04,17
2.42,0.44948786,1.61,0.55051214,0.0,04,17
1.39,0.5304116,3.14,0.4695884,1.0,04,17
1.57,0.6438387,2.52,0.35616133,0.0,04,17
1.6,0.6447712,2.43,0.3552287,1.0,04,17
1.83,0.8329599,2.03,0.16704011,1.0,04,17
2.32,0.70459116,1.65,0.29540882,1.0,04,17
1.58,0.56897074,2.48,0.4310293,0.0,04,18
1.5,0.6183444,2.71,0.38165557,1.0,04,18
1.91,0.507955,1.94,0.49204502,1.0,04,18
1.55,0.5268894,2.57,0.47311062,0.0,04,18
1.48,0.550225,2.77,0.44977498,0.0,04,18
1.38,0.48352215,3.18,0.5164778,0.0,04,18
1.58,0.6485365,2.48,0.35146356,1.0,04,19
1.59,0.5982944,2.47,0.40170562,1.0,04,19
1.95,0.62772435,1.93,0.37227568,1.0,04,19
1.9,0.42174128,1.96,0.57825875,0.0,04,19
2.06,0.40285483,1.78,0.59714514,1.0,04,19
1.93,0.5316984,1.94,0.46830156,0.0,04,19
1.98,0.50130355,1.89,0.49869645,0.0,04,19
1.84,0.57470644,2.03,0.4252936,1.0,04,19
1.84,0.56295854,2.02,0.4370415,0.0,04,19
1.6,0.5187428,2.44,0.4812572,0.0,04,19
1.39,0.6506906,3.17,0.34930936,1.0,04,20
1.65,0.5833059,2.33,0.4166942,1.0,04,20
1.75,0.54530615,2.16,0.45469388,0.0,04,20
2.67,0.32102817,1.53,0.67897177,0.0,04,20
1.73,0.6972655,2.18,0.30273452,1.0,04,20
1.74,0.562458,2.17,0.43754202,0.0,04,20
1.7,0.69840616,2.22,0.30159384,1.0,04,20
3.06,0.38036448,1.42,0.6196355,1.0,04,20
1.72,0.56186014,2.21,0.43813983,0.0,04,20
1.99,0.57105243,1.87,0.4289476,1.0,04,20
1.7,0.69192785,2.22,0.30807215,0.0,04,20
2.67,0.3944211,1.53,0.60557884,0.0,04,20
2.92,0.5764518,1.44,0.4235482,1.0,04,20
1.71,0.44170728,2.24,0.5582927,0.0,04,20
1.79,0.43654704,2.11,0.5634529,0.0,04,20
1.83,0.53345656,2.03,0.46654338,0.0,04,20
2.32,0.34356737,1.66,0.6564326,0.0,04,21
1.46,0.65079254,2.82,0.3492074,1.0,04,21
1.87,0.4923459,1.99,0.50765413,1.0,04,21
2.41,0.3410413,1.61,0.6589587,0.0,04,21
1.67,0.58324784,2.28,0.4167522,0.0,04,21
2.14,0.52169615,1.76,0.47830382,0.0,04,21
1.87,0.4844883,1.99,0.51551175,0.0,04,21
2.19,0.47757563,1.73,0.52242434,1.0,04,21
1.91,0.5597763,1.94,0.44022375,1.0,04,21
3.17,0.563572,1.39,0.43642804,1.0,04,21
2.18,0.51170444,1.75,0.48829564,1.0,04,21
1.82,0.5608631,2.05,0.4391369,1.0,04,21
1.67,0.5443264,2.3,0.45567355,0.0,04,21
1.92,0.53852725,1.94,0.4614727,1.0,04,21
1.9,0.6180919,1.96,0.38190815,0.0,04,21
1.88,0.4378257,1.98,0.5621743,1.0,04,22
2.11,0.3789289,1.77,0.62107116,0.0,04,22
1.74,0.5053084,2.18,0.49469164,0.0,04,22
1.56,0.5919463,2.55,0.40805376,1.0,04,22
1.65,0.65948075,2.33,0.34051925,1.0,04,22
1.47,0.66497606,2.8,0.33502388,0.0,04,23
1.42,0.6171456,3.03,0.3828544,0.0,04,23
2.0,0.6012319,1.87,0.39876813,1.0,04,23
2.16,0.40392968,1.75,0.59607035,1.0,04,23
1.9,0.4779666,1.97,0.5220334,0.0,04,23
1.89,0.51369303,1.97,0.48630697,0.0,04,23
1.47,0.59853023,2.8,0.40146977,0.0,04,23
1.79,0.508268,2.11,0.491732,1.0,04,23
1.52,0.6123264,2.67,0.38767365,1.0,04,23
1.84,0.6118942,2.04,0.38810584,1.0,04,23
1.6,0.6254244,2.46,0.3745756,1.0,04,23
1.8,0.3069922,2.08,0.6930078,0.0,04,23
1.86,0.5450451,2.01,0.45495492,0.0,04,23
1.68,0.6710448,2.28,0.3289551,1.0,04,23
1.62,0.58955115,2.4,0.41044888,1.0,04,24
1.43,0.57626444,2.96,0.4237356,0.0,04,24
1.74,0.56108105,2.15,0.43891898,1.0,04,24
2.33,0.4676718,1.61,0.5323282,1.0,04,24
1.65,0.6896452,2.33,0.31035483,1.0,04,24
1.73,0.39872518,2.2,0.60127485,1.0,04,24
2.05,0.5526074,1.82,0.44739255,0.0,04,24
1.98,0.5626012,1.89,0.43739876,0.0,04,24
2.16,0.44164163,1.74,0.5583583,0.0,04,24
1.8,0.41110504,2.08,0.5888949,1.0,04,24
1.87,0.42265555,1.99,0.5773444,0.0,04,24
1.46,0.64553165,2.86,0.35446832,1.0,04,24
1.89,0.5836591,1.97,0.4163409,1.0,04,24
1.67,0.6857228,2.3,0.31427717,1.0,04,24
1.94,0.5232601,1.92,0.47673985,0.0,04,24
1.89,0.43435994,1.96,0.5656401,0.0,04,25
2.02,0.52803767,1.84,0.47196236,0.0,04,25
1.7,0.5894126,2.22,0.41058734,1.0,04,25
1.5,0.5725983,2.7,0.42740175,0.0,04,25
1.43,0.6430063,2.95,0.35699362,1.0,04,25
2.01,0.52962655,1.85,0.4703734,1.0,04,25
1.55,0.5851959,2.55,0.4148041,1.0,04,26
1.47,0.44850108,2.8,0.55149895,0.0,04,26
1.79,0.5001179,2.09,0.4998821,1.0,04,26
1.59,0.4474229,2.46,0.552577,0.0,04,26
1.63,0.5146814,2.36,0.48531857,0.0,04,26
1.63,0.59378386,2.35,0.4062162,0.0,04,26
1.67,0.50712013,2.28,0.49287984,1.0,04,26
1.51,0.5026294,2.68,0.4973706,1.0,04,27
1.67,0.59709066,2.28,0.40290928,1.0,04,27
1.93,0.4652336,1.92,0.53476644,1.0,04,27
1.75,0.50911635,2.14,0.49088362,0.0,04,27
1.77,0.6207302,2.11,0.37926975,1.0,04,27
1.99,0.4333712,1.87,0.5666288,0.0,04,27
1.59,0.44681832,2.46,0.55318165,0.0,04,27
1.51,0.6034913,2.68,0.39650872,1.0,04,27
1.75,0.44811574,2.15,0.5518843,0.0,04,27
1.95,0.57381475,1.9,0.4261853,1.0,04,27
1.82,0.47885188,2.06,0.5211481,0.0,04,27
1.92,0.4715939,1.93,0.52840614,0.0,04,27
1.54,0.60887843,2.58,0.3911216,1.0,04,27
1.71,0.40156916,2.21,0.5984309,0.0,04,27
1.72,0.5130108,2.19,0.48698923,0.0,04,28
1.58,0.5871056,2.48,0.41289437,1.0,04,28
2.04,0.4347058,1.83,0.5652942,1.0,04,28
1.8,0.45664316,2.07,0.5433568,1.0,04,28
1.59,0.5098083,2.45,0.4901917,1.0,04,28
2.06,0.42565107,1.81,0.57434887,1.0,04,28
2.03,0.48736343,1.83,0.5126366,1.0,04,28
1.46,0.47121465,2.84,0.5287854,1.0,04,28
1.95,0.5355214,1.9,0.4644786,0.0,04,28
1.69,0.6173895,2.24,0.3826105,1.0,04,28
2.12,0.4446471,1.77,0.5553529,0.0,04,28
1.89,0.45622823,1.96,0.54377174,0.0,04,28
1.47,0.5778291,2.82,0.4221709,1.0,04,28
1.92,0.47253072,1.94,0.5274693,0.0,04,28
1.91,0.587698,1.94,0.41230205,1.0,04,28
1.71,0.540513,2.22,0.45948705,1.0,04,29
1.75,0.52040654,2.14,0.47959346,0.0,04,29
1.67,0.5327613,2.32,0.4672387,0.0,04,29
1.64,0.47638345,2.35,0.52361655,1.0,04,29
1.9,0.5049539,1.96,0.49504605,1.0,04,29
2.47,0.4416026,1.58,0.5583974,1.0,04,29
1.49,0.5784788,2.71,0.4215212,0.0,04,30
1.96,0.48081228,1.91,0.51918775,0.0,04,30
1.6,0.51686627,2.44,0.4831337,1.0,04,30
2.7,0.3653345,1.5,0.63466555,0.0,04,30
1.91,0.49294883,1.97,0.50705117,1.0,04,30
1.86,0.42843556,2.01,0.57156444,0.0,04,30
1.94,0.4937917,1.92,0.5062083,1.0,04,30
2.38,0.4259064,1.62,0.5740936,0.0,04,30
2.34,0.4299853,1.64,0.57001466,0.0,04,30
1.71,0.5244472,2.2,0.4755528,1.0,05,01
2.21,0.4418736,1.72,0.55812645,1.0,05,01
1.91,0.50813276,1.94,0.4918672,0.0,05,01
1.73,0.36758617,2.2,0.63241386,1.0,05,01
1.58,0.029234113,2.45,0.9707658,0.0,05,01
2.21,0.3908293,1.72,0.60917073,1.0,05,01
2.15,0.4422458,1.74,0.55775416,0.0,05,01
1.52,0.6101181,2.62,0.38988185,0.0,05,01
1.39,0.7440944,3.11,0.25590566,1.0,05,01
1.69,0.5442489,2.24,0.45575118,0.0,05,01
2.09,0.41468915,1.79,0.5853109,1.0,05,01
1.69,0.54638904,2.23,0.45361093,1.0,05,01
1.69,0.5332178,2.25,0.46678224,0.0,05,01
1.58,0.31953374,2.45,0.6804663,1.0,05,01
2.25,0.4861595,1.69,0.51384056,1.0,05,01
1.68,0.5463582,2.26,0.45364183,1.0,05,01
1.68,0.45322558,2.29,0.5467744,0.0,05,02
1.54,0.6030689,2.58,0.3969311,1.0,05,02
2.24,0.48244187,1.69,0.5175581,1.0,05,02
1.86,0.5075523,2.01,0.49244767,0.0,05,02
2.44,0.3790748,1.59,0.6209252,0.0,05,02
1.67,0.5771697,2.32,0.42283028,1.0,05,02
1.87,0.5269441,2.0,0.4730559,1.0,05,02
1.93,0.6016798,1.92,0.3983202,1.0,05,03
2.98,0.23422317,1.43,0.7657768,0.0,05,03
1.65,0.57927483,2.33,0.42072517,1.0,05,03
1.58,0.57637465,2.5,0.42362535,1.0,05,03
1.82,0.39137065,2.06,0.60862935,0.0,05,03
1.67,0.628817,2.29,0.37118295,0.0,05,03
1.65,0.52225554,2.33,0.4777445,1.0,05,03
1.67,0.62791765,2.29,0.37208238,1.0,05,03
2.39,0.310185,1.62,0.6898151,0.0,05,03
2.65,0.29992527,1.51,0.70007473,0.0,05,03
1.83,0.49345788,2.04,0.50654215,0.0,05,04
1.82,0.62306184,2.05,0.3769382,1.0,05,04
1.5,0.55393773,2.72,0.44606233,1.0,05,04
1.9,0.5520445,1.96,0.44795543,0.0,05,04
2.36,0.37738007,1.63,0.6226199,0.0,05,04
2.52,0.3283144,1.57,0.6716856,1.0,05,04
1.85,0.501538,2.04,0.49846202,0.0,05,04
1.94,0.53190476,1.92,0.4680952,1.0,05,04
2.29,0.47555614,1.68,0.52444386,0.0,05,04
2.58,0.38430476,1.54,0.6156952,0.0,05,04
1.75,0.6068006,2.16,0.39319938,1.0,05,04
1.78,0.5214349,2.11,0.47856513,1.0,05,04
1.7,0.6066753,2.24,0.39332464,1.0,05,04
1.92,0.45831254,1.94,0.5416875,0.0,05,04
2.33,0.38458347,1.65,0.61541647,0.0,05,04
1.82,0.5796038,2.05,0.42039624,1.0,05,05
1.71,0.4646699,2.22,0.5353301,0.0,05,05
2.03,0.4002704,1.84,0.59972954,0.0,05,05
2.02,0.5129778,1.84,0.48702216,1.0,05,05
1.57,0.5814559,2.5,0.41854417,1.0,05,05
2.32,0.43111476,1.66,0.5688852,0.0,05,05
1.58,0.5737568,2.48,0.4262432,1.0,05,05
1.79,0.5967428,2.09,0.4032572,1.0,05,05
1.73,0.46496361,2.18,0.5350364,1.0,05,05
2.88,0.4737569,1.45,0.5262431,0.0,05,05
1.72,0.5715422,2.18,0.4284578,1.0,05,05
1.55,0.6161502,2.58,0.38384977,0.0,05,05
1.93,0.4719309,1.94,0.5280692,1.0,05,05
1.81,0.6583579,2.07,0.3416421,1.0,05,05
1.67,0.63726664,2.29,0.36273333,1.0,05,06
1.41,0.66143197,3.13,0.3385681,0.0,05,06
1.69,0.4995091,2.26,0.50049096,1.0,05,06
2.46,0.4193458,1.59,0.5806542,1.0,05,06
1.89,0.40938735,1.98,0.59061265,0.0,05,06
1.45,0.48209643,2.86,0.5179036,1.0,05,06
1.91,0.52438504,1.95,0.47561502,1.0,05,06
1.72,0.59855455,2.21,0.40144548,0.0,05,07
1.64,0.47017503,2.35,0.52982503,1.0,05,07
2.8,0.39113757,1.47,0.6088624,0.0,05,07
1.66,0.6357972,2.3,0.36420274,1.0,05,07
2.25,0.42120513,1.69,0.57879496,0.0,05,07
2.17,0.5475552,1.74,0.45244482,0.0,05,07
1.57,0.45057932,2.51,0.54942065,1.0,05,07
1.82,0.42011818,2.08,0.5798818,1.0,05,07
1.8,0.48285735,2.08,0.51714265,0.0,05,07
1.39,0.65785295,3.18,0.34214708,1.0,05,07
1.35,0.7197787,3.38,0.28022122,0.0,05,07
1.63,0.6529102,2.38,0.34708986,1.0,05,07
2.01,0.3097632,1.86,0.6902368,0.0,05,07
1.81,0.59962416,2.07,0.40037584,0.0,05,08
1.49,0.47418126,2.74,0.5258187,1.0,05,08
1.64,0.4523,2.35,0.5477,0.0,05,08
1.64,0.65268725,2.35,0.3473128,0.0,05,08
2.37,0.4449374,1.63,0.5550626,1.0,05,08
1.49,0.6372648,2.75,0.36273524,1.0,05,08
1.81,0.36318073,2.08,0.6368193,0.0,05,08
3.39,0.3610415,1.35,0.6389585,0.0,05,08
2.15,0.49388167,1.75,0.5061183,0.0,05,08
1.85,0.60317636,2.02,0.39682356,1.0,05,08
1.57,0.68399155,2.5,0.31600845,1.0,05,08
1.41,0.7360315,3.07,0.26396856,1.0,05,08
1.8,0.66513836,2.08,0.33486167,1.0,05,08
1.72,0.6771332,2.21,0.32286677,1.0,05,08
1.41,0.67916065,3.07,0.32083938,1.0,05,09
2.51,0.5423087,1.58,0.45769122,0.0,05,09
1.48,0.66337335,2.76,0.33662662,1.0,05,09
1.6,0.6092633,2.44,0.39073667,1.0,05,09
1.8,0.63560116,2.09,0.3643989,0.0,05,09
1.71,0.5307682,2.23,0.46923175,1.0,05,09
1.66,0.63277566,2.3,0.36722437,1.0,05,09
1.81,0.4730548,2.06,0.5269452,0.0,05,10
2.56,0.48252246,1.55,0.51747763,0.0,05,10
1.75,0.5948502,2.16,0.40514976,1.0,05,10
1.48,0.5901551,2.79,0.40984485,1.0,05,10
1.52,0.5964873,2.65,0.40351275,1.0,05,10
1.59,0.3747893,2.47,0.6252107,0.0,05,10
1.52,0.79073507,2.65,0.20926492,1.0,05,10
1.9,0.38047457,1.96,0.6195255,0.0,05,10
1.62,0.5763948,2.39,0.42360517,1.0,05,10
1.56,0.5675886,2.55,0.43241137,1.0,05,11
1.45,0.6372597,2.88,0.3627403,0.0,05,11
1.62,0.66476464,2.41,0.3352354,0.0,05,11
1.8,0.6065828,2.08,0.39341718,1.0,05,11
1.62,0.57221776,2.39,0.42778227,0.0,05,11
2.12,0.46067122,1.77,0.53932875,0.0,05,11
1.72,0.5661842,2.24,0.4338158,1.0,05,11
1.69,0.4232577,2.25,0.5767423,1.0,05,11
1.35,0.64076,3.49,0.35924006,1.0,05,11
2.26,0.54048544,1.68,0.4595145,0.0,05,11
1.75,0.3662299,2.15,0.6337701,0.0,05,11
1.57,0.4120177,2.52,0.5879823,0.0,05,11
1.36,0.78963727,3.33,0.21036276,1.0,05,11
1.45,0.6699654,2.88,0.33003458,1.0,05,11
2.28,0.5422907,1.67,0.45770925,0.0,05,11
1.51,0.53900754,2.7,0.46099246,0.0,05,11
2.39,0.48350507,1.62,0.51649487,1.0,05,12
1.73,0.48610857,2.17,0.5138914,1.0,05,12
1.85,0.54771435,2.01,0.4522857,0.0,05,12
1.53,0.46933195,2.62,0.5306681,0.0,05,12
1.33,0.7521722,3.51,0.24782777,1.0,05,12
1.48,0.6583922,2.78,0.34160784,0.0,05,12
1.93,0.58002335,1.93,0.41997665,0.0,05,12
1.59,0.6266797,2.47,0.37332028,0.0,05,12
1.74,0.46270952,2.16,0.53729045,1.0,05,12
2.15,0.6167721,1.76,0.38322783,1.0,05,12
1.82,0.58866274,2.05,0.41133726,0.0,05,12
2.07,0.42604968,1.81,0.57395035,0.0,05,12
1.74,0.6372913,2.17,0.36270866,1.0,05,12
1.83,0.5757665,2.04,0.4242335,1.0,05,12
1.68,0.70547163,2.27,0.29452834,1.0,05,13
2.45,0.4622399,1.6,0.5377601,0.0,05,13
1.78,0.6494741,2.11,0.35052592,0.0,05,13
2.38,0.36188942,1.63,0.6381106,0.0,05,14
1.94,0.54907924,1.92,0.45092076,0.0,05,14
1.97,0.63437766,1.89,0.3656223,0.0,05,14
2.2,0.4258684,1.75,0.5741316,0.0,05,14
1.42,0.59129024,3.09,0.40870976,0.0,05,14
2.9,0.41512102,1.45,0.584879,0.0,05,14
2.24,0.3113913,1.7,0.6886087,0.0,05,14
2.04,0.5803652,1.85,0.41963476,0.0,05,14
1.76,0.65152264,2.14,0.34847736,1.0,05,14
1.57,0.50313157,2.51,0.4968685,0.0,05,14
1.85,0.48038763,2.02,0.5196124,1.0,05,14
1.74,0.66534,2.16,0.33466005,1.0,05,15
1.37,0.6774111,3.24,0.32258886,1.0,05,15
1.63,0.55775666,2.37,0.44224328,1.0,05,15
1.79,0.5451317,2.1,0.45486838,1.0,05,15
1.37,0.65935344,3.24,0.3406466,1.0,05,15
1.71,0.6429781,2.21,0.35702196,1.0,05,15
1.81,0.62598944,2.06,0.37401056,0.0,05,15
1.67,0.5830747,2.33,0.4169253,1.0,05,15
1.68,0.5296465,2.27,0.4703535,1.0,05,15
4.04,0.41765434,1.27,0.58234566,0.0,05,15
2.53,0.37325722,1.56,0.6267427,0.0,05,15
1.76,0.6111961,2.14,0.38880387,1.0,05,15
1.75,0.48994362,2.18,0.5100563,0.0,05,15
1.63,0.5989779,2.36,0.4010221,1.0,05,15
1.81,0.61268646,2.06,0.38731346,0.0,05,16
2.13,0.4745429,1.76,0.52545714,1.0,05,16
2.33,0.55830854,1.65,0.44169152,0.0,05,16
2.05,0.58759606,1.82,0.41240394,0.0,05,16
1.31,0.6706364,3.79,0.32936358,1.0,05,16
1.69,0.6504829,2.25,0.34951705,1.0,05,16
1.86,0.6170495,2.0,0.38295045,1.0,05,16
1.93,0.5612743,1.94,0.4387257,1.0,05,17
1.82,0.5750509,2.07,0.4249491,1.0,05,17
1.63,0.5349661,2.38,0.4650339,0.0,05,17
2.19,0.50699764,1.73,0.4930023,0.0,05,17
2.25,0.5166603,1.69,0.48333976,0.0,05,17
1.58,0.5614105,2.5,0.43858957,0.0,05,17
2.63,0.53558487,1.53,0.46441513,0.0,05,17
2.88,0.3583774,1.46,0.6416226,1.0,05,17
1.77,0.5804611,2.12,0.41953892,1.0,05,17
2.03,0.504112,1.84,0.495888,0.0,05,17
1.68,0.4496773,2.27,0.5503227,0.0,05,17
1.95,0.45349592,1.91,0.5465041,0.0,05,17
2.0,0.46467662,1.87,0.5353234,0.0,05,18
1.63,0.53455746,2.36,0.46544257,1.0,05,18
2.04,0.59770006,1.83,0.40229994,0.0,05,18
1.57,0.61109614,2.52,0.38890383,1.0,05,18
2.44,0.50879645,1.6,0.4912035,1.0,05,18
1.65,0.5723463,2.33,0.42765367,1.0,05,18
2.02,0.5531413,1.84,0.44685867,0.0,05,18
2.11,0.43808764,1.78,0.5619124,1.0,05,18
1.83,0.56436414,2.06,0.4356359,1.0,05,18
1.97,0.5774109,1.89,0.42258915,0.0,05,18
1.76,0.5475297,2.17,0.45247033,1.0,05,18
1.66,0.4365631,2.32,0.56343687,0.0,05,18
1.53,0.6411053,2.62,0.3588947,1.0,05,18
1.97,0.46872962,1.92,0.5312704,0.0,05,18
2.14,0.4213965,1.75,0.57860345,0.0,05,18
1.53,0.6537817,2.63,0.3462183,1.0,05,19
1.88,0.48651317,1.99,0.5134868,1.0,05,19
1.84,0.5488476,2.02,0.4511524,1.0,05,19
2.5,0.49716336,1.58,0.50283664,0.0,05,19
1.42,0.60555726,3.04,0.39444277,1.0,05,19
2.74,0.4151669,1.49,0.5848331,1.0,05,19
2.2,0.52098846,1.72,0.4790116,0.0,05,19
1.88,0.48393872,1.98,0.51606125,0.0,05,19
2.46,0.60287297,1.59,0.3971271,1.0,05,19
1.49,0.5179862,2.75,0.48201385,0.0,05,19
1.58,0.5858599,2.47,0.41414008,0.0,05,19
1.87,0.4455469,2.0,0.5544531,0.0,05,19
1.84,0.46470547,2.04,0.53529453,1.0,05,19
2.29,0.47027028,1.67,0.5297297,0.0,05,19
2.91,0.41582698,1.44,0.584173,0.0,05,20
1.55,0.6545837,2.57,0.34541634,0.0,05,20
2.64,0.30509698,1.52,0.694903,0.0,05,20
2.29,0.45092583,1.68,0.5490742,1.0,05,20
1.81,0.57397157,2.07,0.42602846,0.0,05,20
1.68,0.62998855,2.27,0.37001148,1.0,05,20
1.4,0.707063,3.1,0.29293692,1.0,05,20
2.26,0.42211032,1.69,0.5778897,0.0,05,20
1.74,0.46714604,2.18,0.53285396,0.0,05,20
1.71,0.4750524,2.22,0.5249476,1.0,05,20
1.82,0.63369995,2.06,0.36630008,0.0,05,21
1.75,0.6106804,2.16,0.38931963,1.0,05,21
2.04,0.4227331,1.83,0.577267,0.0,05,21
3.17,0.3642664,1.39,0.6357336,0.0,05,21
2.27,0.46950063,1.68,0.5304994,1.0,05,21
1.9,0.53881615,1.96,0.46118385,0.0,05,21
1.72,0.53883016,2.21,0.4611698,1.0,05,21
2.23,0.46371138,1.7,0.5362887,0.0,05,21
1.77,0.6221556,2.13,0.3778444,0.0,05,21
1.84,0.60162485,2.03,0.39837515,1.0,05,21
1.29,0.7330587,3.85,0.26694134,1.0,05,21
2.06,0.44686738,1.83,0.5531326,1.0,05,21
1.88,0.52459043,1.98,0.4754096,0.0,05,21
1.93,0.42798033,1.94,0.5720197,1.0,05,21
2.07,0.5771563,1.81,0.42284364,0.0,05,22
1.95,0.62340575,1.91,0.37659428,1.0,05,22
1.54,0.59639776,2.55,0.40360227,0.0,05,22
2.11,0.5171249,1.77,0.48287505,1.0,05,22
1.72,0.4593619,2.2,0.5406381,1.0,05,22
3.07,0.38343653,1.4,0.6165635,0.0,05,22
1.97,0.44647616,1.89,0.55352384,0.0,05,22
2.29,0.46002364,1.67,0.53997636,0.0,05,22
1.85,0.5230564,2.03,0.47694355,0.0,05,22
2.06,0.51359487,1.81,0.48640507,1.0,05,22
2.06,0.5000255,1.81,0.49997446,1.0,05,22
1.54,0.6583259,2.55,0.3416741,1.0,05,22
1.61,0.6063681,2.42,0.39363188,1.0,05,22
1.29,0.68080926,3.88,0.3191908,0.0,05,22
2.36,0.44002524,1.64,0.5599748,0.0,05,22
2.51,0.45947206,1.57,0.54052794,1.0,05,23
2.71,0.38329834,1.5,0.61670166,0.0,05,23
1.77,0.49433014,2.13,0.5056699,1.0,05,23
2.16,0.45022923,1.74,0.5497708,0.0,05,23
1.66,0.5310057,2.31,0.46899435,0.0,05,23
2.11,0.54189473,1.78,0.45810527,0.0,05,23
2.02,0.48034957,1.85,0.51965046,0.0,05,23
2.18,0.5143229,1.73,0.48567715,0.0,05,23
2.13,0.47422153,1.77,0.52577853,0.0,05,23
1.53,0.58343416,2.62,0.41656584,0.0,05,23
1.53,0.63014287,2.61,0.3698571,0.0,05,24
2.7,0.46271756,1.51,0.53728235,0.0,05,24
1.64,0.5502,2.36,0.44979993,1.0,05,24
2.07,0.47011095,1.81,0.52988905,0.0,05,24
2.12,0.48053962,1.77,0.5194603,1.0,05,24
1.35,0.6069936,3.38,0.3930064,0.0,05,24
2.26,0.5472339,1.7,0.45276615,1.0,05,24
1.67,0.57299244,2.29,0.42700756,0.0,05,24
1.48,0.5771674,2.78,0.4228326,1.0,05,24
1.71,0.5670249,2.23,0.43297508,0.0,05,24
1.63,0.5490333,2.37,0.45096675,1.0,05,24
1.63,0.5795245,2.36,0.42047548,1.0,05,24
1.64,0.6164025,2.35,0.38359755,0.0,05,24
2.16,0.41741842,1.74,0.5825816,0.0,05,24
1.45,0.57947344,2.89,0.42052662,1.0,05,25
2.17,0.43095958,1.73,0.5690404,0.0,05,25
1.68,0.6098172,2.27,0.3901828,1.0,05,25
1.95,0.44987717,1.91,0.55012286,0.0,05,25
1.83,0.43147296,2.04,0.568527,0.0,05,25
1.42,0.57164234,3.0,0.42835766,1.0,05,25
1.8,0.55160147,2.07,0.44839862,1.0,05,25
1.78,0.49319214,2.1,0.50680786,0.0,05,25
1.74,0.5842362,2.16,0.41576377,0.0,05,25
1.55,0.6176502,2.56,0.38234976,1.0,05,25
1.74,0.5719788,2.19,0.42802122,1.0,05,25
2.63,0.46190023,1.53,0.53809977,0.0,05,25
1.98,0.52882856,1.9,0.47117138,1.0,05,25
2.17,0.44889492,1.73,0.551105,0.0,05,25
1.55,0.5640855,2.59,0.43591452,0.0,05,25
1.87,0.59321076,2.01,0.40678927,1.0,05,25
1.86,0.47631386,2.0,0.5236861,1.0,05,26
1.91,0.5150117,1.95,0.48498824,0.0,05,26
1.57,0.58600754,2.52,0.4139925,1.0,05,26
2.41,0.47373974,1.61,0.5262602,0.0,05,26
1.73,0.5196955,2.19,0.48030448,1.0,05,26
1.59,0.59194547,2.46,0.40805462,0.0,05,26
1.62,0.5896021,2.39,0.41039792,1.0,05,26
1.4,0.5846868,3.13,0.41531315,1.0,05,26
2.41,0.46630573,1.61,0.53369427,1.0,05,26
1.6,0.581048,2.43,0.41895202,0.0,05,26
1.28,0.6032608,3.86,0.39673924,1.0,05,26
1.96,0.40971118,1.9,0.59028876,0.0,05,26
1.58,0.63480705,2.48,0.3651929,1.0,05,26
1.72,0.54876804,2.2,0.45123196,1.0,05,26
1.7,0.5337511,2.23,0.4662489,0.0,05,26
1.32,0.55455434,3.6,0.44544572,0.0,05,27
1.91,0.46482462,1.95,0.5351753,1.0,05,27
1.79,0.5235861,2.09,0.47641397,1.0,05,27
1.47,0.56025213,2.8,0.43974784,0.0,05,27
1.55,0.51674014,2.59,0.48325986,1.0,05,27
1.57,0.6284388,2.52,0.37156123,1.0,05,27
1.9,0.4432397,1.95,0.5567604,1.0,05,27
1.54,0.5867573,2.59,0.4132427,1.0,05,27
1.65,0.59998596,2.34,0.40001407,1.0,05,27
1.47,0.5327247,2.8,0.46727532,1.0,05,27
2.0,0.5160331,1.87,0.48396692,0.0,05,27
1.54,0.6077579,2.59,0.39224204,1.0,05,27
1.8,0.4925993,2.09,0.50740063,1.0,05,27
1.54,0.55305886,2.61,0.44694117,0.0,05,28
1.89,0.5083104,1.98,0.49168956,1.0,05,28
1.93,0.4139055,1.93,0.5860945,0.0,05,28
1.79,0.5739782,2.12,0.4260218,1.0,05,28
1.52,0.5649088,2.67,0.43509123,0.0,05,28
1.92,0.4769589,1.94,0.52304107,1.0,05,28
1.5,0.52967894,2.72,0.47032103,1.0,05,28
1.83,0.50060743,2.05,0.4993926,0.0,05,28
1.6,0.5114778,2.44,0.4885222,1.0,05,28
1.85,0.5823625,2.02,0.41763744,1.0,05,28
1.99,0.5093723,1.87,0.49062768,1.0,05,28
1.78,0.46824405,2.12,0.531756,1.0,05,28
1.66,0.5335097,2.31,0.4664904,0.0,05,28
1.59,0.5622017,2.47,0.43779832,0.0,05,28
1.5,0.6143372,2.71,0.3856628,0.0,05,28
1.68,0.5022488,2.27,0.49775118,0.0,05,29
1.72,0.5461102,2.21,0.45388973,1.0,05,29
1.72,0.52738136,2.19,0.47261858,0.0,05,29
1.73,0.5307588,2.18,0.46924117,0.0,05,29
1.9,0.48846182,1.95,0.5115382,0.0,05,29
1.74,0.4494771,2.16,0.55052286,0.0,05,29
1.6,0.59520173,2.44,0.40479827,1.0,05,29
2.05,0.44021803,1.82,0.55978197,1.0,05,29
1.37,0.5240452,3.28,0.4759548,1.0,05,29
1.6,0.5261205,2.44,0.47387952,0.0,05,29
1.96,0.549874,1.9,0.45012605,0.0,05,29
1.88,0.48702088,1.98,0.51297903,1.0,05,29
1.97,0.44584578,1.9,0.5541543,1.0,05,29
1.51,0.63745797,2.67,0.36254203,1.0,05,29
1.91,0.552928,1.94,0.44707203,0.0,05,30
1.94,0.44872552,1.92,0.5512745,0.0,05,30
1.81,0.47341928,2.06,0.52658075,1.0,05,30
2.08,0.44896245,1.8,0.55103755,0.0,05,30
1.65,0.4598984,2.34,0.54010165,1.0,05,30
1.6,0.5865517,2.44,0.41344833,0.0,05,30
2.69,0.41918412,1.51,0.5808159,1.0,05,30
1.38,0.62740535,3.2,0.37259465,1.0,05,30
1.75,0.47616675,2.16,0.5238333,0.0,05,30
2.02,0.44294256,1.85,0.5570574,1.0,05,31
2.27,0.47639856,1.68,0.5236015,1.0,05,31
2.21,0.4495767,1.72,0.5504233,1.0,05,31
2.03,0.5069067,1.84,0.49309328,1.0,05,31
1.76,0.40353546,2.14,0.5964645,0.0,05,31
1.51,0.5119343,2.68,0.48806578,0.0,05,31
1.88,0.56626046,1.99,0.43373954,1.0,05,31
2.38,0.41740668,1.63,0.58259326,1.0,05,31
1.77,0.5547636,2.12,0.4452364,1.0,05,31
1.38,0.511468,3.28,0.48853195,1.0,05,31
1.98,0.44111824,1.87,0.5588818,0.0,05,31
2.13,0.50598115,1.77,0.4940188,0.0,05,31
1.63,0.57455903,2.38,0.425441,1.0,05,31
1.55,0.5123937,2.56,0.4876062,1.0,05,31
2.1,0.4880198,1.79,0.51198024,1.0,05,31
1.84,0.3919675,2.03,0.60803246,0.0,06,01
1.94,0.42368776,1.92,0.57631224,0.0,06,01
2.21,0.3723307,1.72,0.6276693,0.0,06,01
2.66,0.36819208,1.52,0.6318079,0.0,06,01
1.57,0.69452655,2.52,0.3054734,1.0,06,01
1.36,0.5925349,3.31,0.40746507,1.0,06,01
1.77,0.59620315,2.13,0.4037969,0.0,06,01
1.78,0.5472539,2.12,0.45274603,1.0,06,01
2.09,0.47846115,1.79,0.52153885,0.0,06,01
1.68,0.6154057,2.28,0.3845944,1.0,06,01
1.65,0.38426843,2.32,0.61573154,1.0,06,01
1.62,0.49863872,2.39,0.5013613,0.0,06,01
2.29,0.47543818,1.67,0.5245618,0.0,06,01
1.91,0.5215031,1.95,0.4784969,1.0,06,01
1.51,0.651425,2.7,0.34857503,1.0,06,01
1.96,0.398334,1.9,0.60166603,0.0,06,02
2.12,0.5204677,1.77,0.47953227,0.0,06,02
1.81,0.41015655,2.06,0.5898434,0.0,06,02
1.58,0.55846727,2.49,0.44153273,1.0,06,02
1.96,0.42587623,1.9,0.57412374,0.0,06,02
1.88,0.5251083,1.98,0.4748917,1.0,06,02
1.97,0.5330073,1.89,0.46699262,1.0,06,02
1.83,0.6254946,2.05,0.37450546,1.0,06,02
1.75,0.40341341,2.15,0.59658664,1.0,06,02
1.55,0.65458226,2.57,0.34541768,1.0,06,02
2.18,0.50526005,1.74,0.49473995,0.0,06,02
1.93,0.5216553,1.92,0.47834468,1.0,06,02
1.82,0.5247094,2.05,0.47529057,0.0,06,02
1.53,0.5618497,2.63,0.43815026,0.0,06,02
2.08,0.47384155,1.8,0.5261585,0.0,06,02
1.58,0.6100875,2.49,0.38991252,1.0,06,03
2.24,0.35494977,1.7,0.64505017,0.0,06,03
2.19,0.45040223,1.76,0.5495978,1.0,06,03
2.11,0.48457795,1.77,0.51542205,0.0,06,03
2.66,0.40485048,1.53,0.5951496,0.0,06,04
1.39,0.63928604,3.15,0.36071393,1.0,06,04
2.72,0.32076892,1.5,0.6792311,1.0,06,04
1.77,0.5154271,2.12,0.48457292,1.0,06,04
3.2,0.34357396,1.39,0.656426,1.0,06,04
1.69,0.5638938,2.26,0.43610615,0.0,06,04
1.47,0.6515772,2.81,0.34842277,0.0,06,04
2.78,0.4229923,1.48,0.5770077,0.0,06,04
1.51,0.58554447,2.71,0.41445553,1.0,06,04
1.7,0.6331072,2.24,0.36689278,0.0,06,04
1.91,0.5443379,1.95,0.4556621,0.0,06,04
2.8,0.3849227,1.47,0.61507726,0.0,06,04
1.92,0.5634883,1.94,0.43651167,0.0,06,04
1.64,0.4972395,2.36,0.50276047,0.0,06,04
2.46,0.43224072,1.59,0.5677593,0.0,06,04
1.52,0.62148404,2.64,0.378516,1.0,06,05
2.48,0.4688484,1.58,0.5311516,1.0,06,05
1.99,0.47019202,1.87,0.5298079,0.0,06,05
2.15,0.441698,1.75,0.558302,1.0,06,05
2.7,0.29075888,1.5,0.7092411,1.0,06,05
2.06,0.47279742,1.82,0.52720255,1.0,06,05
2.71,0.36350206,1.5,0.636498,0.0,06,05
1.64,0.62104684,2.35,0.37895307,1.0,06,05
1.4,0.65251756,3.11,0.34748247,0.0,06,05
1.81,0.44039437,2.07,0.5596056,1.0,06,05
1.57,0.6572866,2.51,0.34271345,1.0,06,05
3.13,0.39767042,1.39,0.6023296,0.0,06,05
1.78,0.5794957,2.1,0.42050427,1.0,06,05
2.45,0.44310096,1.6,0.556899,1.0,06,05
1.58,0.6377165,2.5,0.36228356,1.0,06,06
2.01,0.4209597,1.86,0.5790403,1.0,06,06
2.59,0.38002935,1.54,0.6199707,0.0,06,06
2.19,0.48097113,1.72,0.5190288,0.0,06,06
1.68,0.62933415,2.27,0.3706658,1.0,06,06
1.57,0.62422997,2.52,0.37577003,1.0,06,06
1.52,0.5274785,2.66,0.4725215,0.0,06,06
2.68,0.3916432,1.51,0.6083567,0.0,06,06
1.83,0.48952058,2.03,0.51047945,0.0,06,06
2.82,0.27449033,1.47,0.72550964,0.0,06,06
1.52,0.6557045,2.64,0.3442955,1.0,06,06
1.8,0.5637119,2.08,0.43628815,0.0,06,06
1.89,0.49717218,1.97,0.5028278,1.0,06,06
1.82,0.5800271,2.06,0.419973,1.0,06,07
1.82,0.64364004,2.06,0.35635996,1.0,06,07
1.83,0.44218898,2.07,0.55781096,0.0,06,07
1.86,0.5060798,2.0,0.49392018,0.0,06,07
2.03,0.47689635,1.85,0.5231037,1.0,06,07
2.1,0.39863512,1.78,0.601365,0.0,06,07
2.57,0.39233407,1.55,0.6076659,0.0,06,07
1.52,0.61636853,2.7,0.38363147,0.0,06,07
1.91,0.62223047,1.95,0.37776956,0.0,06,07
1.28,0.70713377,3.95,0.29286623,1.0,06,07
1.39,0.62126905,3.21,0.37873095,1.0,06,07
1.86,0.5512973,2.02,0.4487027,1.0,06,07
1.54,0.5830489,2.6,0.41695106,0.0,06,07
2.03,0.5120347,1.85,0.48796532,1.0,06,07
3.11,0.39742038,1.4,0.6025796,1.0,06,07
1.64,0.4850452,2.38,0.51495475,0.0,06,08
2.18,0.6151783,1.78,0.38482174,1.0,06,08
2.27,0.53898954,1.68,0.46101043,0.0,06,08
2.15,0.40720963,1.75,0.59279037,0.0,06,08
1.72,0.62672246,2.21,0.37327754,1.0,06,08
2.11,0.43421564,1.77,0.56578434,1.0,06,08
2.96,0.36795914,1.44,0.63204086,1.0,06,08
2.35,0.4129182,1.64,0.58708173,0.0,06,08
1.42,0.6735095,3.01,0.3264905,0.0,06,08
1.57,0.59424853,2.52,0.40575147,1.0,06,08
1.64,0.5504127,2.38,0.4495873,1.0,06,08
1.95,0.5796315,1.93,0.42036846,1.0,06,08
1.81,0.58520967,2.08,0.41479042,1.0,06,08
2.81,0.39945814,1.47,0.6005418,0.0,06,08
2.18,0.597865,1.78,0.40213495,1.0,06,08
2.55,0.41173217,1.56,0.58826786,0.0,06,08
1.74,0.5672393,2.17,0.4327607,1.0,06,08
2.12,0.4717374,1.77,0.5282627,0.0,06,09
1.73,0.64065486,2.19,0.35934508,0.0,06,09
2.28,0.42417404,1.67,0.5758259,0.0,06,09
1.75,0.4831153,2.15,0.51688474,0.0,06,09
2.93,0.3498066,1.44,0.6501934,0.0,06,09
2.21,0.424106,1.71,0.57589394,0.0,06,09
1.61,0.6548691,2.43,0.3451309,1.0,06,09
1.5,0.68308544,2.73,0.31691456,1.0,06,09
1.51,0.5674126,2.68,0.43258733,1.0,06,09
1.75,0.57906955,2.15,0.42093042,0.0,06,09
2.76,0.54244107,1.49,0.45755896,0.0,06,09
1.64,0.56046903,2.35,0.43953106,0.0,06,09
2.38,0.41464216,1.63,0.5853578,0.0,06,09
2.36,0.41428405,1.64,0.585716,0.0,06,09
1.54,0.6529003,2.59,0.34709972,1.0,06,09
1.42,0.6088354,3.01,0.39116457,1.0,06,10
1.74,0.5964295,2.16,0.40357056,0.0,06,10
1.39,0.68442893,3.17,0.31557107,0.0,06,10
2.17,0.49675527,1.74,0.50324476,0.0,06,10
1.68,0.47164962,2.27,0.5283504,1.0,06,10
2.33,0.48764235,1.65,0.51235765,0.0,06,10
1.77,0.6479014,2.12,0.35209855,1.0,06,10
2.63,0.51506793,1.53,0.48493207,1.0,06,10
1.61,0.65696794,2.4,0.34303203,1.0,06,11
1.8,0.6013926,2.08,0.3986074,1.0,06,11
1.61,0.6727395,2.4,0.32726055,0.0,06,11
2.07,0.48104095,1.81,0.518959,1.0,06,11
1.7,0.59115726,2.23,0.40884274,1.0,06,11
1.54,0.6532379,2.6,0.34676212,0.0,06,11
2.33,0.4596049,1.65,0.5403951,0.0,06,11
1.64,0.5209797,2.35,0.47902033,0.0,06,11
1.67,0.5051541,2.29,0.49484596,1.0,06,11
2.6,0.4929138,1.54,0.5070862,1.0,06,11
1.85,0.633602,2.02,0.36639798,1.0,06,11
1.47,0.5775624,2.79,0.4224376,1.0,06,11
1.71,0.5579481,2.22,0.44205192,1.0,06,11
2.14,0.6035778,1.76,0.3964222,1.0,06,11
2.36,0.41663682,1.63,0.5833631,1.0,06,11
2.36,0.53150314,1.64,0.4684968,1.0,06,11
1.66,0.5540542,2.33,0.4459458,0.0,06,12
1.65,0.57888645,2.33,0.42111355,0.0,06,12
2.08,0.5139526,1.8,0.4860474,0.0,06,12
1.6,0.6494276,2.43,0.35057238,1.0,06,12
2.02,0.42957366,1.86,0.57042634,0.0,06,12
1.77,0.5841643,2.12,0.41583565,0.0,06,12
2.62,0.4658851,1.53,0.53411484,1.0,06,12
1.48,0.5727854,2.79,0.4272146,1.0,06,12
1.85,0.5735377,2.04,0.42646226,0.0,06,12
1.72,0.62248766,2.21,0.37751237,0.0,06,12
1.44,0.6138972,2.95,0.38610283,0.0,06,12
2.19,0.4440741,1.73,0.5559259,1.0,06,12
1.65,0.51630723,2.31,0.4836927,1.0,06,13
1.57,0.60579103,2.51,0.39420894,1.0,06,13
2.21,0.4403471,1.71,0.55965286,0.0,06,13
1.95,0.46181792,1.87,0.53818214,0.0,06,13
1.4,0.6969361,3.12,0.303064,1.0,06,13
1.66,0.5342706,2.33,0.4657294,0.0,06,13
2.19,0.4715323,1.72,0.52846766,1.0,06,13
2.45,0.45099926,1.6,0.54900074,1.0,06,13
1.66,0.58416003,2.33,0.41584,1.0,06,13
1.55,0.6955009,2.57,0.30449912,1.0,06,13
3.15,0.37421307,1.39,0.6257869,0.0,06,14
1.5,0.5781118,2.7,0.42188826,1.0,06,14
1.61,0.6662946,2.42,0.33370543,0.0,06,14
2.46,0.39613014,1.59,0.6038698,0.0,06,14
1.81,0.4653687,2.07,0.5346314,0.0,06,14
1.74,0.62514323,2.16,0.3748568,0.0,06,14
1.58,0.58170485,2.5,0.41829515,1.0,06,14
1.75,0.5720152,2.16,0.4279848,1.0,06,14
1.94,0.52971166,1.92,0.4702884,1.0,06,14
1.33,0.7034345,3.53,0.2965655,1.0,06,14
1.42,0.66261834,3.02,0.33738166,1.0,06,14
1.84,0.5547754,2.04,0.44522458,0.0,06,14
1.54,0.5911059,2.59,0.40889418,0.0,06,14
1.63,0.669931,2.38,0.33006904,1.0,06,14
2.31,0.40880218,1.67,0.5911978,1.0,06,14
1.48,0.5796786,2.78,0.42032135,0.0,06,15
3.67,0.3533856,1.31,0.6466143,0.0,06,15
1.84,0.45833117,2.03,0.5416688,1.0,06,15
1.44,0.58462554,2.91,0.4153745,0.0,06,15
1.43,0.6875207,2.98,0.31247932,1.0,06,15
3.01,0.40442872,1.43,0.5955713,0.0,06,15
1.87,0.46826982,2.0,0.5317302,1.0,06,15
2.62,0.46967426,1.53,0.5303258,0.0,06,15
1.8,0.6110337,2.09,0.38896632,0.0,06,15
1.41,0.68212634,3.08,0.3178736,1.0,06,15
1.69,0.67413604,2.26,0.3258639,1.0,06,15
1.91,0.48199221,1.95,0.51800776,0.0,06,15
1.57,0.63099027,2.52,0.36900973,1.0,06,15
1.49,0.6007715,2.77,0.39922857,1.0,06,15
1.53,0.6829122,2.61,0.31708783,0.0,06,15
1.55,0.66266894,2.56,0.3373311,1.0,06,16
2.35,0.41873252,1.64,0.5812675,0.0,06,16
2.52,0.42587772,1.57,0.57412225,0.0,06,16
2.18,0.4331636,1.73,0.56683636,0.0,06,16
2.07,0.6296226,1.8,0.37037745,0.0,06,16
1.73,0.5182719,2.18,0.48172814,1.0,06,16
1.6,0.56185716,2.44,0.43814293,1.0,06,16
1.67,0.5407208,2.29,0.45927918,1.0,06,16
2.75,0.41701287,1.49,0.5829871,0.0,06,16
1.44,0.6248358,2.92,0.3751642,0.0,06,16
1.5,0.5713365,2.71,0.4286635,0.0,06,16
1.63,0.5829307,2.36,0.41706935,0.0,06,16
2.41,0.416121,1.61,0.583879,0.0,06,16
1.62,0.5564997,2.39,0.44350025,0.0,06,16
1.56,0.6972812,2.54,0.30271876,1.0,06,16
1.74,0.5453742,2.17,0.45462582,1.0,06,17
2.37,0.4880628,1.63,0.5119372,0.0,06,17
1.9,0.54532975,1.99,0.45467022,1.0,06,17
1.77,0.64069194,2.15,0.359308,1.0,06,17
2.11,0.5719597,1.78,0.42804033,1.0,06,17
1.71,0.5177523,2.22,0.4822477,0.0,06,17
1.44,0.67817366,2.94,0.3218264,1.0,06,17
1.39,0.6283319,3.13,0.37166813,0.0,06,17
1.41,0.6420243,3.07,0.35797572,1.0,06,17
1.82,0.49010596,2.06,0.509894,1.0,06,17
1.81,0.55999243,2.07,0.44000757,0.0,06,17
1.63,0.52905893,2.43,0.47094104,1.0,06,18
1.64,0.52261657,2.36,0.4773835,0.0,06,18
2.17,0.49858406,1.74,0.5014159,0.0,06,18
2.57,0.45447168,1.55,0.5455283,1.0,06,18
2.01,0.5602153,1.87,0.4397847,0.0,06,18
1.48,0.6969028,2.82,0.30309716,0.0,06,18
2.03,0.58245146,1.83,0.4175486,0.0,06,18
2.06,0.47583985,1.81,0.52416015,1.0,06,18
1.37,0.64877737,3.29,0.35122266,0.0,06,18
1.64,0.5603582,2.34,0.43964177,0.0,06,18
1.45,0.6346539,2.89,0.36534604,1.0,06,18
1.37,0.6699442,3.23,0.33005577,1.0,06,18
2.42,0.4708831,1.61,0.5291169,1.0,06,18
1.67,0.55464727,2.28,0.44535273,0.0,06,18
2.74,0.44514528,1.49,0.55485475,1.0,06,19
2.1,0.4659541,1.79,0.53404593,1.0,06,19
1.61,0.5649308,2.38,0.43506923,1.0,06,19
1.33,0.6276936,3.52,0.37230644,1.0,06,19
2.04,0.48083895,1.83,0.5191611,1.0,06,19
1.79,0.5462626,2.09,0.45373738,1.0,06,19
1.48,0.5828757,2.77,0.41712427,1.0,06,19
1.61,0.6335667,2.38,0.3664333,1.0,06,19
2.67,0.45946553,1.51,0.5405345,0.0,06,19
1.67,0.6140128,2.29,0.38598722,1.0,06,19
1.71,0.6414406,2.21,0.3585594,1.0,06,19
2.06,0.5788804,1.82,0.42111957,0.0,06,19
1.87,0.50467014,1.99,0.4953299,0.0,06,19
1.55,0.6383774,2.55,0.3616226,1.0,06,19
1.64,0.55436116,2.34,0.44563884,0.0,06,19
1.42,0.6816731,3.02,0.31832686,1.0,06,19
2.03,0.58981586,1.84,0.41018412,1.0,06,20
1.57,0.5476892,2.5,0.45231086,0.0,06,20
1.72,0.54077786,2.19,0.45922214,1.0,06,20
1.96,0.51304823,1.9,0.48695183,1.0,06,20
2.29,0.47664735,1.67,0.5233527,1.0,06,20
1.53,0.6049574,2.61,0.39504263,0.0,06,20
1.67,0.5459065,2.3,0.45409343,0.0,06,20
1.65,0.678364,2.33,0.32163602,1.0,06,20
2.68,0.44165567,1.51,0.55834436,1.0,06,20
1.9,0.44602695,1.96,0.55397296,1.0,06,20
1.57,0.63033843,2.52,0.3696616,1.0,06,20
1.69,0.54213244,2.26,0.45786753,1.0,06,20
1.56,0.65018606,2.56,0.34981397,0.0,06,21
1.62,0.54125446,2.38,0.45874554,1.0,06,21
1.38,0.6080744,3.23,0.39192554,0.0,06,21
1.9,0.5124302,1.96,0.48756987,1.0,06,21
1.69,0.518102,2.25,0.481898,1.0,06,21
1.33,0.61238915,3.55,0.38761085,1.0,06,21
1.51,0.5930382,2.67,0.40696186,1.0,06,21
1.98,0.5555447,1.88,0.44445536,1.0,06,21
1.7,0.6075987,2.24,0.3924012,0.0,06,21
1.81,0.548062,2.07,0.45193794,0.0,06,21
2.41,0.4770339,1.62,0.5229661,0.0,06,21
1.68,0.5190442,2.26,0.48095575,0.0,06,21
1.89,0.45244455,1.97,0.5475555,0.0,06,21
1.5,0.6652289,2.72,0.33477107,1.0,06,21
1.54,0.5582865,2.58,0.44171354,1.0,06,21
2.48,0.43761465,1.58,0.5623853,0.0,06,22
1.76,0.5794184,2.14,0.42058164,1.0,06,22
1.75,0.62479687,2.15,0.37520313,0.0,06,22
1.55,0.5491313,2.57,0.4508687,0.0,06,22
1.49,0.57222104,2.75,0.427779,0.0,06,22
2.0,0.47646332,1.86,0.52353674,1.0,06,22
1.92,0.4573277,1.94,0.54267234,1.0,06,22
1.52,0.55569834,2.64,0.4443016,1.0,06,22
1.81,0.5426937,2.07,0.4573063,1.0,06,22
1.54,0.5041167,2.58,0.49588332,0.0,06,22
1.38,0.6935466,3.19,0.30645335,1.0,06,22
1.63,0.51851434,2.42,0.4814857,1.0,06,22
1.9,0.4617623,1.96,0.53823763,0.0,06,22
1.54,0.66617745,2.6,0.33382252,1.0,06,22
1.79,0.52481455,2.1,0.47518548,0.0,06,22
1.51,0.5722333,2.67,0.42776668,1.0,06,23
1.56,0.5465313,2.54,0.45346868,0.0,06,23
1.62,0.5610125,2.4,0.4389875,0.0,06,23
2.19,0.4687017,1.72,0.5312983,1.0,06,23
2.29,0.4436644,1.68,0.5563356,0.0,06,23
2.12,0.4530979,1.77,0.5469021,0.0,06,23
1.51,0.5848669,2.66,0.41513315,1.0,06,23
2.29,0.45039874,1.66,0.54960126,1.0,06,23
1.95,0.6248983,1.91,0.3751017,1.0,06,23
1.78,0.6218377,2.1,0.37816235,1.0,06,23
1.76,0.45960224,2.14,0.54039776,0.0,06,23
1.69,0.5397818,2.26,0.46021816,1.0,06,23
1.38,0.62238634,3.19,0.37761357,1.0,06,23
1.57,0.52050817,2.52,0.47949183,1.0,06,23
1.69,0.559218,2.26,0.44078204,0.0,06,23
1.37,0.5906579,3.28,0.40934217,1.0,06,24
1.75,0.61408865,2.15,0.38591138,1.0,06,24
1.57,0.5635709,2.52,0.43642908,1.0,06,24
1.5,0.55166143,2.7,0.44833854,1.0,06,24
1.75,0.55245847,2.16,0.44754148,1.0,06,24
2.12,0.503094,1.77,0.49690595,1.0,06,24
2.04,0.44079337,1.83,0.5592066,0.0,06,24
2.27,0.45870817,1.68,0.5412918,0.0,06,25
2.58,0.39485875,1.54,0.6051413,0.0,06,25
1.33,0.57876587,3.51,0.42123413,1.0,06,25
1.63,0.6278678,2.36,0.3721322,1.0,06,25
1.34,0.60325277,3.43,0.39674723,1.0,06,25
1.39,0.55631435,3.19,0.4436857,0.0,06,25
3.0,0.41527623,1.43,0.58472383,0.0,06,25
1.93,0.53231907,1.93,0.4676809,0.0,06,25
1.33,0.56157404,3.53,0.43842593,1.0,06,25
1.57,0.53642976,2.53,0.4635703,0.0,06,25
1.95,0.47369686,1.91,0.5263032,1.0,06,25
1.62,0.5527743,2.41,0.44722563,0.0,06,25
1.9,0.46764395,1.99,0.5323561,0.0,06,25
1.68,0.5233117,2.32,0.47668836,1.0,06,25
1.69,0.5434681,2.25,0.45653188,1.0,06,25
1.27,0.57849413,3.99,0.42150587,0.0,06,26
1.38,0.57434285,3.18,0.42565712,1.0,06,26
1.44,0.5910552,2.93,0.40894476,1.0,06,26
2.07,0.4096857,1.81,0.59031427,0.0,06,26
2.35,0.4587285,1.64,0.5412715,1.0,06,26
2.29,0.4354683,1.67,0.5645318,0.0,06,26
1.65,0.59488356,2.32,0.40511647,1.0,06,26
1.98,0.43143716,1.89,0.56856287,0.0,06,26
2.32,0.44464102,1.65,0.555359,0.0,06,26
1.68,0.5525235,2.26,0.44747657,0.0,06,26
1.47,0.5385248,2.84,0.46147525,0.0,06,26
1.77,0.5518501,2.12,0.44814995,0.0,06,26
1.83,0.52382374,2.04,0.47617623,1.0,06,26
1.42,0.5351988,3.04,0.4648012,0.0,06,26
2.0,0.46443766,1.86,0.53556234,1.0,06,26
1.73,0.5827491,2.18,0.41725084,1.0,06,27
2.03,0.48947775,1.84,0.51052225,0.0,06,27
1.89,0.45948726,1.98,0.54051274,0.0,06,27
1.49,0.5549005,2.74,0.44509947,0.0,06,27
1.51,0.553578,2.68,0.44642198,1.0,06,27
1.9,0.55591655,1.96,0.44408348,1.0,06,27
2.7,0.44434357,1.5,0.55565643,0.0,06,27
2.88,0.4651571,1.45,0.53484285,0.0,06,27
1.93,0.4177935,1.93,0.5822065,0.0,06,27
1.62,0.539581,2.38,0.46041897,1.0,06,27
2.77,0.40098208,1.48,0.59901786,1.0,06,28
1.76,0.5054863,2.14,0.4945137,1.0,06,28
2.08,0.5178047,1.81,0.48219526,1.0,06,28
2.46,0.43829107,1.59,0.5617089,0.0,06,28
2.25,0.46161956,1.69,0.53838044,1.0,06,28
1.72,0.50815195,2.22,0.4918481,0.0,06,28
1.76,0.5444625,2.14,0.4555375,0.0,06,28
1.65,0.5287769,2.33,0.47122312,0.0,06,28
2.61,0.41687268,1.54,0.5831273,1.0,06,28
1.43,0.58224267,3.0,0.41775736,1.0,06,28
2.69,0.50937915,1.51,0.49062076,1.0,06,28
1.72,0.4810162,2.19,0.51898384,0.0,06,28
1.75,0.52163607,2.15,0.47836393,1.0,06,28
2.12,0.417363,1.78,0.5826371,1.0,06,28
2.25,0.4234339,1.69,0.5765661,0.0,06,29
2.57,0.4085908,1.55,0.59140927,1.0,06,29
1.53,0.5156742,2.63,0.4843259,1.0,06,29
1.79,0.53378636,2.1,0.46621364,0.0,06,29
2.72,0.45140377,1.5,0.5485962,1.0,06,29
2.2,0.4490314,1.72,0.5509686,1.0,06,29
1.97,0.46706644,1.89,0.5329336,0.0,06,29
1.5,0.55817467,2.69,0.44182533,1.0,06,29
2.28,0.4185042,1.67,0.58149576,0.0,06,29
2.37,0.54600245,1.63,0.45399752,1.0,06,29
1.31,0.6155068,3.69,0.38449323,1.0,06,29
1.48,0.56299007,2.81,0.43700993,1.0,06,29
2.33,0.392296,1.65,0.6077039,0.0,06,29
1.69,0.52904165,2.26,0.47095838,0.0,06,29
1.8,0.52226067,2.08,0.4777393,1.0,06,29
1.9,0.4611592,1.97,0.53884083,0.0,06,30
3.2,0.38344064,1.38,0.6165593,0.0,06,30
1.81,0.44206232,2.07,0.5579376,0.0,06,30
2.01,0.5332499,1.85,0.46675012,1.0,06,30
3.7,0.40155992,1.3,0.59844005,0.0,06,30
2.19,0.43035126,1.72,0.5696488,0.0,06,30
1.47,0.5789674,2.81,0.42103255,1.0,06,30
1.91,0.4901518,1.96,0.5098482,1.0,06,30
1.35,0.577498,3.34,0.42250198,1.0,06,30
1.6,0.5558581,2.42,0.44414192,1.0,06,30
2.35,0.49948508,1.64,0.5005149,0.0,06,30
1.99,0.4314723,1.87,0.5685277,1.0,06,30
1.71,0.5063261,2.22,0.49367392,0.0,06,30
1.8,0.510717,2.08,0.48928306,0.0,06,30
1.92,0.5276279,1.93,0.47237208,1.0,06,30
1.66,0.4999677,2.3,0.5000323,1.0,07,01
2.1,0.57600915,1.78,0.42399085,1.0,07,01
1.96,0.5333267,1.9,0.4666733,0.0,07,01
1.35,0.5983825,3.37,0.4016175,1.0,07,01
1.59,0.54450667,2.47,0.45549333,0.0,07,01
2.09,0.50117576,1.79,0.4988242,1.0,07,02
1.47,0.6018418,2.83,0.3981582,1.0,07,02
2.38,0.3821698,1.6,0.6178302,0.0,07,02
1.9,0.54603267,1.96,0.4539673,1.0,07,02
2.18,0.50586915,1.73,0.49413085,1.0,07,02
1.32,0.656741,3.57,0.34325898,1.0,07,02
1.9,0.5253578,1.96,0.47464222,0.0,07,02
1.74,0.6147496,2.18,0.38525033,0.0,07,02
1.78,0.5915505,2.12,0.4084495,0.0,07,02
2.53,0.41039228,1.56,0.5896077,0.0,07,02
1.98,0.49536467,1.88,0.50463533,1.0,07,02
1.42,0.6294863,3.02,0.37051362,1.0,07,02
1.64,0.5429519,2.35,0.45704812,0.0,07,02
2.29,0.49175224,1.67,0.5082477,1.0,07,02
1.64,0.57390016,2.34,0.42609987,1.0,07,03
1.35,0.598763,3.37,0.4012371,1.0,07,03
2.21,0.49942493,1.71,0.5005751,0.0,07,03
2.01,0.5037519,1.85,0.49624816,1.0,07,03
3.18,0.38450652,1.4,0.6154935,1.0,07,03
1.69,0.56178796,2.27,0.43821207,1.0,07,03
1.47,0.50650746,2.82,0.4934926,0.0,07,03
1.7,0.5655071,2.24,0.43449295,1.0,07,03
1.99,0.5295998,1.87,0.4704002,0.0,07,03
1.64,0.5684489,2.34,0.4315512,1.0,07,03
2.19,0.49868014,1.73,0.5013198,0.0,07,03
2.28,0.4284314,1.68,0.57156867,0.0,07,03
1.92,0.521192,1.94,0.47880805,0.0,07,03
1.68,0.50314415,2.27,0.49685585,0.0,07,03
1.44,0.63944286,2.91,0.36055717,1.0,07,03
2.02,0.45799786,1.85,0.54200214,0.0,07,03
1.53,0.5638265,2.63,0.43617347,1.0,07,04
2.12,0.4690056,1.77,0.5309944,0.0,07,04
1.91,0.50936174,1.95,0.4906383,0.0,07,04
2.0,0.54412144,1.86,0.45587856,1.0,07,04
2.05,0.4798118,1.82,0.5201882,0.0,07,04
2.17,0.47741315,1.74,0.5225868,1.0,07,04
1.97,0.47111946,1.9,0.5288805,0.0,07,04
1.94,0.46485046,1.92,0.5351496,0.0,07,04
1.6,0.61045945,2.44,0.38954055,1.0,07,04
2.1,0.43957704,1.78,0.56042296,0.0,07,04
1.85,0.57374424,2.02,0.42625573,1.0,07,04
1.45,0.68511236,2.9,0.31488764,1.0,07,04
1.94,0.47302732,1.92,0.52697265,0.0,07,05
1.47,0.5926962,2.73,0.40730384,0.0,07,05
1.69,0.53288555,2.24,0.46711445,0.0,07,05
3.04,0.34146416,1.41,0.6585358,0.0,07,05
1.48,0.6573692,2.79,0.34263086,0.0,07,05
1.92,0.43479866,1.95,0.56520134,0.0,07,05
1.52,0.564105,2.66,0.43589506,1.0,07,05
1.42,0.6609971,3.02,0.33900288,0.0,07,05
1.54,0.61177796,2.58,0.38822204,1.0,07,05
1.63,0.5531224,2.39,0.44687757,1.0,07,05
1.51,0.6820878,2.69,0.31791225,0.0,07,05
2.26,0.43688095,1.68,0.56311905,0.0,07,05
1.83,0.4819972,2.04,0.5180028,0.0,07,05
1.64,0.6319801,2.36,0.3680199,1.0,07,06
1.68,0.5301024,2.26,0.46989763,0.0,07,06
2.14,0.5473129,1.76,0.45268714,1.0,07,06
1.24,0.69070506,4.3,0.30929497,1.0,07,06
1.46,0.53078485,2.86,0.46921515,0.0,07,06
2.11,0.51471996,1.77,0.48528004,0.0,07,06
2.54,0.36479357,1.56,0.6352064,0.0,07,06
1.69,0.49691373,2.25,0.50308627,1.0,07,06
2.09,0.5604951,1.8,0.43950498,0.0,07,06
1.42,0.65150803,3.06,0.348492,1.0,07,06
1.73,0.6319607,2.2,0.36803937,1.0,07,06
1.81,0.50552285,2.07,0.49447715,1.0,07,06
1.91,0.4959073,1.96,0.5040927,1.0,07,06
1.57,0.6627737,2.5,0.3372262,0.0,07,06
2.26,0.47060338,1.69,0.52939665,1.0,07,06
1.52,0.6017519,2.65,0.3982481,1.0,07,07
2.11,0.51678765,1.78,0.4832123,0.0,07,07
3.44,0.34246328,1.34,0.6575366,0.0,07,07
2.0,0.56961155,1.86,0.4303884,0.0,07,07
1.81,0.5081401,2.07,0.49185997,1.0,07,07
1.43,0.5816744,2.96,0.41832563,1.0,07,07
1.84,0.52622056,2.03,0.4737794,1.0,07,07
1.4,0.6561611,3.12,0.3438389,1.0,07,07
2.63,0.50570446,1.53,0.49429557,1.0,07,07
1.58,0.6243132,2.49,0.3756868,1.0,07,07
1.52,0.63670343,2.67,0.36329654,0.0,07,07
2.03,0.49855694,1.84,0.501443,1.0,07,07
2.27,0.45460096,1.68,0.545399,1.0,07,07
1.6,0.6565271,2.42,0.34347293,0.0,07,07
2.16,0.45989138,1.75,0.54010856,0.0,07,07
2.19,0.6132797,1.74,0.3867203,1.0,07,11
1.58,0.6345952,2.48,0.3654048,1.0,07,12
2.23,0.5212693,1.7,0.47873074,0.0,07,12
2.44,0.3895761,1.6,0.61042386,0.0,07,12
1.34,0.6903306,3.44,0.30966938,1.0,07,12
1.84,0.55874527,2.03,0.44125473,1.0,07,12
1.68,0.56268173,2.27,0.43731824,0.0,07,12
2.0,0.5060865,1.88,0.4939135,1.0,07,12
2.82,0.47090164,1.48,0.5290984,1.0,07,12
1.56,0.6093281,2.55,0.3906719,0.0,07,12
1.73,0.5549575,2.19,0.4450425,1.0,07,12
1.82,0.52442485,2.06,0.47557515,0.0,07,12
1.72,0.6198077,2.2,0.3801923,1.0,07,12
1.6,0.54519445,2.43,0.45480558,1.0,07,12
1.5,0.6772361,2.71,0.32276386,1.0,07,12
1.9,0.46797934,1.95,0.53202075,0.0,07,12
3.02,0.40444568,1.42,0.59555435,1.0,07,13
1.36,0.6865089,3.32,0.3134911,0.0,07,13
1.53,0.6460847,2.62,0.35391527,1.0,07,13
1.46,0.6635603,2.86,0.3364397,1.0,07,13
2.25,0.47018516,1.7,0.52981484,0.0,07,13
3.02,0.38408455,1.42,0.6159154,0.0,07,13
1.68,0.54155827,2.27,0.45844173,0.0,07,13
1.61,0.6038166,2.44,0.39618334,0.0,07,13
1.96,0.5554184,1.91,0.44458163,1.0,07,13
1.79,0.58915544,2.1,0.41084453,1.0,07,13
1.84,0.603649,2.03,0.39635098,0.0,07,13
1.72,0.5317662,2.2,0.4682338,1.0,07,13
2.25,0.5445118,1.7,0.4554882,0.0,07,13
1.87,0.58319926,1.99,0.41680077,0.0,07,13
1.85,0.46878314,2.02,0.53121686,0.0,07,13
1.6,0.54523456,2.42,0.4547655,1.0,07,13
2.87,0.38750726,1.45,0.6124928,0.0,07,14
1.46,0.66785485,2.84,0.33214512,1.0,07,14
1.86,0.58158016,2.0,0.4184198,1.0,07,14
1.68,0.54288244,2.27,0.45711756,1.0,07,14
3.0,0.4406855,1.42,0.5593144,0.0,07,14
1.53,0.6044182,2.61,0.3955818,0.0,07,14
1.69,0.5239945,2.25,0.47600555,0.0,07,14
2.0,0.47578314,1.86,0.5242169,1.0,07,14
1.55,0.61170876,2.56,0.38829127,1.0,07,14
2.84,0.45582855,1.46,0.54417145,0.0,07,14
1.89,0.6051822,1.97,0.39481783,1.0,07,14
1.54,0.56146836,2.6,0.4385316,1.0,07,14
1.51,0.6684506,2.67,0.33154935,1.0,07,14
2.32,0.43987006,1.65,0.5601299,0.0,07,14
1.9,0.54473287,1.96,0.4552671,0.0,07,14
1.61,0.5771748,2.48,0.42282522,0.0,07,15
2.57,0.5576949,1.55,0.4423051,0.0,07,15
1.65,0.5620587,2.33,0.43794137,0.0,07,15
1.55,0.572575,2.56,0.427425,1.0,07,15
1.47,0.6050307,2.82,0.39496928,1.0,07,15
1.67,0.64803576,2.28,0.35196427,0.0,07,15
1.9,0.512504,1.99,0.48749602,0.0,07,15
2.11,0.5081499,1.78,0.49185008,1.0,07,15
1.71,0.5370458,2.23,0.46295416,1.0,07,15
1.61,0.5410024,2.48,0.45899758,0.0,07,15
2.12,0.5133106,1.77,0.4866894,1.0,07,15
2.6,0.41853455,1.54,0.5814655,0.0,07,16
1.68,0.59226376,2.27,0.40773627,1.0,07,16
2.71,0.5383879,1.5,0.46161205,1.0,07,16
1.51,0.56617576,2.67,0.4338242,0.0,07,16
1.4,0.6420266,3.12,0.3579734,1.0,07,16
2.01,0.49029407,1.88,0.5097059,1.0,07,16
1.78,0.6449977,2.11,0.35500228,1.0,07,16
1.66,0.5751366,2.35,0.42486334,0.0,07,16
1.58,0.5808546,2.51,0.4191454,1.0,07,16
1.58,0.6527802,2.48,0.34721977,0.0,07,16
2.03,0.5047087,1.84,0.49529132,1.0,07,16
1.56,0.5440009,2.54,0.45599908,0.0,07,16
1.71,0.5640179,2.22,0.43598214,0.0,07,16
2.1,0.5286371,1.78,0.4713629,1.0,07,16
1.58,0.5534769,2.49,0.44652304,1.0,07,16
1.52,0.6019132,2.65,0.39808676,0.0,07,17
1.71,0.59387404,2.21,0.40612596,1.0,07,17
1.92,0.5471181,1.94,0.4528819,1.0,07,17
1.78,0.62042904,2.11,0.37957087,1.0,07,17
1.46,0.57191354,2.83,0.42808652,0.0,07,17
1.49,0.5806272,2.74,0.41937283,1.0,07,17
2.55,0.45420343,1.55,0.5457966,1.0,07,17
2.44,0.54731786,1.6,0.45268214,0.0,07,17
1.38,0.59804803,3.2,0.40195194,1.0,07,17
1.32,0.61247313,3.63,0.38752687,1.0,07,17
2.46,0.44163305,1.59,0.55836695,0.0,07,17
2.13,0.4928791,1.76,0.50712097,0.0,07,17
1.76,0.54053026,2.13,0.45946974,1.0,07,17
2.83,0.46053746,1.46,0.53946245,0.0,07,17
2.13,0.47575292,1.76,0.5242471,1.0,07,18
1.9,0.60294133,1.96,0.39705873,1.0,07,18
1.35,0.6167201,3.4,0.3832799,1.0,07,18
1.62,0.5573935,2.4,0.44260654,1.0,07,18
1.6,0.5696375,2.4,0.43036252,1.0,07,18
1.84,0.5606177,2.03,0.43938228,0.0,07,18
1.45,0.5755214,2.86,0.42447856,1.0,07,18
2.33,0.51998043,1.65,0.48001957,0.0,07,18
1.6,0.5442533,2.4,0.4557467,1.0,07,18
1.76,0.52602535,2.13,0.47397462,1.0,07,18
2.33,0.487367,1.65,0.512633,0.0,07,18
1.96,0.5434665,1.91,0.45653352,0.0,07,18
1.8,0.54595774,2.04,0.4540423,1.0,07,18
1.59,0.61938196,2.47,0.38061804,1.0,07,19
2.89,0.389225,1.45,0.61077505,1.0,07,19
1.43,0.64759606,2.96,0.35240403,1.0,07,19
1.86,0.5253208,2.01,0.47467914,0.0,07,19
1.93,0.5313819,1.94,0.46861807,0.0,07,19
1.36,0.5938742,3.41,0.40612578,1.0,07,19
2.4,0.39527658,1.62,0.60472345,0.0,07,19
1.43,0.57638824,2.98,0.42361173,0.0,07,19
1.98,0.5381626,1.89,0.46183744,1.0,07,19
1.45,0.67892903,2.89,0.32107097,1.0,07,19
1.74,0.5293236,2.16,0.47067642,0.0,07,19
2.11,0.5194349,1.79,0.48056507,1.0,07,19
1.29,0.70625424,3.8,0.2937458,1.0,07,19
2.05,0.44386584,1.82,0.55613416,1.0,07,19
2.42,0.4962183,1.62,0.50378174,1.0,07,19
1.38,0.6740376,3.22,0.3259624,1.0,07,20
1.73,0.5924574,2.19,0.40754262,1.0,07,20
1.66,0.5711097,2.32,0.42889032,0.0,07,20
2.08,0.42337662,1.8,0.57662344,0.0,07,20
1.61,0.5497826,2.44,0.45021737,0.0,07,20
2.87,0.38656646,1.45,0.61343354,0.0,07,20
1.75,0.56968206,2.15,0.43031797,1.0,07,20
1.71,0.57738465,2.22,0.42261535,1.0,07,20
1.57,0.52126575,2.51,0.4787342,0.0,07,20
1.52,0.66424006,2.66,0.3357599,1.0,07,20
1.69,0.53883845,2.25,0.46116155,0.0,07,20
1.6,0.55372447,2.44,0.4462756,0.0,07,20
1.72,0.5684819,2.27,0.43151805,0.0,07,20
1.31,0.6882862,3.63,0.31171384,1.0,07,20
2.24,0.4475771,1.71,0.552423,0.0,07,20
2.82,0.3862309,1.47,0.6137691,1.0,07,21
1.49,0.6031348,2.75,0.3968651,0.0,07,21
1.89,0.5391764,1.96,0.46082357,0.0,07,21
1.46,0.5773957,2.83,0.42260435,1.0,07,21
2.06,0.45136985,1.82,0.5486302,1.0,07,21
1.36,0.61684835,3.3,0.38315162,1.0,07,21
1.77,0.5490325,2.13,0.45096752,0.0,07,21
1.7,0.62523454,2.23,0.37476552,1.0,07,21
1.73,0.5402791,2.18,0.45972094,1.0,07,21
1.54,0.5943008,2.59,0.40569925,0.0,07,21
1.91,0.5419749,1.96,0.45802513,1.0,07,21
2.11,0.51556057,1.77,0.48443946,0.0,07,21
1.31,0.63991743,3.67,0.36008257,1.0,07,21
2.18,0.4752306,1.73,0.5247694,0.0,07,21
1.59,0.5444683,2.47,0.45553166,1.0,07,21
2.12,0.41232556,1.78,0.58767444,0.0,07,22
1.94,0.53753555,1.93,0.4624644,0.0,07,22
2.59,0.4374838,1.54,0.5625162,0.0,07,22
1.89,0.5441839,1.99,0.4558161,1.0,07,22
1.4,0.6319719,3.13,0.3680281,1.0,07,22
1.87,0.575944,2.0,0.424056,0.0,07,22
2.01,0.48561203,1.85,0.5143879,1.0,07,22
1.41,0.58287317,3.06,0.41712683,1.0,07,22
1.95,0.50231403,1.91,0.49768594,1.0,07,22
1.78,0.5627647,2.11,0.43723524,1.0,07,22
1.75,0.5432185,2.16,0.45678145,0.0,07,23
1.42,0.58889997,3.01,0.4111,1.0,07,23
2.47,0.44494048,1.59,0.55505955,1.0,07,23
2.24,0.43066373,1.69,0.5693363,0.0,07,23
2.2,0.5282668,1.74,0.47173327,1.0,07,23
2.33,0.43445206,1.65,0.56554794,0.0,07,23
1.42,0.5816466,3.04,0.41835332,0.0,07,23
2.07,0.51146877,1.81,0.48853132,0.0,07,23
1.6,0.5499771,2.44,0.45002288,0.0,07,23
1.65,0.5863605,2.34,0.41363958,0.0,07,23
2.02,0.47698933,1.85,0.5230107,0.0,07,23
1.55,0.5591064,2.57,0.44089362,0.0,07,23
1.95,0.4999655,1.92,0.5000346,1.0,07,23
1.48,0.6322876,2.78,0.36771232,0.0,07,23
1.8,0.53236383,2.1,0.4676361,0.0,07,23
